station_id,station_name,latitude,longitude,station_type,network,coordinate_source,pretraining_value_source,operational_value_source,enabled,profile_land_only,profile_sea_only,profile_dpc_plus_sea,dist_to_coast_km,notes
LEGACY::PUG_latest::PUG_SANTA_MARIA_DI_LEUCA,Puglia Virtual - Santa Maria di Leuca,39.8,18.36,legacy_virtual_coastal,ARPA_PUGLIA_VIRTUAL,PUG_latest.csv,disabled,unverified,False,False,False,False,,Retained for provenance only; excluded from every training profile.
LEGACY::PUG_latest::PUG_CASTRO,Puglia Virtual - Castro,40.0,18.43,legacy_virtual_coastal,ARPA_PUGLIA_VIRTUAL,PUG_latest.csv,disabled,unverified,False,False,False,False,,Retained for provenance only; excluded from every training profile.
LEGACY::PUG_latest::PUG_SANTA_CESAREA_TERME,Puglia Virtual - Santa Cesarea Terme,40.03,18.46,legacy_virtual_coastal,ARPA_PUGLIA_VIRTUAL,PUG_latest.csv,disabled,unverified,False,False,False,False,,Retained for provenance only; excluded from every training profile.
LEGACY::PUG_latest::PUG_OTRANTO,Puglia Virtual - Otranto,40.14,18.49,legacy_virtual_coastal,ARPA_PUGLIA_VIRTUAL,PUG_latest.csv,disabled,unverified,False,False,False,False,,Retained for provenance only; excluded from every training profile.
LEGACY::PUG_latest::PUG_TORRE_DELL_ORSO,Puglia Virtual - Torre dell Orso,40.27,18.42,legacy_virtual_coastal,ARPA_PUGLIA_VIRTUAL,PUG_latest.csv,disabled,unverified,False,False,False,False,,Retained for provenance only; excluded from every training profile.
LEGACY::PUG_latest::PUG_SAN_CATALDO_LECCE,Puglia Virtual - San Cataldo Lecce,40.38,18.3,legacy_virtual_coastal,ARPA_PUGLIA_VIRTUAL,PUG_latest.csv,disabled,unverified,False,False,False,False,,Retained for provenance only; excluded from every training profile.
LEGACY::PUG_latest::PUG_CASALABATE,Puglia Virtual - Casalabate,40.51,18.12,legacy_virtual_coastal,ARPA_PUGLIA_VIRTUAL,PUG_latest.csv,disabled,unverified,False,False,False,False,,Retained for provenance only; excluded from every training profile.
LEGACY::PUG_latest::PUG_TORRE_SAN_GENNARO,Puglia Virtual - Torre San Gennaro,40.54,18.06,legacy_virtual_coastal,ARPA_PUGLIA_VIRTUAL,PUG_latest.csv,disabled,unverified,False,False,False,False,,Retained for provenance only; excluded from every training profile.
LEGACY::PUG_latest::PUG_BRINDISI,Puglia Virtual - Brindisi,40.63,17.94,legacy_virtual_coastal,ARPA_PUGLIA_VIRTUAL,PUG_latest.csv,disabled,unverified,False,False,False,False,,Retained for provenance only; excluded from every training profile.
LEGACY::PUG_latest::PUG_TORRE_GUACETO,Puglia Virtual - Torre Guaceto,40.71,17.66,legacy_virtual_coastal,ARPA_PUGLIA_VIRTUAL,PUG_latest.csv,disabled,unverified,False,False,False,False,,Retained for provenance only; excluded from every training profile.
LEGACY::PUG_latest::PUG_ROSA_MARINA,Puglia Virtual - Rosa Marina,40.78,17.58,legacy_virtual_coastal,ARPA_PUGLIA_VIRTUAL,PUG_latest.csv,disabled,unverified,False,False,False,False,,Retained for provenance only; excluded from every training profile.
LEGACY::PUG_latest::PUG_TORRE_CANNE,Puglia Virtual - Torre Canne,40.84,17.47,legacy_virtual_coastal,ARPA_PUGLIA_VIRTUAL,PUG_latest.csv,disabled,unverified,False,False,False,False,,Retained for provenance only; excluded from every training profile.
LEGACY::PUG_latest::PUG_MONOPOLI,Puglia Virtual - Monopoli,40.95,17.3,legacy_virtual_coastal,ARPA_PUGLIA_VIRTUAL,PUG_latest.csv,disabled,unverified,False,False,False,False,,Retained for provenance only; excluded from every training profile.
LEGACY::PUG_latest::PUG_POLIGNANO_A_MARE,Puglia Virtual - Polignano a Mare,40.99,17.22,legacy_virtual_coastal,ARPA_PUGLIA_VIRTUAL,PUG_latest.csv,disabled,unverified,False,False,False,False,,Retained for provenance only; excluded from every training profile.
LEGACY::PUG_latest::PUG_MOLA_DI_BARI,Puglia Virtual - Mola di Bari,41.06,17.08,legacy_virtual_coastal,ARPA_PUGLIA_VIRTUAL,PUG_latest.csv,disabled,unverified,False,False,False,False,,Retained for provenance only; excluded from every training profile.
LEGACY::PUG_latest::PUG_BARI,Puglia Virtual - Bari,41.12,16.87,legacy_virtual_coastal,ARPA_PUGLIA_VIRTUAL,PUG_latest.csv,disabled,unverified,False,False,False,False,,Retained for provenance only; excluded from every training profile.
LEGACY::PUG_latest::PUG_GIOVINAZZO,Puglia Virtual - Giovinazzo,41.18,16.67,legacy_virtual_coastal,ARPA_PUGLIA_VIRTUAL,PUG_latest.csv,disabled,unverified,False,False,False,False,,Retained for provenance only; excluded from every training profile.
LEGACY::PUG_latest::PUG_MOLFETTA,Puglia Virtual - Molfetta,41.2,16.59,legacy_virtual_coastal,ARPA_PUGLIA_VIRTUAL,PUG_latest.csv,disabled,unverified,False,False,False,False,,Retained for provenance only; excluded from every training profile.
LEGACY::PUG_latest::PUG_BISCEGLIE,Puglia Virtual - Bisceglie,41.24,16.5,legacy_virtual_coastal,ARPA_PUGLIA_VIRTUAL,PUG_latest.csv,disabled,unverified,False,False,False,False,,Retained for provenance only; excluded from every training profile.
LEGACY::PUG_latest::PUG_TRANI,Puglia Virtual - Trani,41.27,16.42,legacy_virtual_coastal,ARPA_PUGLIA_VIRTUAL,PUG_latest.csv,disabled,unverified,False,False,False,False,,Retained for provenance only; excluded from every training profile.
LEGACY::PUG_latest::PUG_BARLETTA,Puglia Virtual - Barletta,41.32,16.28,legacy_virtual_coastal,ARPA_PUGLIA_VIRTUAL,PUG_latest.csv,disabled,unverified,False,False,False,False,,Retained for provenance only; excluded from every training profile.
LEGACY::PUG_latest::PUG_MARGHERITA_DI_SAVOIA,Puglia Virtual - Margherita di Savoia,41.37,16.15,legacy_virtual_coastal,ARPA_PUGLIA_VIRTUAL,PUG_latest.csv,disabled,unverified,False,False,False,False,,Retained for provenance only; excluded from every training profile.
LEGACY::PUG_latest::PUG_ZAPPONETA,Puglia Virtual - Zapponeta,41.45,15.96,legacy_virtual_coastal,ARPA_PUGLIA_VIRTUAL,PUG_latest.csv,disabled,unverified,False,False,False,False,,Retained for provenance only; excluded from every training profile.
LEGACY::PUG_latest::PUG_MANFREDONIA,Puglia Virtual - Manfredonia,41.63,15.91,legacy_virtual_coastal,ARPA_PUGLIA_VIRTUAL,PUG_latest.csv,disabled,unverified,False,False,False,False,,Retained for provenance only; excluded from every training profile.
LEGACY::PUG_latest::PUG_MATTINATA,Puglia Virtual - Mattinata,41.71,16.05,legacy_virtual_coastal,ARPA_PUGLIA_VIRTUAL,PUG_latest.csv,disabled,unverified,False,False,False,False,,Retained for provenance only; excluded from every training profile.
LEGACY::PUG_latest::PUG_VIESTE,Puglia Virtual - Vieste,41.88,16.17,legacy_virtual_coastal,ARPA_PUGLIA_VIRTUAL,PUG_latest.csv,disabled,unverified,False,False,False,False,,Retained for provenance only; excluded from every training profile.
LEGACY::PUG_latest::PUG_LESINA_MARINA,Puglia Virtual - Lesina Marina,41.9,15.4,legacy_virtual_coastal,ARPA_PUGLIA_VIRTUAL,PUG_latest.csv,disabled,unverified,False,False,False,False,,Retained for provenance only; excluded from every training profile.
LEGACY::PUG_latest::PUG_CHIEUTI_MARINA,Puglia Virtual - Chieuti Marina,41.92,15.15,legacy_virtual_coastal,ARPA_PUGLIA_VIRTUAL,PUG_latest.csv,disabled,unverified,False,False,False,False,,Retained for provenance only; excluded from every training profile.
LEGACY::PUG_latest::PUG_RODI_GARGANICO,Puglia Virtual - Rodi Garganico,41.93,15.88,legacy_virtual_coastal,ARPA_PUGLIA_VIRTUAL,PUG_latest.csv,disabled,unverified,False,False,False,False,,Retained for provenance only; excluded from every training profile.
LEGACY::PUG_latest::PUG_PESCHICI,Puglia Virtual - Peschici,41.95,16.01,legacy_virtual_coastal,ARPA_PUGLIA_VIRTUAL,PUG_latest.csv,disabled,unverified,False,False,False,False,,Retained for provenance only; excluded from every training profile.
LEGACY::ABR_latest::ABR_SAN_SALVO,Abruzzo Virtual - San Salvo,42.04,14.73,legacy_virtual_coastal,ARTA_VIRTUAL,ABR_latest.csv,disabled,unverified,False,False,False,False,,Retained for provenance only; excluded from every training profile.
LEGACY::ABR_latest::ABR_VASTO,Abruzzo Virtual - Vasto,42.11,14.71,legacy_virtual_coastal,ARTA_VIRTUAL,ABR_latest.csv,disabled,unverified,False,False,False,False,,Retained for provenance only; excluded from every training profile.
LEGACY::ABR_latest::ABR_CASALBORDINO,Abruzzo Virtual - Casalbordino,42.19,14.58,legacy_virtual_coastal,ARTA_VIRTUAL,ABR_latest.csv,disabled,unverified,False,False,False,False,,Retained for provenance only; excluded from every training profile.
LEGACY::ABR_latest::ABR_FOSSACESIA,Abruzzo Virtual - Fossacesia,42.24,14.48,legacy_virtual_coastal,ARTA_VIRTUAL,ABR_latest.csv,disabled,unverified,False,False,False,False,,Retained for provenance only; excluded from every training profile.
LEGACY::ABR_latest::ABR_SAN_VITO_CHIETINO,Abruzzo Virtual - San Vito Chietino,42.3,14.44,legacy_virtual_coastal,ARTA_VIRTUAL,ABR_latest.csv,disabled,unverified,False,False,False,False,,Retained for provenance only; excluded from every training profile.
LEGACY::ABR_latest::ABR_ORTONA,Abruzzo Virtual - Ortona,42.35,14.4,legacy_virtual_coastal,ARTA_VIRTUAL,ABR_latest.csv,disabled,unverified,False,False,False,False,,Retained for provenance only; excluded from every training profile.
LEGACY::ABR_latest::ABR_FRANCAVILLA_AL_MARE,Abruzzo Virtual - Francavilla al Mare,42.42,14.28,legacy_virtual_coastal,ARTA_VIRTUAL,ABR_latest.csv,disabled,unverified,False,False,False,False,,Retained for provenance only; excluded from every training profile.
LEGACY::ABR_latest::ABR_PESCARA,Abruzzo Virtual - Pescara,42.46,14.21,legacy_virtual_coastal,ARTA_VIRTUAL,ABR_latest.csv,disabled,unverified,False,False,False,False,,Retained for provenance only; excluded from every training profile.
LEGACY::ABR_latest::ABR_MONTESILVANO,Abruzzo Virtual - Montesilvano,42.51,14.15,legacy_virtual_coastal,ARTA_VIRTUAL,ABR_latest.csv,disabled,unverified,False,False,False,False,,Retained for provenance only; excluded from every training profile.
LEGACY::ABR_latest::ABR_SILVI_MARINA,Abruzzo Virtual - Silvi Marina,42.55,14.11,legacy_virtual_coastal,ARTA_VIRTUAL,ABR_latest.csv,disabled,unverified,False,False,False,False,,Retained for provenance only; excluded from every training profile.
LEGACY::ABR_latest::ABR_PINETO,Abruzzo Virtual - Pineto,42.61,14.06,legacy_virtual_coastal,ARTA_VIRTUAL,ABR_latest.csv,disabled,unverified,False,False,False,False,,Retained for provenance only; excluded from every training profile.
LEGACY::ABR_latest::ABR_ROSETO_DEGLI_ABRUZZI,Abruzzo Virtual - Roseto degli Abruzzi,42.67,14.01,legacy_virtual_coastal,ARTA_VIRTUAL,ABR_latest.csv,disabled,unverified,False,False,False,False,,Retained for provenance only; excluded from every training profile.
LEGACY::ABR_latest::ABR_GIULIANOVA,Abruzzo Virtual - Giulianova,42.75,13.97,legacy_virtual_coastal,ARTA_VIRTUAL,ABR_latest.csv,disabled,unverified,False,False,False,False,,Retained for provenance only; excluded from every training profile.
LEGACY::ABR_latest::ABR_TORTORETO,Abruzzo Virtual - Tortoreto,42.8,13.94,legacy_virtual_coastal,ARTA_VIRTUAL,ABR_latest.csv,disabled,unverified,False,False,False,False,,Retained for provenance only; excluded from every training profile.
LEGACY::ABR_latest::ABR_ALBA_ADRIATICA,Abruzzo Virtual - Alba Adriatica,42.83,13.92,legacy_virtual_coastal,ARTA_VIRTUAL,ABR_latest.csv,disabled,unverified,False,False,False,False,,Retained for provenance only; excluded from every training profile.
LEGACY::ABR_latest::ABR_MARTINSICURO,Abruzzo Virtual - Martinsicuro,42.88,13.91,legacy_virtual_coastal,ARTA_VIRTUAL,ABR_latest.csv,disabled,unverified,False,False,False,False,,Retained for provenance only; excluded from every training profile.
LEGACY::MAR_latest::MAR_San_Benedetto_del_Tronto,Marche Virtual - San Benedetto del Tronto,42.95,13.88,legacy_virtual_coastal,ARPAM_VIRTUAL,MAR_latest.csv,disabled,unverified,False,False,False,False,,Retained for provenance only; excluded from every training profile.
LEGACY::MAR_latest::MAR_Civitanova_Marche,Marche Virtual - Civitanova Marche,43.3,13.72,legacy_virtual_coastal,ARPAM_VIRTUAL,MAR_latest.csv,disabled,unverified,False,False,False,False,,Retained for provenance only; excluded from every training profile.
LEGACY::MAR_latest::MAR_Ancona,Marche Virtual - Ancona,43.61,13.51,legacy_virtual_coastal,ARPAM_VIRTUAL,MAR_latest.csv,disabled,unverified,False,False,False,False,,Retained for provenance only; excluded from every training profile.
LEGACY::MAR_latest::MAR_Senigallia,Marche Virtual - Senigallia,43.71,13.21,legacy_virtual_coastal,ARPAM_VIRTUAL,MAR_latest.csv,disabled,unverified,False,False,False,False,,Retained for provenance only; excluded from every training profile.
LEGACY::MAR_latest::MAR_Fano,Marche Virtual - Fano,43.84,13.01,legacy_virtual_coastal,ARPAM_VIRTUAL,MAR_latest.csv,disabled,unverified,False,False,False,False,,Retained for provenance only; excluded from every training profile.
LEGACY::MAR_latest::MAR_Pesaro,Marche Virtual - Pesaro,43.91,12.91,legacy_virtual_coastal,ARPAM_VIRTUAL,MAR_latest.csv,disabled,unverified,False,False,False,False,,Retained for provenance only; excluded from every training profile.
LAND::MH::dpcn-calabria::9de929349ee7,Salica,39.01389,17.12778,physical_land,dpcn-calabria,MeteoHub /api/observations,ERA5_sampled_at_coordinate,DPC_regional_observation,True,True,False,True,,observed_in_snapshot; observed_snapshots=3. Official DPC/regional station observed in at least one selected MeteoHub time window; an offline station may be absent.
LAND::MH::dpcn-calabria::82ecadcacd3d,Albi,39.03028,16.59639,physical_land,dpcn-calabria,MeteoHub /api/observations,ERA5_sampled_at_coordinate,DPC_regional_observation,True,True,False,True,,observed_in_snapshot; observed_snapshots=3. Official DPC/regional station observed in at least one selected MeteoHub time window; an offline station may be absent.
LAND::MH::dpcn-calabria::cb5120749be7,Nocera Terinese SS 106,39.0325,16.10139,physical_land,dpcn-calabria,MeteoHub /api/observations,ERA5_sampled_at_coordinate,DPC_regional_observation,True,True,False,True,,observed_in_snapshot; observed_snapshots=3. Official DPC/regional station observed in at least one selected MeteoHub time window; an offline station may be absent.
LAND::MH::dpcn-calabria::853cd2f3a1ee,Cutro,39.03667,17.01528,physical_land,dpcn-calabria,MeteoHub /api/observations,ERA5_sampled_at_coordinate,DPC_regional_observation,True,True,False,True,,observed_in_snapshot; observed_snapshots=3. Official DPC/regional station observed in at least one selected MeteoHub time window; an offline station may be absent.
LAND::MH::dpcn-calabria::0d9c7f332733,Ponte Forcosa,39.04139,17.0775,physical_land,dpcn-calabria,MeteoHub /api/observations,ERA5_sampled_at_coordinate,DPC_regional_observation,True,True,False,True,,observed_in_snapshot; observed_snapshots=3. Official DPC/regional station observed in at least one selected MeteoHub time window; an offline station may be absent.
LAND::MH::dpcn-calabria::33c8d2819278,Petrona',39.04333,16.75889,physical_land,dpcn-calabria,MeteoHub /api/observations,ERA5_sampled_at_coordinate,DPC_regional_observation,True,True,False,True,,observed_in_snapshot; observed_snapshots=3. Official DPC/regional station observed in at least one selected MeteoHub time window; an offline station may be absent.
LAND::MH::dpcn-calabria::11fd140b0121,Decollatura,39.04917,16.335,physical_land,dpcn-calabria,MeteoHub /api/observations,ERA5_sampled_at_coordinate,DPC_regional_observation,True,True,False,True,,observed_in_snapshot; observed_snapshots=3. Official DPC/regional station observed in at least one selected MeteoHub time window; an offline station may be absent.
LAND::MH::dpcn-calabria::7109f7996bd4,Serrarossa,39.06889,16.89056,physical_land,dpcn-calabria,MeteoHub /api/observations,ERA5_sampled_at_coordinate,DPC_regional_observation,True,True,False,True,,observed_in_snapshot; observed_snapshots=3. Official DPC/regional station observed in at least one selected MeteoHub time window; an offline station may be absent.
LAND::MH::dpcn-calabria::e2ac78f9d190,Crotone P.te S.Fran.,39.06917,17.10667,physical_land,dpcn-calabria,MeteoHub /api/observations,ERA5_sampled_at_coordinate,DPC_regional_observation,True,True,False,True,,observed_in_snapshot; observed_snapshots=3. Official DPC/regional station observed in at least one selected MeteoHub time window; an offline station may be absent.
LAND::MH::dpcn-calabria::7c5415099aae,Papanice,39.07222,17.02778,physical_land,dpcn-calabria,MeteoHub /api/observations,ERA5_sampled_at_coordinate,DPC_regional_observation,True,True,False,True,,observed_in_snapshot; observed_snapshots=3. Official DPC/regional station observed in at least one selected MeteoHub time window; an offline station may be absent.
LAND::MH::dpcn-calabria::fcc68f555ce0,Crotone Molo Giunti,39.08221,17.13555,physical_land,dpcn-calabria,MeteoHub /api/observations,ERA5_sampled_at_coordinate,DPC_regional_observation,True,True,False,True,,observed_in_snapshot; observed_snapshots=3. Official DPC/regional station observed in at least one selected MeteoHub time window; an offline station may be absent.
LAND::MH::dpcn-calabria::a09453816d27,Martirano,39.08306,16.23667,physical_land,dpcn-calabria,MeteoHub /api/observations,ERA5_sampled_at_coordinate,DPC_regional_observation,True,True,False,True,,observed_in_snapshot; observed_snapshots=3. Official DPC/regional station observed in at least one selected MeteoHub time window; an offline station may be absent.
LAND::MH::dpcn-calabria::c1d53d5fc49f,Persico,39.09361,16.22306,physical_land,dpcn-calabria,MeteoHub /api/observations,ERA5_sampled_at_coordinate,DPC_regional_observation,True,True,False,True,,observed_in_snapshot; observed_snapshots=3. Official DPC/regional station observed in at least one selected MeteoHub time window; an offline station may be absent.
LAND::MH::dpcn-calabria::a3bc845cd540,S.Mauro Marchesato,39.10278,16.92778,physical_land,dpcn-calabria,MeteoHub /api/observations,ERA5_sampled_at_coordinate,DPC_regional_observation,True,True,False,True,,observed_in_snapshot; observed_snapshots=3. Official DPC/regional station observed in at least one selected MeteoHub time window; an offline station may be absent.
LAND::MH::dpcn-calabria::7c2848642be9,Petilia Policastro,39.11444,16.76639,physical_land,dpcn-calabria,MeteoHub /api/observations,ERA5_sampled_at_coordinate,DPC_regional_observation,True,True,False,True,,observed_in_snapshot; observed_snapshots=3. Official DPC/regional station observed in at least one selected MeteoHub time window; an offline station may be absent.
LAND::MH::dpcn-calabria::cab8780b8f04,Altilia,39.12944,16.25528,physical_land,dpcn-calabria,MeteoHub /api/observations,ERA5_sampled_at_coordinate,DPC_regional_observation,True,True,False,True,,observed_in_snapshot; observed_snapshots=3. Official DPC/regional station observed in at least one selected MeteoHub time window; an offline station may be absent.
LAND::MH::dpcn-calabria::7840786ceb66,Pagliarelle,39.14194,16.74889,physical_land,dpcn-calabria,MeteoHub /api/observations,ERA5_sampled_at_coordinate,DPC_regional_observation,True,True,False,True,,observed_in_snapshot; observed_snapshots=3. Official DPC/regional station observed in at least one selected MeteoHub time window; an offline station may be absent.
LAND::MH::dpcn-calabria::2644b74e0e20,Amantea,39.15,16.07806,physical_land,dpcn-calabria,MeteoHub /api/observations,ERA5_sampled_at_coordinate,DPC_regional_observation,True,True,False,True,,observed_in_snapshot; observed_snapshots=3. Official DPC/regional station observed in at least one selected MeteoHub time window; an offline station may be absent.
LAND::MH::dpcn-calabria::ade5d7074c94,Cotronei,39.15972,16.78306,physical_land,dpcn-calabria,MeteoHub /api/observations,ERA5_sampled_at_coordinate,DPC_regional_observation,True,True,False,True,,observed_in_snapshot; observed_snapshots=3. Official DPC/regional station observed in at least one selected MeteoHub time window; an offline station may be absent.
LAND::MH::dpcn-calabria::ca15e75791e1,Spineto,39.16333,16.54,physical_land,dpcn-calabria,MeteoHub /api/observations,ERA5_sampled_at_coordinate,DPC_regional_observation,True,True,False,True,,observed_in_snapshot; observed_snapshots=3. Official DPC/regional station observed in at least one selected MeteoHub time window; an offline station may be absent.
LAND::MH::dpcn-calabria::205d9996fcb3,Parenti,39.16361,16.40556,physical_land,dpcn-calabria,MeteoHub /api/observations,ERA5_sampled_at_coordinate,DPC_regional_observation,True,True,False,True,,observed_in_snapshot; observed_snapshots=3. Official DPC/regional station observed in at least one selected MeteoHub time window; an offline station may be absent.
LAND::MH::dpcn-calabria::f7b5861d7078,Rocca di Neto,39.17333,17.02611,physical_land,dpcn-calabria,MeteoHub /api/observations,ERA5_sampled_at_coordinate,DPC_regional_observation,True,True,False,True,,observed_in_snapshot; observed_snapshots=3. Official DPC/regional station observed in at least one selected MeteoHub time window; an offline station may be absent.
LAND::MH::dpcn-calabria::57b7c17ef2a2,Belsito,39.17528,16.28083,physical_land,dpcn-calabria,MeteoHub /api/observations,ERA5_sampled_at_coordinate,DPC_regional_observation,True,True,False,True,,observed_in_snapshot; observed_snapshots=3. Official DPC/regional station observed in at least one selected MeteoHub time window; an offline station may be absent.
LAND::MH::dpcn-calabria::5705f883b896,Rogliano,39.18361,16.32583,physical_land,dpcn-calabria,MeteoHub /api/observations,ERA5_sampled_at_coordinate,DPC_regional_observation,True,True,False,True,,observed_in_snapshot; observed_snapshots=3. Official DPC/regional station observed in at least one selected MeteoHub time window; an offline station may be absent.
LAND::MH::dpcn-calabria::9028cf3443ce,Domanico,39.21667,16.20278,physical_land,dpcn-calabria,MeteoHub /api/observations,ERA5_sampled_at_coordinate,DPC_regional_observation,True,True,False,True,,observed_in_snapshot; observed_snapshots=3. Official DPC/regional station observed in at least one selected MeteoHub time window; an offline station may be absent.
LAND::MH::dpcn-calabria::9fddbe65669c,Nocelle-Arvo,39.24722,16.54444,physical_land,dpcn-calabria,MeteoHub /api/observations,ERA5_sampled_at_coordinate,DPC_regional_observation,True,True,False,True,,observed_in_snapshot; observed_snapshots=3. Official DPC/regional station observed in at least one selected MeteoHub time window; an offline station may be absent.
LAND::MH::dpcn-calabria::078fcb894787,Botte Donato,39.25,16.43583,physical_land,dpcn-calabria,MeteoHub /api/observations,ERA5_sampled_at_coordinate,DPC_regional_observation,True,True,False,True,,observed_in_snapshot; observed_snapshots=3. Official DPC/regional station observed in at least one selected MeteoHub time window; an offline station may be absent.
LAND::MH::dpcn-calabria::e2642671b696,Cosenza Crati,39.28731,16.26483,physical_land,dpcn-calabria,MeteoHub /api/observations,ERA5_sampled_at_coordinate,DPC_regional_observation,True,True,False,True,,observed_in_snapshot; observed_snapshots=3. Official DPC/regional station observed in at least one selected MeteoHub time window; an offline station may be absent.
LAND::MH::dpcn-calabria::025852ac4a86,Cosenza Busento,39.28908,16.25163,physical_land,dpcn-calabria,MeteoHub /api/observations,ERA5_sampled_at_coordinate,DPC_regional_observation,True,True,False,True,,observed_in_snapshot; observed_snapshots=3. Official DPC/regional station observed in at least one selected MeteoHub time window; an offline station may be absent.
LAND::MH::dpcn-calabria::ade0c2b5f0c5,S.Nicola dell'Alto,39.29056,16.97806,physical_land,dpcn-calabria,MeteoHub /api/observations,ERA5_sampled_at_coordinate,DPC_regional_observation,True,True,False,True,,observed_in_snapshot; observed_snapshots=3. Official DPC/regional station observed in at least one selected MeteoHub time window; an offline station may be absent.
LAND::MH::dpcn-calabria::91dc87e13bb0,Cosenza Ponte Gergeri,39.29444,16.25944,physical_land,dpcn-calabria,MeteoHub /api/observations,ERA5_sampled_at_coordinate,DPC_regional_observation,True,True,False,True,,observed_in_snapshot; observed_snapshots=3. Official DPC/regional station observed in at least one selected MeteoHub time window; an offline station may be absent.
LAND::MH::dpcn-calabria::577936418486,Cosenza 118,39.30583,16.23556,physical_land,dpcn-calabria,MeteoHub /api/observations,ERA5_sampled_at_coordinate,DPC_regional_observation,True,True,False,True,,observed_in_snapshot; observed_snapshots=3. Official DPC/regional station observed in at least one selected MeteoHub time window; an offline station may be absent.
LAND::MH::dpcn-calabria::3905c1c14dae,Savelli,39.31472,16.78222,physical_land,dpcn-calabria,MeteoHub /api/observations,ERA5_sampled_at_coordinate,DPC_regional_observation,True,True,False,True,,observed_in_snapshot; observed_snapshots=3. Official DPC/regional station observed in at least one selected MeteoHub time window; an offline station may be absent.
LAND::MH::dpcn-calabria::bae9e8ec7dc1,Monte Curcio-Camigl.,39.32139,16.42889,physical_land,dpcn-calabria,MeteoHub /api/observations,ERA5_sampled_at_coordinate,DPC_regional_observation,True,True,False,True,,observed_in_snapshot; observed_snapshots=3. Official DPC/regional station observed in at least one selected MeteoHub time window; an offline station may be absent.
LAND::MH::dpcn-calabria::e551ae99ec07,S.Pietro in Guarano,39.34056,16.30417,physical_land,dpcn-calabria,MeteoHub /api/observations,ERA5_sampled_at_coordinate,DPC_regional_observation,True,True,False,True,,observed_in_snapshot; observed_snapshots=3. Official DPC/regional station observed in at least one selected MeteoHub time window; an offline station may be absent.
LAND::MH::dpcn-calabria::dbfe254e1443,Cosenza Nord,39.35218,16.25571,physical_land,dpcn-calabria,MeteoHub /api/observations,ERA5_sampled_at_coordinate,DPC_regional_observation,True,True,False,True,,observed_in_snapshot; observed_snapshots=3. Official DPC/regional station observed in at least one selected MeteoHub time window; an offline station may be absent.
LAND::MH::dpcn-calabria::f569ff4c7c48,Paola,39.36111,16.04167,physical_land,dpcn-calabria,MeteoHub /api/observations,ERA5_sampled_at_coordinate,DPC_regional_observation,True,True,False,True,,observed_in_snapshot; observed_snapshots=3. Official DPC/regional station observed in at least one selected MeteoHub time window; an offline station may be absent.
LAND::MH::dpcn-calabria::4311e6696ffd,Montalto Uffugo,39.39806,16.12083,physical_land,dpcn-calabria,MeteoHub /api/observations,ERA5_sampled_at_coordinate,DPC_regional_observation,True,True,False,True,,observed_in_snapshot; observed_snapshots=3. Official DPC/regional station observed in at least one selected MeteoHub time window; an offline station may be absent.
LAND::MH::dpcn-calabria::d8ab88940a96,Cecita,39.4,16.5375,physical_land,dpcn-calabria,MeteoHub /api/observations,ERA5_sampled_at_coordinate,DPC_regional_observation,True,True,False,True,,observed_in_snapshot; observed_snapshots=3. Official DPC/regional station observed in at least one selected MeteoHub time window; an offline station may be absent.
LAND::MH::dpcn-calabria::8641bd550bb0,Ciro' Marina,39.40722,17.11083,physical_land,dpcn-calabria,MeteoHub /api/observations,ERA5_sampled_at_coordinate,DPC_regional_observation,True,True,False,True,,observed_in_snapshot; observed_snapshots=3. Official DPC/regional station observed in at least one selected MeteoHub time window; an offline station may be absent.
LAND::MH::dpcn-calabria::4534c2cd64c6,Crucoli,39.42444,17.00361,physical_land,dpcn-calabria,MeteoHub /api/observations,ERA5_sampled_at_coordinate,DPC_regional_observation,True,True,False,True,,observed_in_snapshot; observed_snapshots=3. Official DPC/regional station observed in at least one selected MeteoHub time window; an offline station may be absent.
LAND::MH::dpcn-calabria::f01d0a464759,Longobucco,39.44972,16.61417,physical_land,dpcn-calabria,MeteoHub /api/observations,ERA5_sampled_at_coordinate,DPC_regional_observation,True,True,False,True,,observed_in_snapshot; observed_snapshots=3. Official DPC/regional station observed in at least one selected MeteoHub time window; an offline station may be absent.
LAND::MH::dpcn-calabria::5d91a6115624,Crucoli SS 106,39.47333,17.01028,physical_land,dpcn-calabria,MeteoHub /api/observations,ERA5_sampled_at_coordinate,DPC_regional_observation,True,True,False,True,,observed_in_snapshot; observed_snapshots=3. Official DPC/regional station observed in at least one selected MeteoHub time window; an offline station may be absent.
LAND::MH::dpcn-calabria::71858fb6def4,Torano Scalo,39.47444,16.20083,physical_land,dpcn-calabria,MeteoHub /api/observations,ERA5_sampled_at_coordinate,DPC_regional_observation,True,True,False,True,,observed_in_snapshot; observed_snapshots=3. Official DPC/regional station observed in at least one selected MeteoHub time window; an offline station may be absent.
LAND::MH::dpcn-calabria::303413cf8c39,Acri,39.5,16.40278,physical_land,dpcn-calabria,MeteoHub /api/observations,ERA5_sampled_at_coordinate,DPC_regional_observation,True,True,False,True,,observed_in_snapshot; observed_snapshots=3. Official DPC/regional station observed in at least one selected MeteoHub time window; an offline station may be absent.
LAND::MH::dpcn-calabria::dd86cdaf4640,Cariati,39.50444,16.94028,physical_land,dpcn-calabria,MeteoHub /api/observations,ERA5_sampled_at_coordinate,DPC_regional_observation,True,True,False,True,,observed_in_snapshot; observed_snapshots=3. Official DPC/regional station observed in at least one selected MeteoHub time window; an offline station may be absent.
LAND::MH::dpcn-calabria::6f22e5d99c58,Cropalati - Trionto,39.51028,16.73833,physical_land,dpcn-calabria,MeteoHub /api/observations,ERA5_sampled_at_coordinate,DPC_regional_observation,True,True,False,True,,observed_in_snapshot; observed_snapshots=3. Official DPC/regional station observed in at least one selected MeteoHub time window; an offline station may be absent.
LAND::MH::dpcn-calabria::602de09bbbdf,Cropalati,39.51389,16.73056,physical_land,dpcn-calabria,MeteoHub /api/observations,ERA5_sampled_at_coordinate,DPC_regional_observation,True,True,False,True,,observed_in_snapshot; observed_snapshots=3. Official DPC/regional station observed in at least one selected MeteoHub time window; an offline station may be absent.
LAND::MH::dpcn-calabria::21e960f00f5f,Cetraro Superiore,39.5175,15.94056,physical_land,dpcn-calabria,MeteoHub /api/observations,ERA5_sampled_at_coordinate,DPC_regional_observation,True,True,False,True,,observed_in_snapshot; observed_snapshots=3. Official DPC/regional station observed in at least one selected MeteoHub time window; an offline station may be absent.
LAND::MH::dpcn-calabria::a9c9375d8e52,Fitterizzi Meteo,39.52401,16.16225,physical_land,dpcn-calabria,MeteoHub /api/observations,ERA5_sampled_at_coordinate,DPC_regional_observation,True,True,False,True,,observed_in_snapshot; observed_snapshots=3. Official DPC/regional station observed in at least one selected MeteoHub time window; an offline station may be absent.
LAND::MH::dpcn-calabria::500e8e10e613,Corigliano Calabro,39.58694,16.52111,physical_land,dpcn-calabria,MeteoHub /api/observations,ERA5_sampled_at_coordinate,DPC_regional_observation,True,True,False,True,,observed_in_snapshot; observed_snapshots=3. Official DPC/regional station observed in at least one selected MeteoHub time window; an offline station may be absent.
LAND::MH::dpcn-calabria::c24d5650d6b7,S.Sofia d'Epiro,39.59148,16.26259,physical_land,dpcn-calabria,MeteoHub /api/observations,ERA5_sampled_at_coordinate,DPC_regional_observation,True,True,False,True,,observed_in_snapshot; observed_snapshots=3. Official DPC/regional station observed in at least one selected MeteoHub time window; an offline station may be absent.
LAND::MH::dpcn-calabria::81b1c5d939aa,Tarsia,39.6225,16.27806,physical_land,dpcn-calabria,MeteoHub /api/observations,ERA5_sampled_at_coordinate,DPC_regional_observation,True,True,False,True,,observed_in_snapshot; observed_snapshots=3. Official DPC/regional station observed in at least one selected MeteoHub time window; an offline station may be absent.
LAND::MH::dpcn-calabria::3ceee093518f,Belvedere Marittimo,39.62972,15.85167,physical_land,dpcn-calabria,MeteoHub /api/observations,ERA5_sampled_at_coordinate,DPC_regional_observation,True,True,False,True,,observed_in_snapshot; observed_snapshots=3. Official DPC/regional station observed in at least one selected MeteoHub time window; an offline station may be absent.
LAND::MH::dpcn-calabria::217c1a25074a,S.Sosti,39.66111,16.02778,physical_land,dpcn-calabria,MeteoHub /api/observations,ERA5_sampled_at_coordinate,DPC_regional_observation,True,True,False,True,,observed_in_snapshot; observed_snapshots=3. Official DPC/regional station observed in at least one selected MeteoHub time window; an offline station may be absent.
LAND::MH::dpcn-calabria::c62846522ac3,Sibari,39.71063,16.49662,physical_land,dpcn-calabria,MeteoHub /api/observations,ERA5_sampled_at_coordinate,DPC_regional_observation,True,True,False,True,,observed_in_snapshot; observed_snapshots=3. Official DPC/regional station observed in at least one selected MeteoHub time window; an offline station may be absent.
LAND::MH::dpcn-calabria::e77e9b8928ac,Castrovillari - Camerata,39.73316,16.27101,physical_land,dpcn-calabria,MeteoHub /api/observations,ERA5_sampled_at_coordinate,DPC_regional_observation,True,True,False,True,,observed_in_snapshot; observed_snapshots=3. Official DPC/regional station observed in at least one selected MeteoHub time window; an offline station may be absent.
LAND::MH::dpcn-calabria::e4060d5c9a6d,Lungro,39.745,16.1175,physical_land,dpcn-calabria,MeteoHub /api/observations,ERA5_sampled_at_coordinate,DPC_regional_observation,True,True,False,True,,observed_in_snapshot; observed_snapshots=3. Official DPC/regional station observed in at least one selected MeteoHub time window; an offline station may be absent.
LAND::MH::dpcn-calabria::2244f1c54de2,Villapiana SS 106,39.77389,16.45667,physical_land,dpcn-calabria,MeteoHub /api/observations,ERA5_sampled_at_coordinate,DPC_regional_observation,True,True,False,True,,observed_in_snapshot; observed_snapshots=3. Official DPC/regional station observed in at least one selected MeteoHub time window; an offline station may be absent.
LAND::MH::dpcn-calabria::74502866006f,Castrovillari,39.78611,16.25556,physical_land,dpcn-calabria,MeteoHub /api/observations,ERA5_sampled_at_coordinate,DPC_regional_observation,True,True,False,True,,observed_in_snapshot; observed_snapshots=3. Official DPC/regional station observed in at least one selected MeteoHub time window; an offline station may be absent.
LAND::MH::dpcn-calabria::31746e5cb824,Cassano Jonico,39.78972,16.31389,physical_land,dpcn-calabria,MeteoHub /api/observations,ERA5_sampled_at_coordinate,DPC_regional_observation,True,True,False,True,,observed_in_snapshot; observed_snapshots=3. Official DPC/regional station observed in at least one selected MeteoHub time window; an offline station may be absent.
LAND::MH::dpcn-calabria::3d5fb82f286d,Villapiana,39.79694,16.48139,physical_land,dpcn-calabria,MeteoHub /api/observations,ERA5_sampled_at_coordinate,DPC_regional_observation,True,True,False,True,,observed_in_snapshot; observed_snapshots=3. Official DPC/regional station observed in at least one selected MeteoHub time window; an offline station may be absent.
LAND::MH::dpcn-puglia::e27c3fe71caa,S.M. di Leuca,39.808,18.3475,physical_land,dpcn-puglia,MeteoHub /api/observations,ERA5_sampled_at_coordinate,DPC_regional_observation,True,True,False,True,,observed_in_snapshot; observed_snapshots=3. Official DPC/regional station observed in at least one selected MeteoHub time window; an offline station may be absent.
LAND::MH::dpcn-calabria::907e10cbad70,Campo Tenese,39.855,16.08778,physical_land,dpcn-calabria,MeteoHub /api/observations,ERA5_sampled_at_coordinate,DPC_regional_observation,True,True,False,True,,observed_in_snapshot; observed_snapshots=3. Official DPC/regional station observed in at least one selected MeteoHub time window; an offline station may be absent.
LAND::MH::dpcn-calabria::c21b086a144d,Cerchiara di Calabria,39.86556,16.38139,physical_land,dpcn-calabria,MeteoHub /api/observations,ERA5_sampled_at_coordinate,DPC_regional_observation,True,True,False,True,,observed_in_snapshot; observed_snapshots=3. Official DPC/regional station observed in at least one selected MeteoHub time window; an offline station may be absent.
LAND::MH::dpcn-calabria::b967965372b7,Papasidero,39.87111,15.90583,physical_land,dpcn-calabria,MeteoHub /api/observations,ERA5_sampled_at_coordinate,DPC_regional_observation,True,True,False,True,,observed_in_snapshot; observed_snapshots=3. Official DPC/regional station observed in at least one selected MeteoHub time window; an offline station may be absent.
LAND::MH::dpcn-calabria::d11a6a9ca01f,Mormanno,39.885,15.99222,physical_land,dpcn-calabria,MeteoHub /api/observations,ERA5_sampled_at_coordinate,DPC_regional_observation,True,True,False,True,,observed_in_snapshot; observed_snapshots=3. Official DPC/regional station observed in at least one selected MeteoHub time window; an offline station may be absent.
LAND::MH::dpcn-puglia::70e59dd24c86,Presicce,39.88983,18.31533,physical_land,dpcn-puglia,MeteoHub /api/observations,ERA5_sampled_at_coordinate,DPC_regional_observation,True,True,False,True,,observed_in_snapshot; observed_snapshots=3. Official DPC/regional station observed in at least one selected MeteoHub time window; an offline station may be absent.
LAND::MH::dpcn-calabria::4a2ee8ea480c,Albidona,39.92611,16.46639,physical_land,dpcn-calabria,MeteoHub /api/observations,ERA5_sampled_at_coordinate,DPC_regional_observation,True,True,False,True,,observed_in_snapshot; observed_snapshots=3. Official DPC/regional station observed in at least one selected MeteoHub time window; an offline station may be absent.
LAND::MH::dpcn-calabria::4858127d37c5,Tortora,39.9375,15.76861,physical_land,dpcn-calabria,MeteoHub /api/observations,ERA5_sampled_at_coordinate,DPC_regional_observation,True,True,False,True,,observed_in_snapshot; observed_snapshots=3. Official DPC/regional station observed in at least one selected MeteoHub time window; an offline station may be absent.
LAND::MH::dpcn-basilicata::82c30e625b7f,Rotonda,39.94,16.05056,physical_land,dpcn-basilicata,MeteoHub /api/observations,ERA5_sampled_at_coordinate,DPC_regional_observation,True,True,False,True,,observed_in_snapshot; observed_snapshots=3. Official DPC/regional station observed in at least one selected MeteoHub time window; an offline station may be absent.
LAND::MH::dpcn-calabria::d5d40b18f404,Laino Borgo,39.95361,15.97306,physical_land,dpcn-calabria,MeteoHub /api/observations,ERA5_sampled_at_coordinate,DPC_regional_observation,True,True,False,True,,observed_in_snapshot; observed_snapshots=3. Official DPC/regional station observed in at least one selected MeteoHub time window; an offline station may be absent.
LAND::MH::dpcn-puglia::3ce6daab5c2e,Ruffano,39.97617,18.26867,physical_land,dpcn-puglia,MeteoHub /api/observations,ERA5_sampled_at_coordinate,DPC_regional_observation,True,True,False,True,,observed_in_snapshot; observed_snapshots=3. Official DPC/regional station observed in at least one selected MeteoHub time window; an offline station may be absent.
LAND::MH::dpcn-basilicata::3267fab5f501,Maratea,39.97978,15.717,physical_land,dpcn-basilicata,MeteoHub /api/observations,ERA5_sampled_at_coordinate,DPC_regional_observation,True,True,False,True,,observed_in_snapshot; observed_snapshots=3. Official DPC/regional station observed in at least one selected MeteoHub time window; an offline station may be absent.
LAND::MH::dpcn-basilicata::72a9c405bfa1,Terranova di Pollino,39.98389,16.29833,physical_land,dpcn-basilicata,MeteoHub /api/observations,ERA5_sampled_at_coordinate,DPC_regional_observation,True,True,False,True,,observed_in_snapshot; observed_snapshots=3. Official DPC/regional station observed in at least one selected MeteoHub time window; an offline station may be absent.
LAND::MH::dpcn-calabria::2de9bf35996f,Roseto Capo Spulico,39.99111,16.60667,physical_land,dpcn-calabria,MeteoHub /api/observations,ERA5_sampled_at_coordinate,DPC_regional_observation,True,True,False,True,,observed_in_snapshot; observed_snapshots=3. Official DPC/regional station observed in at least one selected MeteoHub time window; an offline station may be absent.
LAND::MH::dpcn-basilicata::679f47d769e2,Castrocucco,40.00111,15.79667,physical_land,dpcn-basilicata,MeteoHub /api/observations,ERA5_sampled_at_coordinate,DPC_regional_observation,True,True,False,True,,observed_in_snapshot; observed_snapshots=3. Official DPC/regional station observed in at least one selected MeteoHub time window; an offline station may be absent.
LAND::MH::dpcn-puglia::a2193a05aa6e,Vignacastrisi,40.00717,18.40017,physical_land,dpcn-puglia,MeteoHub /api/observations,ERA5_sampled_at_coordinate,DPC_regional_observation,True,True,False,True,,observed_in_snapshot; observed_snapshots=3. Official DPC/regional station observed in at least one selected MeteoHub time window; an offline station may be absent.
LAND::MH::dpcn-campania::65919a3d59b1,Chiusura Mingardo,40.03556,15.31639,physical_land,dpcn-campania,MeteoHub /api/observations,ERA5_sampled_at_coordinate,DPC_regional_observation,True,True,False,True,,observed_in_snapshot; observed_snapshots=3. Official DPC/regional station observed in at least one selected MeteoHub time window; an offline station may be absent.
LAND::MH::dpcn-campania::58e2ab8ad9d2,Chiusura Lambro,40.04611,15.29111,physical_land,dpcn-campania,MeteoHub /api/observations,ERA5_sampled_at_coordinate,DPC_regional_observation,True,True,False,True,,observed_in_snapshot; observed_snapshots=3. Official DPC/regional station observed in at least one selected MeteoHub time window; an offline station may be absent.
LAND::MH::dpcn-calabria::cc29fd3b5251,Oriolo,40.05,16.44694,physical_land,dpcn-calabria,MeteoHub /api/observations,ERA5_sampled_at_coordinate,DPC_regional_observation,True,True,False,True,,observed_in_snapshot; observed_snapshots=3. Official DPC/regional station observed in at least one selected MeteoHub time window; an offline station may be absent.
LAND::MH::dpcn-puglia::0a0ca02fe8af,Collepasso,40.069,18.178,physical_land,dpcn-puglia,MeteoHub /api/observations,ERA5_sampled_at_coordinate,DPC_regional_observation,True,True,False,True,,observed_in_snapshot; observed_snapshots=3. Official DPC/regional station observed in at least one selected MeteoHub time window; an offline station may be absent.
LAND::MH::dpcn-basilicata::897929766ebf,Episcopia-Pizzutello,40.07,16.10361,physical_land,dpcn-basilicata,MeteoHub /api/observations,ERA5_sampled_at_coordinate,DPC_regional_observation,True,True,False,True,,observed_in_snapshot; observed_snapshots=3. Official DPC/regional station observed in at least one selected MeteoHub time window; an offline station may be absent.
LAND::MH::dpcn-campania::646d20aa3651,Chiusura Bussento,40.07111,15.5075,physical_land,dpcn-campania,MeteoHub /api/observations,ERA5_sampled_at_coordinate,DPC_regional_observation,True,True,False,True,,observed_in_snapshot; observed_snapshots=3. Official DPC/regional station observed in at least one selected MeteoHub time window; an offline station may be absent.
LAND::MH::dpcn-campania::f151a6385ca5,Sapri Timpone,40.07442,15.65231,physical_land,dpcn-campania,MeteoHub /api/observations,ERA5_sampled_at_coordinate,DPC_regional_observation,True,True,False,True,,observed_in_snapshot; observed_snapshots=3. Official DPC/regional station observed in at least one selected MeteoHub time window; an offline station may be absent.
LAND::MH::dpcn-puglia::b84fea79f80e,Alessano,40.08433,18.38355,physical_land,dpcn-puglia,MeteoHub /api/observations,ERA5_sampled_at_coordinate,DPC_regional_observation,True,True,False,True,,observed_in_snapshot; observed_snapshots=3. Official DPC/regional station observed in at least one selected MeteoHub time window; an offline station may be absent.
LAND::MH::dpcn-puglia::f1f138e4c609,Minervino di Lecce,40.08867,18.41883,physical_land,dpcn-puglia,MeteoHub /api/observations,ERA5_sampled_at_coordinate,DPC_regional_observation,True,True,False,True,,observed_in_snapshot; observed_snapshots=3. Official DPC/regional station observed in at least one selected MeteoHub time window; an offline station may be absent.
LAND::MH::dpcn-basilicata::0d6c674262a2,Noepoli,40.08944,16.33056,physical_land,dpcn-basilicata,MeteoHub /api/observations,ERA5_sampled_at_coordinate,DPC_regional_observation,True,True,False,True,,observed_in_snapshot; observed_snapshots=3. Official DPC/regional station observed in at least one selected MeteoHub time window; an offline station may be absent.
LAND::MH::dpcn-puglia::74455947cc9c,Maglie,40.111,18.289,physical_land,dpcn-puglia,MeteoHub /api/observations,ERA5_sampled_at_coordinate,DPC_regional_observation,True,True,False,True,,observed_in_snapshot; observed_snapshots=3. Official DPC/regional station observed in at least one selected MeteoHub time window; an offline station may be absent.
LAND::MH::dpcn-campania::d26b5d46471c,Roccagloriosa,40.115,15.44261,physical_land,dpcn-campania,MeteoHub /api/observations,ERA5_sampled_at_coordinate,DPC_regional_observation,True,True,False,True,,observed_in_snapshot; observed_snapshots=3. Official DPC/regional station observed in at least one selected MeteoHub time window; an offline station may be absent.
LAND::MH::dpcn-campania::31520294a980,Torraca,40.11583,15.62778,physical_land,dpcn-campania,MeteoHub /api/observations,ERA5_sampled_at_coordinate,DPC_regional_observation,True,True,False,True,,observed_in_snapshot; observed_snapshots=3. Official DPC/regional station observed in at least one selected MeteoHub time window; an offline station may be absent.
LAND::MH::dpcn-puglia::003a76def546,Otranto,40.11983,18.47617,physical_land,dpcn-puglia,MeteoHub /api/observations,ERA5_sampled_at_coordinate,DPC_regional_observation,True,True,False,True,,observed_in_snapshot; observed_snapshots=3. Official DPC/regional station observed in at least one selected MeteoHub time window; an offline station may be absent.
LAND::MH::dpcn-campania::8766cd74c7e2,S.Mauro la Bruca,40.12806,15.28861,physical_land,dpcn-campania,MeteoHub /api/observations,ERA5_sampled_at_coordinate,DPC_regional_observation,True,True,False,True,,observed_in_snapshot; observed_snapshots=3. Official DPC/regional station observed in at least one selected MeteoHub time window; an offline station may be absent.
LAND::MH::dpcn-campania::a23c1a28225f,Torre Orsaia METEO,40.13194,15.45861,physical_land,dpcn-campania,MeteoHub /api/observations,ERA5_sampled_at_coordinate,DPC_regional_observation,True,True,False,True,,observed_in_snapshot; observed_snapshots=3. Official DPC/regional station observed in at least one selected MeteoHub time window; an offline station may be absent.
LAND::MH::dpcn-campania::ef005a090771,Morigerati Bussento,40.13389,15.54389,physical_land,dpcn-campania,MeteoHub /api/observations,ERA5_sampled_at_coordinate,DPC_regional_observation,True,True,False,True,,observed_in_snapshot; observed_snapshots=3. Official DPC/regional station observed in at least one selected MeteoHub time window; an offline station may be absent.
LAND::MH::dpcn-basilicata::dc0bc7be3b05,Lagonegro,40.13444,15.76222,physical_land,dpcn-basilicata,MeteoHub /api/observations,ERA5_sampled_at_coordinate,DPC_regional_observation,True,True,False,True,,observed_in_snapshot; observed_snapshots=3. Official DPC/regional station observed in at least one selected MeteoHub time window; an offline station may be absent.
LAND::MH::dpcn-puglia::c24d4f73be84,Galatina,40.142,18.178,physical_land,dpcn-puglia,MeteoHub /api/observations,ERA5_sampled_at_coordinate,DPC_regional_observation,True,True,False,True,,observed_in_snapshot; observed_snapshots=3. Official DPC/regional station observed in at least one selected MeteoHub time window; an offline station may be absent.
LAND::MH::dpcn-campania::dcc1fd417ca5,Morigerati,40.14389,15.56194,physical_land,dpcn-campania,MeteoHub /api/observations,ERA5_sampled_at_coordinate,DPC_regional_observation,True,True,False,True,,observed_in_snapshot; observed_snapshots=3. Official DPC/regional station observed in at least one selected MeteoHub time window; an offline station may be absent.
LAND::MH::dpcn-puglia::13142d719745,Corigliano d'Otranto,40.1575,18.30367,physical_land,dpcn-puglia,MeteoHub /api/observations,ERA5_sampled_at_coordinate,DPC_regional_observation,True,True,False,True,,observed_in_snapshot; observed_snapshots=3. Official DPC/regional station observed in at least one selected MeteoHub time window; an offline station may be absent.
LAND::MH::dpcn-basilicata::0e3b48c799b2,Castelsaraceno,40.16111,15.98611,physical_land,dpcn-basilicata,MeteoHub /api/observations,ERA5_sampled_at_coordinate,DPC_regional_observation,True,True,False,True,,observed_in_snapshot; observed_snapshots=3. Official DPC/regional station observed in at least one selected MeteoHub time window; an offline station may be absent.
LAND::MH::dpcn-campania::112b2d2120d0,Casaletto Spartano-Melette Sorge,40.16733,15.66992,physical_land,dpcn-campania,MeteoHub /api/observations,ERA5_sampled_at_coordinate,DPC_regional_observation,True,True,False,True,,observed_in_snapshot; observed_snapshots=2. Official DPC/regional station observed in at least one selected MeteoHub time window; an offline station may be absent.
LAND::MH::dpcn-basilicata::adaf0072f2d8,Sinni SS106,40.16778,16.65139,physical_land,dpcn-basilicata,MeteoHub /api/observations,ERA5_sampled_at_coordinate,DPC_regional_observation,True,True,False,True,,observed_in_snapshot; observed_snapshots=3. Official DPC/regional station observed in at least one selected MeteoHub time window; an offline station may be absent.
LAND::MH::dpcn-basilicata::670a454912ab,Sinni a Valsinni,40.17278,16.43861,physical_land,dpcn-basilicata,MeteoHub /api/observations,ERA5_sampled_at_coordinate,DPC_regional_observation,True,True,False,True,,observed_in_snapshot; observed_snapshots=3. Official DPC/regional station observed in at least one selected MeteoHub time window; an offline station may be absent.
LAND::MH::dpcn-campania::c8e727fc830f,Chiusura Alento,40.17306,15.13861,physical_land,dpcn-campania,MeteoHub /api/observations,ERA5_sampled_at_coordinate,DPC_regional_observation,True,True,False,True,,observed_in_snapshot; observed_snapshots=3. Official DPC/regional station observed in at least one selected MeteoHub time window; an offline station may be absent.
LAND::MH::dpcn-campania::84efbc9dae46,Alfano,40.17528,15.43111,physical_land,dpcn-campania,MeteoHub /api/observations,ERA5_sampled_at_coordinate,DPC_regional_observation,True,True,False,True,,observed_in_snapshot; observed_snapshots=3. Official DPC/regional station observed in at least one selected MeteoHub time window; an offline station may be absent.
LAND::MH::dpcn-puglia::4b526247ef58,Nardo,40.18183,18.023,physical_land,dpcn-puglia,MeteoHub /api/observations,ERA5_sampled_at_coordinate,DPC_regional_observation,True,True,False,True,,observed_in_snapshot; observed_snapshots=3. Official DPC/regional station observed in at least one selected MeteoHub time window; an offline station may be absent.
LAND::MH::dpcn-campania::5c7979cb38ce,Ceraso-Isca Vivaio Forestale,40.19853,15.3,physical_land,dpcn-campania,MeteoHub /api/observations,ERA5_sampled_at_coordinate,DPC_regional_observation,True,True,False,True,,observed_in_snapshot; observed_snapshots=2. Official DPC/regional station observed in at least one selected MeteoHub time window; an offline station may be absent.
LAND::MH::dpcn-basilicata::8edc669d0964,Roccanova,40.21278,16.20667,physical_land,dpcn-basilicata,MeteoHub /api/observations,ERA5_sampled_at_coordinate,DPC_regional_observation,True,True,False,True,,observed_in_snapshot; observed_snapshots=3. Official DPC/regional station observed in at least one selected MeteoHub time window; an offline station may be absent.
LAND::MH::dpcn-campania::4a58cb04c715,Castelnuovo Cilento-Vallo Scalo,40.21636,15.16914,physical_land,dpcn-campania,MeteoHub /api/observations,ERA5_sampled_at_coordinate,DPC_regional_observation,True,True,False,True,,observed_in_snapshot; observed_snapshots=3. Official DPC/regional station observed in at least one selected MeteoHub time window; an offline station may be absent.
LAND::MH::dpcn-basilicata::0224e1492b41,Agri SS106,40.22583,16.68694,physical_land,dpcn-basilicata,MeteoHub /api/observations,ERA5_sampled_at_coordinate,DPC_regional_observation,True,True,False,True,,observed_in_snapshot; observed_snapshots=3. Official DPC/regional station observed in at least one selected MeteoHub time window; an offline station may be absent.
LAND::MH::dpcn-campania::a48d8c925613,Vallo della Lucania,40.23,15.2625,physical_land,dpcn-campania,MeteoHub /api/observations,ERA5_sampled_at_coordinate,DPC_regional_observation,True,True,False,True,,observed_in_snapshot; observed_snapshots=3. Official DPC/regional station observed in at least one selected MeteoHub time window; an offline station may be absent.
LAND::MH::dpcn-campania::b9eb3e84a653,Sanza,40.24417,15.55333,physical_land,dpcn-campania,MeteoHub /api/observations,ERA5_sampled_at_coordinate,DPC_regional_observation,True,True,False,True,,observed_in_snapshot; observed_snapshots=3. Official DPC/regional station observed in at least one selected MeteoHub time window; an offline station may be absent.
LAND::MH::dpcn-campania::fe6b6cb59cbb,Rofrano-Fistole Faraone,40.24711,15.41286,physical_land,dpcn-campania,MeteoHub /api/observations,ERA5_sampled_at_coordinate,DPC_regional_observation,True,True,False,True,,observed_in_snapshot; observed_snapshots=3. Official DPC/regional station observed in at least one selected MeteoHub time window; an offline station may be absent.
LAND::MH::dpcn-basilicata::48a40e7333c4,Tursi,40.25194,16.47167,physical_land,dpcn-basilicata,MeteoHub /api/observations,ERA5_sampled_at_coordinate,DPC_regional_observation,True,True,False,True,,observed_in_snapshot; observed_snapshots=3. Official DPC/regional station observed in at least one selected MeteoHub time window; an offline station may be absent.
LAND::MH::dpcn-campania::f3e21da8f8eb,Montesano Marcellana METEO,40.25556,15.66028,physical_land,dpcn-campania,MeteoHub /api/observations,ERA5_sampled_at_coordinate,DPC_regional_observation,True,True,False,True,,observed_in_snapshot; observed_snapshots=3. Official DPC/regional station observed in at least one selected MeteoHub time window; an offline station may be absent.
LAND::MH::dpcn-campania::0f14044057a2,Omignano Scalo,40.25778,15.13,physical_land,dpcn-campania,MeteoHub /api/observations,ERA5_sampled_at_coordinate,DPC_regional_observation,True,True,False,True,,observed_in_snapshot; observed_snapshots=3. Official DPC/regional station observed in at least one selected MeteoHub time window; an offline station may be absent.
LAND::MH::dpcn-basilicata::e78ae499c6fc,Agri a Roccanova,40.26639,16.22639,physical_land,dpcn-basilicata,MeteoHub /api/observations,ERA5_sampled_at_coordinate,DPC_regional_observation,True,True,False,True,,observed_in_snapshot; observed_snapshots=3. Official DPC/regional station observed in at least one selected MeteoHub time window; an offline station may be absent.
LAND::MH::dpcn-puglia::d22b3066a14f,Copertino,40.26833,18.05133,physical_land,dpcn-puglia,MeteoHub /api/observations,ERA5_sampled_at_coordinate,DPC_regional_observation,True,True,False,True,,observed_in_snapshot; observed_snapshots=3. Official DPC/regional station observed in at least one selected MeteoHub time window; an offline station may be absent.
LAND::MH::dpcn-puglia::b849d3faf4fb,Melendugno,40.2725,18.2745,physical_land,dpcn-puglia,MeteoHub /api/observations,ERA5_sampled_at_coordinate,DPC_regional_observation,True,True,False,True,,observed_in_snapshot; observed_snapshots=3. Official DPC/regional station observed in at least one selected MeteoHub time window; an offline station may be absent.
LAND::MH::dpcn-campania::0521c1ca9e17,Montesano sulla Marcellana,40.27944,15.70417,physical_land,dpcn-campania,MeteoHub /api/observations,ERA5_sampled_at_coordinate,DPC_regional_observation,True,True,False,True,,observed_in_snapshot; observed_snapshots=3. Official DPC/regional station observed in at least one selected MeteoHub time window; an offline station may be absent.
LAND::MH::dpcn-campania::4bdeddbd9f76,Gioi Cilento,40.29139,15.22611,physical_land,dpcn-campania,MeteoHub /api/observations,ERA5_sampled_at_coordinate,DPC_regional_observation,True,True,False,True,,observed_in_snapshot; observed_snapshots=3. Official DPC/regional station observed in at least one selected MeteoHub time window; an offline station may be absent.
LAND::MH::dpcn-campania::f6ce2638f43c,Campora,40.29389,15.30508,physical_land,dpcn-campania,MeteoHub /api/observations,ERA5_sampled_at_coordinate,DPC_regional_observation,True,True,False,True,,observed_in_snapshot; observed_snapshots=3. Official DPC/regional station observed in at least one selected MeteoHub time window; an offline station may be absent.
LAND::MH::dpcn-basilicata::67548af7f952,Cavone SS106,40.29833,16.72667,physical_land,dpcn-basilicata,MeteoHub /api/observations,ERA5_sampled_at_coordinate,DPC_regional_observation,True,True,False,True,,observed_in_snapshot; observed_snapshots=3. Official DPC/regional station observed in at least one selected MeteoHub time window; an offline station may be absent.
LAND::MH::dpcn-basilicata::f27927e76eb4,Tramutola,40.29861,15.78667,physical_land,dpcn-basilicata,MeteoHub /api/observations,ERA5_sampled_at_coordinate,DPC_regional_observation,True,True,False,True,,observed_in_snapshot; observed_snapshots=3. Official DPC/regional station observed in at least one selected MeteoHub time window; an offline station may be absent.
LAND::MH::dpcn-basilicata::041549f9b469,Grumento-Ponte La Marmora,40.30833,15.84333,physical_land,dpcn-basilicata,MeteoHub /api/observations,ERA5_sampled_at_coordinate,DPC_regional_observation,True,True,False,True,,observed_in_snapshot; observed_snapshots=3. Official DPC/regional station observed in at least one selected MeteoHub time window; an offline station may be absent.
LAND::MH::dpcn-basilicata::9c501e97aca9,Terra Montonata,40.31,16.75194,physical_land,dpcn-basilicata,MeteoHub /api/observations,ERA5_sampled_at_coordinate,DPC_regional_observation,True,True,False,True,,observed_in_snapshot; observed_snapshots=3. Official DPC/regional station observed in at least one selected MeteoHub time window; an offline station may be absent.
LAND::MH::dpcn-campania::c8c741fec3c0,Torchiara,40.32083,15.05778,physical_land,dpcn-campania,MeteoHub /api/observations,ERA5_sampled_at_coordinate,DPC_regional_observation,True,True,False,True,,observed_in_snapshot; observed_snapshots=3. Official DPC/regional station observed in at least one selected MeteoHub time window; an offline station may be absent.
LAND::MH::dpcn-puglia::c0aa6e953018,Avetrana,40.32117,17.722,physical_land,dpcn-puglia,MeteoHub /api/observations,ERA5_sampled_at_coordinate,DPC_regional_observation,True,True,False,True,,observed_in_snapshot; observed_snapshots=3. Official DPC/regional station observed in at least one selected MeteoHub time window; an offline station may be absent.
LAND::MH::dpcn-campania::505dc44cba68,Perito-Ostigliano,40.32125,15.15158,physical_land,dpcn-campania,MeteoHub /api/observations,ERA5_sampled_at_coordinate,DPC_regional_observation,True,True,False,True,,observed_in_snapshot; observed_snapshots=3. Official DPC/regional station observed in at least one selected MeteoHub time window; an offline station may be absent.
LAND::MH::dpcn-puglia::dc4a5ddc601d,Mass.Monteruga,40.35167,17.88633,physical_land,dpcn-puglia,MeteoHub /api/observations,ERA5_sampled_at_coordinate,DPC_regional_observation,True,True,False,True,,observed_in_snapshot; observed_snapshots=3. Official DPC/regional station observed in at least one selected MeteoHub time window; an offline station may be absent.
LAND::MH::dpcn-puglia::815622166327,Lecce,40.35433,18.178,physical_land,dpcn-puglia,MeteoHub /api/observations,ERA5_sampled_at_coordinate,DPC_regional_observation,True,True,False,True,,observed_in_snapshot; observed_snapshots=3. Official DPC/regional station observed in at least one selected MeteoHub time window; an offline station may be absent.
LAND::MH::dpcn-campania::6cb1bda24826,Silla Sassano,40.35836,15.58392,physical_land,dpcn-campania,MeteoHub /api/observations,ERA5_sampled_at_coordinate,DPC_regional_observation,True,True,False,True,,observed_in_snapshot; observed_snapshots=3. Official DPC/regional station observed in at least one selected MeteoHub time window; an offline station may be absent.
LAND::MH::dpcn-campania::756e77dbe3b7,Laurino-Villa Littorio,40.36086,15.33772,physical_land,dpcn-campania,MeteoHub /api/observations,ERA5_sampled_at_coordinate,DPC_regional_observation,True,True,False,True,,observed_in_snapshot; observed_snapshots=3. Official DPC/regional station observed in at least one selected MeteoHub time window; an offline station may be absent.
LAND::MH::dpcn-basilicata::fcae58d423b3,Craco Peschiera,40.36667,16.51528,physical_land,dpcn-basilicata,MeteoHub /api/observations,ERA5_sampled_at_coordinate,DPC_regional_observation,True,True,False,True,,observed_in_snapshot; observed_snapshots=3. Official DPC/regional station observed in at least one selected MeteoHub time window; an offline station may be absent.
LAND::MH::dpcn-basilicata::45971675314a,Basento SS 106,40.36727,16.78057,physical_land,dpcn-basilicata,MeteoHub /api/observations,ERA5_sampled_at_coordinate,DPC_regional_observation,True,True,False,True,,observed_in_snapshot; observed_snapshots=3. Official DPC/regional station observed in at least one selected MeteoHub time window; an offline station may be absent.
LAND::MH::dpcn-puglia::207e9fde4fb6,Novoli,40.372,18.05817,physical_land,dpcn-puglia,MeteoHub /api/observations,ERA5_sampled_at_coordinate,DPC_regional_observation,True,True,False,True,,observed_in_snapshot; observed_snapshots=3. Official DPC/regional station observed in at least one selected MeteoHub time window; an offline station may be absent.
LAND::MH::dpcn-basilicata::fee6da10fdf0,Guardia Perticara,40.37611,16.09944,physical_land,dpcn-basilicata,MeteoHub /api/observations,ERA5_sampled_at_coordinate,DPC_regional_observation,True,True,False,True,,observed_in_snapshot; observed_snapshots=3. Official DPC/regional station observed in at least one selected MeteoHub time window; an offline station may be absent.
LAND::MH::dpcn-puglia::7716117cc10d,Lizzano,40.3765,17.43567,physical_land,dpcn-puglia,MeteoHub /api/observations,ERA5_sampled_at_coordinate,DPC_regional_observation,True,True,False,True,,observed_in_snapshot; observed_snapshots=3. Official DPC/regional station observed in at least one selected MeteoHub time window; an offline station may be absent.
LAND::MH::dpcn-puglia::25212569b511,Manduria,40.38317,17.646,physical_land,dpcn-puglia,MeteoHub /api/observations,ERA5_sampled_at_coordinate,DPC_regional_observation,True,True,False,True,,observed_in_snapshot; observed_snapshots=3. Official DPC/regional station observed in at least one selected MeteoHub time window; an offline station may be absent.
LAND::MH::dpcn-basilicata::2fb0d2bc205b,Torre Accio,40.39046,16.65682,physical_land,dpcn-basilicata,MeteoHub /api/observations,ERA5_sampled_at_coordinate,DPC_regional_observation,True,True,False,True,,observed_in_snapshot; observed_snapshots=3. Official DPC/regional station observed in at least one selected MeteoHub time window; an offline station may be absent.
LAND::MH::dpcn-campania::21b6d2e2d27e,Sala Consilina Tanagro,40.39111,15.57167,physical_land,dpcn-campania,MeteoHub /api/observations,ERA5_sampled_at_coordinate,DPC_regional_observation,True,True,False,True,,observed_in_snapshot; observed_snapshots=3. Official DPC/regional station observed in at least one selected MeteoHub time window; an offline station may be absent.
LAND::MH::dpcn-basilicata::d5880a79d0d9,Masseria Cardillo,40.39238,16.68798,physical_land,dpcn-basilicata,MeteoHub /api/observations,ERA5_sampled_at_coordinate,DPC_regional_observation,True,True,False,True,,observed_in_snapshot; observed_snapshots=3. Official DPC/regional station observed in at least one selected MeteoHub time window; an offline station may be absent.
LAND::MH::dpcn-campania::8d74459bab80,Sala Consilina,40.39444,15.60306,physical_land,dpcn-campania,MeteoHub /api/observations,ERA5_sampled_at_coordinate,DPC_regional_observation,True,True,False,True,,observed_in_snapshot; observed_snapshots=3. Official DPC/regional station observed in at least one selected MeteoHub time window; an offline station may be absent.
LAND::MH::dpcn-basilicata::0b2faa3e06d3,Marsico Nuovo,40.405,15.725,physical_land,dpcn-basilicata,MeteoHub /api/observations,ERA5_sampled_at_coordinate,DPC_regional_observation,True,True,False,True,,observed_in_snapshot; observed_snapshots=3. Official DPC/regional station observed in at least one selected MeteoHub time window; an offline station may be absent.
LAND::MH::dpcn-puglia::7a660fdf55b3,San Pancrazio Salentino,40.40517,17.84183,physical_land,dpcn-puglia,MeteoHub /api/observations,ERA5_sampled_at_coordinate,DPC_regional_observation,True,True,False,True,,observed_in_snapshot; observed_snapshots=3. Official DPC/regional station observed in at least one selected MeteoHub time window; an offline station may be absent.
LAND::MH::dpcn-puglia::b3c4527a66d5,Talsano,40.4065,17.31917,physical_land,dpcn-puglia,MeteoHub /api/observations,ERA5_sampled_at_coordinate,DPC_regional_observation,True,True,False,True,,observed_in_snapshot; observed_snapshots=3. Official DPC/regional station observed in at least one selected MeteoHub time window; an offline station may be absent.
LAND::MH::dpcn-basilicata::dba559333df8,Gorgoglione,40.41083,16.08722,physical_land,dpcn-basilicata,MeteoHub /api/observations,ERA5_sampled_at_coordinate,DPC_regional_observation,True,True,False,True,,observed_in_snapshot; observed_snapshots=3. Official DPC/regional station observed in at least one selected MeteoHub time window; an offline station may be absent.
LAND::MH::dpcn-basilicata::6bdd3159b914,Ponte Bradano,40.41706,16.82169,physical_land,dpcn-basilicata,MeteoHub /api/observations,ERA5_sampled_at_coordinate,DPC_regional_observation,True,True,False,True,,observed_in_snapshot; observed_snapshots=3. Official DPC/regional station observed in at least one selected MeteoHub time window; an offline station may be absent.
LAND::MH::dpcn-campania::b67c53b6a3e1,Castel S.Lorenzo,40.42208,15.24205,physical_land,dpcn-campania,MeteoHub /api/observations,ERA5_sampled_at_coordinate,DPC_regional_observation,True,True,False,True,,observed_in_snapshot; observed_snapshots=3. Official DPC/regional station observed in at least one selected MeteoHub time window; an offline station may be absent.
LAND::MH::dpcn-campania::faca8e6b39ef,Bellosguardo,40.42306,15.31333,physical_land,dpcn-campania,MeteoHub /api/observations,ERA5_sampled_at_coordinate,DPC_regional_observation,True,True,False,True,,observed_in_snapshot; observed_snapshots=3. Official DPC/regional station observed in at least one selected MeteoHub time window; an offline station may be absent.
LAND::MH::dpcn-basilicata::ee2c11e47e56,Bradano freatimetro,40.425,16.81806,physical_land,dpcn-basilicata,MeteoHub /api/observations,ERA5_sampled_at_coordinate,DPC_regional_observation,True,True,False,True,,observed_in_snapshot; observed_snapshots=3. Official DPC/regional station observed in at least one selected MeteoHub time window; an offline station may be absent.
LAND::MH::dpcn-campania::36bd8c2f74bf,Corleto Monforte-Savuco Serra Nu,40.43833,15.42839,physical_land,dpcn-campania,MeteoHub /api/observations,ERA5_sampled_at_coordinate,DPC_regional_observation,True,True,False,True,,observed_in_snapshot; observed_snapshots=3. Official DPC/regional station observed in at least one selected MeteoHub time window; an offline station may be absent.
LAND::MH::dpcn-puglia::4b4f4f958b14,Ginosa Marina,40.43833,16.86567,physical_land,dpcn-puglia,MeteoHub /api/observations,ERA5_sampled_at_coordinate,DPC_regional_observation,True,True,False,True,,observed_in_snapshot; observed_snapshots=3. Official DPC/regional station observed in at least one selected MeteoHub time window; an offline station may be absent.
LAND::MH::dpcn-puglia::7fa1b2542730,Taranto,40.44283,17.26317,physical_land,dpcn-puglia,MeteoHub /api/observations,ERA5_sampled_at_coordinate,DPC_regional_observation,True,True,False,True,,observed_in_snapshot; observed_snapshots=3. Official DPC/regional station observed in at least one selected MeteoHub time window; an offline station may be absent.
LAND::MH::dpcn-basilicata::6386ac6a012f,Laurenzana,40.45056,15.96667,physical_land,dpcn-basilicata,MeteoHub /api/observations,ERA5_sampled_at_coordinate,DPC_regional_observation,True,True,False,True,,observed_in_snapshot; observed_snapshots=3. Official DPC/regional station observed in at least one selected MeteoHub time window; an offline station may be absent.
LAND::MH::dpcn-puglia::5b0146b3e378,S.G. Jonico,40.45383,17.423,physical_land,dpcn-puglia,MeteoHub /api/observations,ERA5_sampled_at_coordinate,DPC_regional_observation,True,True,False,True,,observed_in_snapshot; observed_snapshots=3. Official DPC/regional station observed in at least one selected MeteoHub time window; an offline station may be absent.
LAND::MH::dpcn-campania::26133e37d2da,Capaccio,40.46861,14.96583,physical_land,dpcn-campania,MeteoHub /api/observations,ERA5_sampled_at_coordinate,DPC_regional_observation,True,True,False,True,,observed_in_snapshot; observed_snapshots=3. Official DPC/regional station observed in at least one selected MeteoHub time window; an offline station may be absent.
LAND::MH::dpcn-puglia::b13bf8dbcab7,Bradano Serra Marina,40.47528,16.755,physical_land,dpcn-puglia,MeteoHub /api/observations,ERA5_sampled_at_coordinate,DPC_regional_observation,True,True,False,True,,observed_in_snapshot; observed_snapshots=3. Official DPC/regional station observed in at least one selected MeteoHub time window; an offline station may be absent.
LAND::MH::dpcn-campania::953df92f3d39,Roccadaspide,40.47611,15.17028,physical_land,dpcn-campania,MeteoHub /api/observations,ERA5_sampled_at_coordinate,DPC_regional_observation,True,True,False,True,,observed_in_snapshot; observed_snapshots=3. Official DPC/regional station observed in at least one selected MeteoHub time window; an offline station may be absent.
LAND::MH::dpcn-basilicata::a13b3e02dc36,Brienza,40.47972,15.64139,physical_land,dpcn-basilicata,MeteoHub /api/observations,ERA5_sampled_at_coordinate,DPC_regional_observation,True,True,False,True,,observed_in_snapshot; observed_snapshots=3. Official DPC/regional station observed in at least one selected MeteoHub time window; an offline station may be absent.
LAND::MH::dpcn-basilicata::b0e8ff4ee569,S.Mauro Forte,40.48056,16.24833,physical_land,dpcn-basilicata,MeteoHub /api/observations,ERA5_sampled_at_coordinate,DPC_regional_observation,True,True,False,True,,observed_in_snapshot; observed_snapshots=3. Official DPC/regional station observed in at least one selected MeteoHub time window; an offline station may be absent.
LAND::MH::dpcn-campania::bf0321b37cb1,Sele alla Foce,40.48107,14.94899,physical_land,dpcn-campania,MeteoHub /api/observations,ERA5_sampled_at_coordinate,DPC_regional_observation,True,True,False,True,,observed_in_snapshot; observed_snapshots=3. Official DPC/regional station observed in at least one selected MeteoHub time window; an offline station may be absent.
LAND::MH::dpcn-puglia::e6cec6f0792c,S.Pietro Vernotico,40.48683,17.9935,physical_land,dpcn-puglia,MeteoHub /api/observations,ERA5_sampled_at_coordinate,DPC_regional_observation,True,True,False,True,,observed_in_snapshot; observed_snapshots=3. Official DPC/regional station observed in at least one selected MeteoHub time window; an offline station may be absent.
LAND::MH::dpcn-basilicata::75bd8db855f9,Ferrandina,40.49028,16.44806,physical_land,dpcn-basilicata,MeteoHub /api/observations,ERA5_sampled_at_coordinate,DPC_regional_observation,True,True,False,True,,observed_in_snapshot; observed_snapshots=3. Official DPC/regional station observed in at least one selected MeteoHub time window; an offline station may be absent.
LAND::MH::dpcn-campania::c27bd5b84ece,Albanella,40.497,15.01425,physical_land,dpcn-campania,MeteoHub /api/observations,ERA5_sampled_at_coordinate,DPC_regional_observation,True,True,False,True,,observed_in_snapshot; observed_snapshots=3. Official DPC/regional station observed in at least one selected MeteoHub time window; an offline station may be absent.
LAND::MH::dpcn-basilicata::add55594d8eb,Abriola a Sellata Pierfaone,40.50056,15.76111,physical_land,dpcn-basilicata,MeteoHub /api/observations,ERA5_sampled_at_coordinate,DPC_regional_observation,True,True,False,True,,observed_in_snapshot; observed_snapshots=3. Official DPC/regional station observed in at least one selected MeteoHub time window; an offline station may be absent.
LAND::MH::dpcn-campania::059c8e00d99b,Albanella Calore,40.51222,15.04278,physical_land,dpcn-campania,MeteoHub /api/observations,ERA5_sampled_at_coordinate,DPC_regional_observation,True,True,False,True,,observed_in_snapshot; observed_snapshots=3. Official DPC/regional station observed in at least one selected MeteoHub time window; an offline station may be absent.
LAND::MH::dpcn-puglia::050261c7d006,Canale Marziotta,40.51858,17.02592,physical_land,dpcn-puglia,MeteoHub /api/observations,ERA5_sampled_at_coordinate,DPC_regional_observation,True,True,False,True,,observed_in_snapshot; observed_snapshots=3. Official DPC/regional station observed in at least one selected MeteoHub time window; an offline station may be absent.
LAND::MH::dpcn-puglia::d97a5e257852,Grottaglie,40.52017,17.45317,physical_land,dpcn-puglia,MeteoHub /api/observations,ERA5_sampled_at_coordinate,DPC_regional_observation,True,True,False,True,,observed_in_snapshot; observed_snapshots=3. Official DPC/regional station observed in at least one selected MeteoHub time window; an offline station may be absent.
LAND::MH::dpcn-basilicata::6eb81be070b4,Anzi,40.52167,15.91222,physical_land,dpcn-basilicata,MeteoHub /api/observations,ERA5_sampled_at_coordinate,DPC_regional_observation,True,True,False,True,,observed_in_snapshot; observed_snapshots=3. Official DPC/regional station observed in at least one selected MeteoHub time window; an offline station may be absent.
LAND::MH::dpcn-puglia::d0bfd0af182d,Poliba Sede Taranto,40.526,17.28217,physical_land,dpcn-puglia,MeteoHub /api/observations,ERA5_sampled_at_coordinate,DPC_regional_observation,True,True,False,True,,observed_in_snapshot; observed_snapshots=3. Official DPC/regional station observed in at least one selected MeteoHub time window; an offline station may be absent.
LAND::MH::dpcn-puglia::3545292e37d8,Latiano,40.529,17.71033,physical_land,dpcn-puglia,MeteoHub /api/observations,ERA5_sampled_at_coordinate,DPC_regional_observation,True,True,False,True,,observed_in_snapshot; observed_snapshots=3. Official DPC/regional station observed in at least one selected MeteoHub time window; an offline station may be absent.
LAND::MH::dpcn-puglia::b0ff7a2aafc1,Cellino S.Marco,40.53783,17.8155,physical_land,dpcn-puglia,MeteoHub /api/observations,ERA5_sampled_at_coordinate,DPC_regional_observation,True,True,False,True,,observed_in_snapshot; observed_snapshots=3. Official DPC/regional station observed in at least one selected MeteoHub time window; an offline station may be absent.
LAND::MH::dpcn-campania::605ebdaa1b44,Persano Sele,40.53829,15.03086,physical_land,dpcn-campania,MeteoHub /api/observations,ERA5_sampled_at_coordinate,DPC_regional_observation,True,True,False,True,,observed_in_snapshot; observed_snapshots=3. Official DPC/regional station observed in at least one selected MeteoHub time window; an offline station may be absent.
LAND::MH::dpcn-basilicata::b5c0e7bcbb61,F.Melandro S.Angelo Le Fratte,40.5425,15.56972,physical_land,dpcn-basilicata,MeteoHub /api/observations,ERA5_sampled_at_coordinate,DPC_regional_observation,True,True,False,True,,observed_in_snapshot; observed_snapshots=3. Official DPC/regional station observed in at least one selected MeteoHub time window; an offline station may be absent.
LAND::MH::dpcn-puglia::278834dd1b7f,Ginosa,40.5445,16.86267,physical_land,dpcn-puglia,MeteoHub /api/observations,ERA5_sampled_at_coordinate,DPC_regional_observation,True,True,False,True,,observed_in_snapshot; observed_snapshots=3. Official DPC/regional station observed in at least one selected MeteoHub time window; an offline station may be absent.
LAND::MH::dpcn-basilicata::a9bc2ccac899,Campomaggiore,40.54488,16.07556,physical_land,dpcn-basilicata,MeteoHub /api/observations,ERA5_sampled_at_coordinate,DPC_regional_observation,True,True,False,True,,observed_in_snapshot; observed_snapshots=3. Official DPC/regional station observed in at least one selected MeteoHub time window; an offline station may be absent.
LAND::MH::dpcn-campania::68d2d7b108a4,Auletta,40.54925,15.43586,physical_land,dpcn-campania,MeteoHub /api/observations,ERA5_sampled_at_coordinate,DPC_regional_observation,True,True,False,True,,observed_in_snapshot; observed_snapshots=3. Official DPC/regional station observed in at least one selected MeteoHub time window; an offline station may be absent.
LAND::MH::dpcn-campania::f842a9c109ed,Capri,40.54972,14.22806,physical_land,dpcn-campania,MeteoHub /api/observations,ERA5_sampled_at_coordinate,DPC_regional_observation,True,True,False,True,,observed_in_snapshot; observed_snapshots=3. Official DPC/regional station observed in at least one selected MeteoHub time window; an offline station may be absent.
LAND::MH::dpcn-campania::2a46d949be34,Ponte Calore,40.55358,15.13362,physical_land,dpcn-campania,MeteoHub /api/observations,ERA5_sampled_at_coordinate,DPC_regional_observation,True,True,False,True,,observed_in_snapshot; observed_snapshots=3. Official DPC/regional station observed in at least one selected MeteoHub time window; an offline station may be absent.
LAND::MH::dpcn-basilicata::2414f88b35d2,Salandra,40.55611,16.33056,physical_land,dpcn-basilicata,MeteoHub /api/observations,ERA5_sampled_at_coordinate,DPC_regional_observation,True,True,False,True,,observed_in_snapshot; observed_snapshots=3. Official DPC/regional station observed in at least one selected MeteoHub time window; an offline station may be absent.
LAND::MH::dpcn-puglia::7fd68ca5d127,Palagiano,40.55783,17.0205,physical_land,dpcn-puglia,MeteoHub /api/observations,ERA5_sampled_at_coordinate,DPC_regional_observation,True,True,False,True,,observed_in_snapshot; observed_snapshots=3. Official DPC/regional station observed in at least one selected MeteoHub time window; an offline station may be absent.
LAND::MH::dpcn-basilicata::fca911e8d16f,Montescaglioso,40.55866,16.7012,physical_land,dpcn-basilicata,MeteoHub /api/observations,ERA5_sampled_at_coordinate,DPC_regional_observation,True,True,False,True,,observed_in_snapshot; observed_snapshots=3. Official DPC/regional station observed in at least one selected MeteoHub time window; an offline station may be absent.
LAND::MH::dpcn-campania::8ee98b6314e0,Postiglione METEO,40.56194,15.23694,physical_land,dpcn-campania,MeteoHub /api/observations,ERA5_sampled_at_coordinate,DPC_regional_observation,True,True,False,True,,observed_in_snapshot; observed_snapshots=3. Official DPC/regional station observed in at least one selected MeteoHub time window; an offline station may be absent.
LAND::MH::dpcn-puglia::3f246efb172c,Montemesola,40.5628,17.33838,physical_land,dpcn-puglia,MeteoHub /api/observations,ERA5_sampled_at_coordinate,DPC_regional_observation,True,True,False,True,,observed_in_snapshot; observed_snapshots=3. Official DPC/regional station observed in at least one selected MeteoHub time window; an offline station may be absent.
LAND::MH::dpcn-puglia::7bb000b222b0,Statte,40.56488,17.20403,physical_land,dpcn-puglia,MeteoHub /api/observations,ERA5_sampled_at_coordinate,DPC_regional_observation,True,True,False,True,,observed_in_snapshot; observed_snapshots=3. Official DPC/regional station observed in at least one selected MeteoHub time window; an offline station may be absent.
LAND::MH::dpcn-basilicata::a022a3cb7dcc,Tito,40.57417,15.65694,physical_land,dpcn-basilicata,MeteoHub /api/observations,ERA5_sampled_at_coordinate,DPC_regional_observation,True,True,False,True,,observed_in_snapshot; observed_snapshots=3. Official DPC/regional station observed in at least one selected MeteoHub time window; an offline station may be absent.
LAND::MH::dpcn-puglia::c347aa52d203,Massafra,40.5755,17.10833,physical_land,dpcn-puglia,MeteoHub /api/observations,ERA5_sampled_at_coordinate,DPC_regional_observation,True,True,False,True,,observed_in_snapshot; observed_snapshots=3. Official DPC/regional station observed in at least one selected MeteoHub time window; an offline station may be absent.
LAND::MH::dpcn-puglia::34e21adfb41c,Fiume Lato SP14,40.57767,17.036,physical_land,dpcn-puglia,MeteoHub /api/observations,ERA5_sampled_at_coordinate,DPC_regional_observation,True,True,False,True,,observed_in_snapshot; observed_snapshots=3. Official DPC/regional station observed in at least one selected MeteoHub time window; an offline station may be absent.
LAND::MH::dpcn-campania::16ae40897e95,Castelluccio,40.57972,15.33611,physical_land,dpcn-campania,MeteoHub /api/observations,ERA5_sampled_at_coordinate,DPC_regional_observation,True,True,False,True,,observed_in_snapshot; observed_snapshots=3. Official DPC/regional station observed in at least one selected MeteoHub time window; an offline station may be absent.
LAND::MH::dpcn-puglia::76b386e1826c,Fiume Lato SP13,40.58883,16.92733,physical_land,dpcn-puglia,MeteoHub /api/observations,ERA5_sampled_at_coordinate,DPC_regional_observation,True,True,False,True,,observed_in_snapshot; observed_snapshots=3. Official DPC/regional station observed in at least one selected MeteoHub time window; an offline station may be absent.
LAND::MH::dpcn-basilicata::cdcdfde6f387,Albano di Lucania,40.58944,16.03778,physical_land,dpcn-basilicata,MeteoHub /api/observations,ERA5_sampled_at_coordinate,DPC_regional_observation,True,True,False,True,,observed_in_snapshot; observed_snapshots=3. Official DPC/regional station observed in at least one selected MeteoHub time window; an offline station may be absent.
LAND::MH::dpcn-basilicata::845a26223611,Vietri,40.595,15.5175,physical_land,dpcn-basilicata,MeteoHub /api/observations,ERA5_sampled_at_coordinate,DPC_regional_observation,True,True,False,True,,observed_in_snapshot; observed_snapshots=3. Official DPC/regional station observed in at least one selected MeteoHub time window; an offline station may be absent.
LAND::MH::dpcn-puglia::4d9b46309c3f,Crispiano,40.59533,17.2485,physical_land,dpcn-puglia,MeteoHub /api/observations,ERA5_sampled_at_coordinate,DPC_regional_observation,True,True,False,True,,observed_in_snapshot; observed_snapshots=3. Official DPC/regional station observed in at least one selected MeteoHub time window; an offline station may be absent.
LAND::MH::dpcn-basilicata::449b0189d182,Salvitelle,40.59731,15.47017,physical_land,dpcn-basilicata,MeteoHub /api/observations,ERA5_sampled_at_coordinate,DPC_regional_observation,True,True,False,True,,observed_in_snapshot; observed_snapshots=3. Official DPC/regional station observed in at least one selected MeteoHub time window; an offline station may be absent.
LAND::MH::dpcn-basilicata::aadf05f031a6,Grassano Scalo,40.59764,16.24456,physical_land,dpcn-basilicata,MeteoHub /api/observations,ERA5_sampled_at_coordinate,DPC_regional_observation,True,True,False,True,,observed_in_snapshot; observed_snapshots=3. Official DPC/regional station observed in at least one selected MeteoHub time window; an offline station may be absent.
LAND::MH::dpcn-campania::578ec1a9c579,Battipaglia,40.60361,14.97472,physical_land,dpcn-campania,MeteoHub /api/observations,ERA5_sampled_at_coordinate,DPC_regional_observation,True,True,False,True,,observed_in_snapshot; observed_snapshots=3. Official DPC/regional station observed in at least one selected MeteoHub time window; an offline station may be absent.
LAND::MH::dpcn-campania::b6942b031db5,Sicignano,40.60472,15.2925,physical_land,dpcn-campania,MeteoHub /api/observations,ERA5_sampled_at_coordinate,DPC_regional_observation,True,True,False,True,,observed_in_snapshot; observed_snapshots=3. Official DPC/regional station observed in at least one selected MeteoHub time window; an offline station may be absent.
LAND::MH::dpcn-campania::e519bd9e3f90,Massa Lubrense,40.60639,14.36278,physical_land,dpcn-campania,MeteoHub /api/observations,ERA5_sampled_at_coordinate,DPC_regional_observation,True,True,False,True,,observed_in_snapshot; observed_snapshots=3. Official DPC/regional station observed in at least one selected MeteoHub time window; an offline station may be absent.
LAND::MH::dpcn-campania::7315b333766a,Romagnano,40.60775,15.45107,physical_land,dpcn-campania,MeteoHub /api/observations,ERA5_sampled_at_coordinate,DPC_regional_observation,True,True,False,True,,observed_in_snapshot; observed_snapshots=3. Official DPC/regional station observed in at least one selected MeteoHub time window; an offline station may be absent.
LAND::MH::dpcn-campania::ce0bb65bd74b,Buccino,40.60955,15.39103,physical_land,dpcn-campania,MeteoHub /api/observations,ERA5_sampled_at_coordinate,DPC_regional_observation,True,True,False,True,,observed_in_snapshot; observed_snapshots=3. Official DPC/regional station observed in at least one selected MeteoHub time window; an offline station may be absent.
LAND::MH::dpcn-campania::2463f2b1473a,Battipaglia Idro,40.61111,14.96917,physical_land,dpcn-campania,MeteoHub /api/observations,ERA5_sampled_at_coordinate,DPC_regional_observation,True,True,False,True,,observed_in_snapshot; observed_snapshots=3. Official DPC/regional station observed in at least one selected MeteoHub time window; an offline station may be absent.
LAND::MH::dpcn-puglia::afcb842f8352,Ceglie Messapica,40.61533,17.52033,physical_land,dpcn-puglia,MeteoHub /api/observations,ERA5_sampled_at_coordinate,DPC_regional_observation,True,True,False,True,,observed_in_snapshot; observed_snapshots=3. Official DPC/regional station observed in at least one selected MeteoHub time window; an offline station may be absent.
LAND::MH::dpcn-basilicata::e863be918081,Tricarico,40.61889,16.13833,physical_land,dpcn-basilicata,MeteoHub /api/observations,ERA5_sampled_at_coordinate,DPC_regional_observation,True,True,False,True,,observed_in_snapshot; observed_snapshots=3. Official DPC/regional station observed in at least one selected MeteoHub time window; an offline station may be absent.
LAND::MH::dpcn-campania::f0874a612638,Amalfi,40.62139,14.57944,physical_land,dpcn-campania,MeteoHub /api/observations,ERA5_sampled_at_coordinate,DPC_regional_observation,True,True,False,True,,observed_in_snapshot; observed_snapshots=3. Official DPC/regional station observed in at least one selected MeteoHub time window; an offline station may be absent.
LAND::MH::dpcn-puglia::6fe8885b66aa,Laterza,40.62183,16.802,physical_land,dpcn-puglia,MeteoHub /api/observations,ERA5_sampled_at_coordinate,DPC_regional_observation,True,True,False,True,,observed_in_snapshot; observed_snapshots=3. Official DPC/regional station observed in at least one selected MeteoHub time window; an offline station may be absent.
LAND::MH::dpcn-basilicata::c8d47ca3ad69,Potenza Q.A.,40.6261,15.79684,physical_land,dpcn-basilicata,MeteoHub /api/observations,ERA5_sampled_at_coordinate,DPC_regional_observation,True,True,False,True,,observed_in_snapshot; observed_snapshots=3. Official DPC/regional station observed in at least one selected MeteoHub time window; an offline station may be absent.
LAND::MH::dpcn-puglia::b98d516f00ad,Brindisi,40.62867,17.92667,physical_land,dpcn-puglia,MeteoHub /api/observations,ERA5_sampled_at_coordinate,DPC_regional_observation,True,True,False,True,,observed_in_snapshot; observed_snapshots=3. Official DPC/regional station observed in at least one selected MeteoHub time window; an offline station may be absent.
LAND::MH::dpcn-campania::de87cefffe1e,Sorrento,40.63024,14.38699,physical_land,dpcn-campania,MeteoHub /api/observations,ERA5_sampled_at_coordinate,DPC_regional_observation,True,True,False,True,,observed_in_snapshot; observed_snapshots=3. Official DPC/regional station observed in at least one selected MeteoHub time window; an offline station may be absent.
LAND::MH::dpcn-campania::380904aedc4a,Positano,40.63056,14.50333,physical_land,dpcn-campania,MeteoHub /api/observations,ERA5_sampled_at_coordinate,DPC_regional_observation,True,True,False,True,,observed_in_snapshot; observed_snapshots=3. Official DPC/regional station observed in at least one selected MeteoHub time window; an offline station may be absent.
LAND::MH::dpcn-puglia::797fa1ec9a88,Mottola,40.63083,17.041,physical_land,dpcn-puglia,MeteoHub /api/observations,ERA5_sampled_at_coordinate,DPC_regional_observation,True,True,False,True,,observed_in_snapshot; observed_snapshots=3. Official DPC/regional station observed in at least one selected MeteoHub time window; an offline station may be absent.
LAND::MH::dpcn-basilicata::9320dffc5017,Potenza,40.63278,15.81083,physical_land,dpcn-basilicata,MeteoHub /api/observations,ERA5_sampled_at_coordinate,DPC_regional_observation,True,True,False,True,,observed_in_snapshot; observed_snapshots=3. Official DPC/regional station observed in at least one selected MeteoHub time window; an offline station may be absent.
LAND::MH::dpcn-basilicata::65488c8cc02b,Grassano,40.63472,16.275,physical_land,dpcn-basilicata,MeteoHub /api/observations,ERA5_sampled_at_coordinate,DPC_regional_observation,True,True,False,True,,observed_in_snapshot; observed_snapshots=3. Official DPC/regional station observed in at least one selected MeteoHub time window; an offline station may be absent.
LAND::MH::dpcn-campania::b479ee403b5c,Costa dei Corvi,40.6375,15.35167,physical_land,dpcn-campania,MeteoHub /api/observations,ERA5_sampled_at_coordinate,DPC_regional_observation,True,True,False,True,,observed_in_snapshot; observed_snapshots=3. Official DPC/regional station observed in at least one selected MeteoHub time window; an offline station may be absent.
LAND::MH::dpcn-basilicata::dbfde876933f,Picerno,40.6375,15.63722,physical_land,dpcn-basilicata,MeteoHub /api/observations,ERA5_sampled_at_coordinate,DPC_regional_observation,True,True,False,True,,observed_in_snapshot; observed_snapshots=3. Official DPC/regional station observed in at least one selected MeteoHub time window; an offline station may be absent.
LAND::MH::dpcn-campania::ee29ddf0a259,Amalfi-Pogerola,40.63828,14.59083,physical_land,dpcn-campania,MeteoHub /api/observations,ERA5_sampled_at_coordinate,DPC_regional_observation,True,True,False,True,,observed_in_snapshot; observed_snapshots=3. Official DPC/regional station observed in at least one selected MeteoHub time window; an offline station may be absent.
LAND::MH::dpcn-campania::23a6b5be159d,Agerola,40.63917,14.53361,physical_land,dpcn-campania,MeteoHub /api/observations,ERA5_sampled_at_coordinate,DPC_regional_observation,True,True,False,True,,observed_in_snapshot; observed_snapshots=3. Official DPC/regional station observed in at least one selected MeteoHub time window; an offline station may be absent.
LAND::MH::dpcn-basilicata::a9f3fe53e80d,S.Giuliano,40.63937,16.4329,physical_land,dpcn-basilicata,MeteoHub /api/observations,ERA5_sampled_at_coordinate,DPC_regional_observation,True,True,False,True,,observed_in_snapshot; observed_snapshots=3. Official DPC/regional station observed in at least one selected MeteoHub time window; an offline station may be absent.
LAND::MH::dpcn-campania::1a1a4a7fda83,Scala - Pontone,40.64139,14.60389,physical_land,dpcn-campania,MeteoHub /api/observations,ERA5_sampled_at_coordinate,DPC_regional_observation,True,True,False,True,,observed_in_snapshot; observed_snapshots=3. Official DPC/regional station observed in at least one selected MeteoHub time window; an offline station may be absent.
LAND::MH::dpcn-campania::3511fa566da8,Salerno METEO,40.64389,14.83667,physical_land,dpcn-campania,MeteoHub /api/observations,ERA5_sampled_at_coordinate,DPC_regional_observation,True,True,False,True,,observed_in_snapshot; observed_snapshots=3. Official DPC/regional station observed in at least one selected MeteoHub time window; an offline station may be absent.
LAND::MH::dpcn-campania::73e7530a5bcc,Pontecagnano,40.64639,14.86556,physical_land,dpcn-campania,MeteoHub /api/observations,ERA5_sampled_at_coordinate,DPC_regional_observation,True,True,False,True,,observed_in_snapshot; observed_snapshots=3. Official DPC/regional station observed in at least one selected MeteoHub time window; an offline station may be absent.
LAND::MH::dpcn-campania::76a5a439560a,Agerola METEO,40.64694,14.54056,physical_land,dpcn-campania,MeteoHub /api/observations,ERA5_sampled_at_coordinate,DPC_regional_observation,True,True,False,True,,observed_in_snapshot; observed_snapshots=3. Official DPC/regional station observed in at least one selected MeteoHub time window; an offline station may be absent.
LAND::MH::dpcn-basilicata::cf4ae6942e00,S.Demetrio,40.64722,15.93083,physical_land,dpcn-basilicata,MeteoHub /api/observations,ERA5_sampled_at_coordinate,DPC_regional_observation,True,True,False,True,,observed_in_snapshot; observed_snapshots=3. Official DPC/regional station observed in at least one selected MeteoHub time window; an offline station may be absent.
LAND::MH::dpcn-campania::b22028dd63b0,Cetara,40.65028,14.70222,physical_land,dpcn-campania,MeteoHub /api/observations,ERA5_sampled_at_coordinate,DPC_regional_observation,True,True,False,True,,observed_in_snapshot; observed_snapshots=3. Official DPC/regional station observed in at least one selected MeteoHub time window; an offline station may be absent.
LAND::MH::dpcn-campania::d723dd1fd14e,Contursi,40.65146,15.22968,physical_land,dpcn-campania,MeteoHub /api/observations,ERA5_sampled_at_coordinate,DPC_regional_observation,True,True,False,True,,observed_in_snapshot; observed_snapshots=3. Official DPC/regional station observed in at least one selected MeteoHub time window; an offline station may be absent.
LAND::MH::dpcn-campania::a67b597f20b9,Ravello,40.65167,14.60667,physical_land,dpcn-campania,MeteoHub /api/observations,ERA5_sampled_at_coordinate,DPC_regional_observation,True,True,False,True,,observed_in_snapshot; observed_snapshots=3. Official DPC/regional station observed in at least one selected MeteoHub time window; an offline station may be absent.
LAND::MH::dpcn-campania::2d2366bff8f8,Maiori,40.6525,14.63889,physical_land,dpcn-campania,MeteoHub /api/observations,ERA5_sampled_at_coordinate,DPC_regional_observation,True,True,False,True,,observed_in_snapshot; observed_snapshots=3. Official DPC/regional station observed in at least one selected MeteoHub time window; an offline station may be absent.
LAND::MH::dpcn-campania::23b35182e349,Moiano,40.65361,14.46389,physical_land,dpcn-campania,MeteoHub /api/observations,ERA5_sampled_at_coordinate,DPC_regional_observation,True,True,False,True,,observed_in_snapshot; observed_snapshots=3. Official DPC/regional station observed in at least one selected MeteoHub time window; an offline station may be absent.
LAND::MH::dpcn-puglia::94c2161aecef,S.Vito dei Normanni,40.65383,17.75183,physical_land,dpcn-puglia,MeteoHub /api/observations,ERA5_sampled_at_coordinate,DPC_regional_observation,True,True,False,True,,observed_in_snapshot; observed_snapshots=3. Official DPC/regional station observed in at least one selected MeteoHub time window; an offline station may be absent.
LAND::MH::dpcn-campania::174c3f638a41,Cetara (Serbatoio comunale),40.65544,14.69406,physical_land,dpcn-campania,MeteoHub /api/observations,ERA5_sampled_at_coordinate,DPC_regional_observation,True,True,False,True,,observed_in_snapshot; observed_snapshots=3. Official DPC/regional station observed in at least one selected MeteoHub time window; an offline station may be absent.
LAND::MH::dpcn-campania::0d9af7d3b900,Scala-S.Caterina,40.66047,14.60339,physical_land,dpcn-campania,MeteoHub /api/observations,ERA5_sampled_at_coordinate,DPC_regional_observation,True,True,False,True,,observed_in_snapshot; observed_snapshots=3. Official DPC/regional station observed in at least one selected MeteoHub time window; an offline station may be absent.
LAND::MH::dpcn-campania::15d460c8035b,Montecorvino R.lla,40.6625,14.98389,physical_land,dpcn-campania,MeteoHub /api/observations,ERA5_sampled_at_coordinate,DPC_regional_observation,True,True,False,True,,observed_in_snapshot; observed_snapshots=3. Official DPC/regional station observed in at least one selected MeteoHub time window; an offline station may be absent.
LAND::MH::dpcn-basilicata::34202e3d9aa5,Castellaneta,40.66617,16.71367,physical_land,dpcn-basilicata,MeteoHub /api/observations,ERA5_sampled_at_coordinate,DPC_regional_observation,True,True,False,True,,observed_in_snapshot; observed_snapshots=3. Official DPC/regional station observed in at least one selected MeteoHub time window; an offline station may be absent.
LAND::MH::dpcn-puglia::828da4123264,Palagianello,40.66917,17.0325,physical_land,dpcn-puglia,MeteoHub /api/observations,ERA5_sampled_at_coordinate,DPC_regional_observation,True,True,False,True,,observed_in_snapshot; observed_snapshots=3. Official DPC/regional station observed in at least one selected MeteoHub time window; an offline station may be absent.
LAND::MH::dpcn-basilicata::8f6e6e42b33c,Vaglio di Basilicata,40.66944,15.91528,physical_land,dpcn-basilicata,MeteoHub /api/observations,ERA5_sampled_at_coordinate,DPC_regional_observation,True,True,False,True,,observed_in_snapshot; observed_snapshots=3. Official DPC/regional station observed in at least one selected MeteoHub time window; an offline station may be absent.
LAND::MH::dpcn-basilicata::2fd092a1a2f6,Matera,40.66944,16.60167,physical_land,dpcn-basilicata,MeteoHub /api/observations,ERA5_sampled_at_coordinate,DPC_regional_observation,True,True,False,True,,observed_in_snapshot; observed_snapshots=3. Official DPC/regional station observed in at least one selected MeteoHub time window; an offline station may be absent.
LAND::MH::dpcn-campania::8dcf3693a363,Albori,40.67072,14.71228,physical_land,dpcn-campania,MeteoHub /api/observations,ERA5_sampled_at_coordinate,DPC_regional_observation,True,True,False,True,,observed_in_snapshot; observed_snapshots=3. Official DPC/regional station observed in at least one selected MeteoHub time window; an offline station may be absent.
LAND::MH::dpcn-campania::49dfe7b4856a,Pimonte,40.67361,14.50167,physical_land,dpcn-campania,MeteoHub /api/observations,ERA5_sampled_at_coordinate,DPC_regional_observation,True,True,False,True,,observed_in_snapshot; observed_snapshots=3. Official DPC/regional station observed in at least one selected MeteoHub time window; an offline station may be absent.
LAND::MH::dpcn-campania::9252d9c99481,Ravello-Sambuco,40.67536,14.61164,physical_land,dpcn-campania,MeteoHub /api/observations,ERA5_sampled_at_coordinate,DPC_regional_observation,True,True,False,True,,observed_in_snapshot; observed_snapshots=3. Official DPC/regional station observed in at least one selected MeteoHub time window; an offline station may be absent.
LAND::MH::dpcn-campania::87c957636062,Salerno Genio Civile,40.6775,14.74,physical_land,dpcn-campania,MeteoHub /api/observations,ERA5_sampled_at_coordinate,DPC_regional_observation,True,True,False,True,,observed_in_snapshot; observed_snapshots=3. Official DPC/regional station observed in at least one selected MeteoHub time window; an offline station may be absent.
LAND::MH::dpcn-campania::db69acea3e32,Contursi Meteo,40.67813,15.24852,physical_land,dpcn-campania,MeteoHub /api/observations,ERA5_sampled_at_coordinate,DPC_regional_observation,True,True,False,True,,observed_in_snapshot; observed_snapshots=3. Official DPC/regional station observed in at least one selected MeteoHub time window; an offline station may be absent.
LAND::MH::dpcn-campania::23472de59dbe,Dragonea,40.67842,14.70625,physical_land,dpcn-campania,MeteoHub /api/observations,ERA5_sampled_at_coordinate,DPC_regional_observation,True,True,False,True,,observed_in_snapshot; observed_snapshots=3. Official DPC/regional station observed in at least one selected MeteoHub time window; an offline station may be absent.
LAND::MH::dpcn-campania::ab52919c30c8,Gragnano,40.68889,14.51444,physical_land,dpcn-campania,MeteoHub /api/observations,ERA5_sampled_at_coordinate,DPC_regional_observation,True,True,False,True,,observed_in_snapshot; observed_snapshots=3. Official DPC/regional station observed in at least one selected MeteoHub time window; an offline station may be absent.
LAND::MH::dpcn-puglia::17dfa13bc182,Martina Franca,40.69217,17.38883,physical_land,dpcn-puglia,MeteoHub /api/observations,ERA5_sampled_at_coordinate,DPC_regional_observation,True,True,False,True,,observed_in_snapshot; observed_snapshots=3. Official DPC/regional station observed in at least one selected MeteoHub time window; an offline station may be absent.
LAND::MH::dpcn-campania::d470faa99071,Cava Casa Riceri,40.69272,14.68844,physical_land,dpcn-campania,MeteoHub /api/observations,ERA5_sampled_at_coordinate,DPC_regional_observation,True,True,False,True,,observed_in_snapshot; observed_snapshots=3. Official DPC/regional station observed in at least one selected MeteoHub time window; an offline station may be absent.
LAND::MH::dpcn-campania::cb0d6a39276e,Tramonti,40.69639,14.64556,physical_land,dpcn-campania,MeteoHub /api/observations,ERA5_sampled_at_coordinate,DPC_regional_observation,True,True,False,True,,observed_in_snapshot; observed_snapshots=3. Official DPC/regional station observed in at least one selected MeteoHub time window; an offline station may be absent.
LAND::MH::dpcn-campania::43a932fad944,Cava dei Tirreni,40.69722,14.70167,physical_land,dpcn-campania,MeteoHub /api/observations,ERA5_sampled_at_coordinate,DPC_regional_observation,True,True,False,True,,observed_in_snapshot; observed_snapshots=3. Official DPC/regional station observed in at least one selected MeteoHub time window; an offline station may be absent.
LAND::MH::dpcn-campania::e37c33b06fb3,Lettere,40.70778,14.53389,physical_land,dpcn-campania,MeteoHub /api/observations,ERA5_sampled_at_coordinate,DPC_regional_observation,True,True,False,True,,observed_in_snapshot; observed_snapshots=3. Official DPC/regional station observed in at least one selected MeteoHub time window; an offline station may be absent.
LAND::MH::dpcn-campania::6ab16fd66f93,Piano Liguori,40.71083,13.95,physical_land,dpcn-campania,MeteoHub /api/observations,ERA5_sampled_at_coordinate,DPC_regional_observation,True,True,False,True,,observed_in_snapshot; observed_snapshots=3. Official DPC/regional station observed in at least one selected MeteoHub time window; an offline station may be absent.
LAND::MH::dpcn-puglia::d5d9e05509e4,Ostuni,40.71483,17.58467,physical_land,dpcn-puglia,MeteoHub /api/observations,ERA5_sampled_at_coordinate,DPC_regional_observation,True,True,False,True,,observed_in_snapshot; observed_snapshots=3. Official DPC/regional station observed in at least one selected MeteoHub time window; an offline station may be absent.
LAND::MH::dpcn-campania::d83d1a1ed90b,Tramonti Chiunzi,40.71903,14.62033,physical_land,dpcn-campania,MeteoHub /api/observations,ERA5_sampled_at_coordinate,DPC_regional_observation,True,True,False,True,,observed_in_snapshot; observed_snapshots=3. Official DPC/regional station observed in at least one selected MeteoHub time window; an offline station may be absent.
LAND::MH::dpcn-campania::ce61c366c652,Cologna,40.71944,14.77056,physical_land,dpcn-campania,MeteoHub /api/observations,ERA5_sampled_at_coordinate,DPC_regional_observation,True,True,False,True,,observed_in_snapshot; observed_snapshots=3. Official DPC/regional station observed in at least one selected MeteoHub time window; an offline station may be absent.
LAND::MH::dpcn-campania::3e8c8e6dc4dc,Monte Epomeo (Ischia),40.72167,13.89889,physical_land,dpcn-campania,MeteoHub /api/observations,ERA5_sampled_at_coordinate,DPC_regional_observation,True,True,False,True,,observed_in_snapshot; observed_snapshots=3. Official DPC/regional station observed in at least one selected MeteoHub time window; an offline station may be absent.
LAND::MH::dpcn-campania::c3f91e5555d2,Pellezzano,40.72556,14.75111,physical_land,dpcn-campania,MeteoHub /api/observations,ERA5_sampled_at_coordinate,DPC_regional_observation,True,True,False,True,,observed_in_snapshot; observed_snapshots=3. Official DPC/regional station observed in at least one selected MeteoHub time window; an offline station may be absent.
LAND::MH::dpcn-puglia::e3cc5f2d9250,Montursi (Gioia del Colle),40.72583,16.90367,physical_land,dpcn-puglia,MeteoHub /api/observations,ERA5_sampled_at_coordinate,DPC_regional_observation,True,True,False,True,,observed_in_snapshot; observed_snapshots=3. Official DPC/regional station observed in at least one selected MeteoHub time window; an offline station may be absent.
LAND::MH::dpcn-campania::698234df8356,Castiglione del Genovesi,40.72639,14.84417,physical_land,dpcn-campania,MeteoHub /api/observations,ERA5_sampled_at_coordinate,DPC_regional_observation,True,True,False,True,,observed_in_snapshot; observed_snapshots=3. Official DPC/regional station observed in at least one selected MeteoHub time window; an offline station may be absent.
LAND::MH::dpcn-basilicata::78473fbf55d9,Avigliano,40.72861,15.71444,physical_land,dpcn-basilicata,MeteoHub /api/observations,ERA5_sampled_at_coordinate,DPC_regional_observation,True,True,False,True,,observed_in_snapshot; observed_snapshots=3. Official DPC/regional station observed in at least one selected MeteoHub time window; an offline station may be absent.
LAND::MH::dpcn-campania::cd6a935b7ffe,Corbara (S.Egidio M.),40.72889,14.59389,physical_land,dpcn-campania,MeteoHub /api/observations,ERA5_sampled_at_coordinate,DPC_regional_observation,True,True,False,True,,observed_in_snapshot; observed_snapshots=3. Official DPC/regional station observed in at least one selected MeteoHub time window; an offline station may be absent.
LAND::MH::dpcn-basilicata::c51795baff76,S.Nicola,40.72972,15.80222,physical_land,dpcn-basilicata,MeteoHub /api/observations,ERA5_sampled_at_coordinate,DPC_regional_observation,True,True,False,True,,observed_in_snapshot; observed_snapshots=3. Official DPC/regional station observed in at least one selected MeteoHub time window; an offline station may be absent.
LAND::MH::dpcn-campania::cc68b7c225a9,Forio,40.73194,13.87917,physical_land,dpcn-campania,MeteoHub /api/observations,ERA5_sampled_at_coordinate,DPC_regional_observation,True,True,False,True,,observed_in_snapshot; observed_snapshots=3. Official DPC/regional station observed in at least one selected MeteoHub time window; an offline station may be absent.
LAND::MH::dpcn-campania::9ba5796f60b2,Chiusura Sarno,40.73194,14.47722,physical_land,dpcn-campania,MeteoHub /api/observations,ERA5_sampled_at_coordinate,DPC_regional_observation,True,True,False,True,,observed_in_snapshot; observed_snapshots=3. Official DPC/regional station observed in at least one selected MeteoHub time window; an offline station may be absent.
LAND::MH::dpcn-campania::129e12727ac6,Senerchia,40.73333,15.2,physical_land,dpcn-campania,MeteoHub /api/observations,ERA5_sampled_at_coordinate,DPC_regional_observation,True,True,False,True,,observed_in_snapshot; observed_snapshots=3. Official DPC/regional station observed in at least one selected MeteoHub time window; an offline station may be absent.
LAND::MH::dpcn-basilicata::64d6389ab269,Bella-S.Antonio Casalini,40.73361,15.59306,physical_land,dpcn-basilicata,MeteoHub /api/observations,ERA5_sampled_at_coordinate,DPC_regional_observation,True,True,False,True,,observed_in_snapshot; observed_snapshots=3. Official DPC/regional station observed in at least one selected MeteoHub time window; an offline station may be absent.
LAND::MH::dpcn-campania::550996486fd3,Ponte Camerelle,40.73444,14.68083,physical_land,dpcn-campania,MeteoHub /api/observations,ERA5_sampled_at_coordinate,DPC_regional_observation,True,True,False,True,,observed_in_snapshot; observed_snapshots=3. Official DPC/regional station observed in at least one selected MeteoHub time window; an offline station may be absent.
LAND::MH::dpcn-basilicata::8fe45067b6c2,Bradano Ponte Colonna,40.73889,16.1625,physical_land,dpcn-basilicata,MeteoHub /api/observations,ERA5_sampled_at_coordinate,DPC_regional_observation,True,True,False,True,,observed_in_snapshot; observed_snapshots=3. Official DPC/regional station observed in at least one selected MeteoHub time window; an offline station may be absent.
LAND::MH::dpcn-campania::a80f89a47d14,Ischia,40.74028,13.94722,physical_land,dpcn-campania,MeteoHub /api/observations,ERA5_sampled_at_coordinate,DPC_regional_observation,True,True,False,True,,observed_in_snapshot; observed_snapshots=3. Official DPC/regional station observed in at least one selected MeteoHub time window; an offline station may be absent.
LAND::MH::dpcn-basilicata::51e9a534f983,Irsina,40.74167,16.24611,physical_land,dpcn-basilicata,MeteoHub /api/observations,ERA5_sampled_at_coordinate,DPC_regional_observation,True,True,False,True,,observed_in_snapshot; observed_snapshots=3. Official DPC/regional station observed in at least one selected MeteoHub time window; an offline station may be absent.
LAND::MH::dpcn-campania::258009fbb306,Baronissi,40.74194,14.75889,physical_land,dpcn-campania,MeteoHub /api/observations,ERA5_sampled_at_coordinate,DPC_regional_observation,True,True,False,True,,observed_in_snapshot; observed_snapshots=3. Official DPC/regional station observed in at least one selected MeteoHub time window; an offline station may be absent.
LAND::MH::dpcn-puglia::166807b74f64,Locorotondo,40.75467,17.33617,physical_land,dpcn-puglia,MeteoHub /api/observations,ERA5_sampled_at_coordinate,DPC_regional_observation,True,True,False,True,,observed_in_snapshot; observed_snapshots=3. Official DPC/regional station observed in at least one selected MeteoHub time window; an offline station may be absent.
LAND::MH::dpcn-basilicata::18b2c11bc8e3,Muro Lucano,40.75972,15.47889,physical_land,dpcn-basilicata,MeteoHub /api/observations,ERA5_sampled_at_coordinate,DPC_regional_observation,True,True,False,True,,observed_in_snapshot; observed_snapshots=3. Official DPC/regional station observed in at least one selected MeteoHub time window; an offline station may be absent.
LAND::MH::dpcn-campania::0324593f1426,Pompei,40.76111,14.50694,physical_land,dpcn-campania,MeteoHub /api/observations,ERA5_sampled_at_coordinate,DPC_regional_observation,True,True,False,True,,observed_in_snapshot; observed_snapshots=3. Official DPC/regional station observed in at least one selected MeteoHub time window; an offline station may be absent.
LAND::MH::dpcn-campania::c51c8f1fabb1,S.Mauro,40.76333,14.62722,physical_land,dpcn-campania,MeteoHub /api/observations,ERA5_sampled_at_coordinate,DPC_regional_observation,True,True,False,True,,observed_in_snapshot; observed_snapshots=3. Official DPC/regional station observed in at least one selected MeteoHub time window; an offline station may be absent.
LAND::MH::dpcn-puglia::f7ccf84a99fe,Altamura,40.7635,16.59967,physical_land,dpcn-puglia,MeteoHub /api/observations,ERA5_sampled_at_coordinate,DPC_regional_observation,True,True,False,True,,observed_in_snapshot; observed_snapshots=3. Official DPC/regional station observed in at least one selected MeteoHub time window; an offline station may be absent.
LAND::MH::dpcn-basilicata::e1e4e6648422,Oppido Lucano,40.76389,15.99833,physical_land,dpcn-basilicata,MeteoHub /api/observations,ERA5_sampled_at_coordinate,DPC_regional_observation,True,True,False,True,,observed_in_snapshot; observed_snapshots=3. Official DPC/regional station observed in at least one selected MeteoHub time window; an offline station may be absent.
LAND::MH::dpcn-campania::3040cda5cddc,S.Marzano Sarno,40.78,14.57333,physical_land,dpcn-campania,MeteoHub /api/observations,ERA5_sampled_at_coordinate,DPC_regional_observation,True,True,False,True,,observed_in_snapshot; observed_snapshots=3. Official DPC/regional station observed in at least one selected MeteoHub time window; an offline station may be absent.
LAND::MH::dpcn-campania::504818401f53,Pizzolano,40.785,14.78667,physical_land,dpcn-campania,MeteoHub /api/observations,ERA5_sampled_at_coordinate,DPC_regional_observation,True,True,False,True,,observed_in_snapshot; observed_snapshots=3. Official DPC/regional station observed in at least one selected MeteoHub time window; an offline station may be absent.
LAND::MH::dpcn-campania::e8cb3ad8f8d1,Mercato S.Severino,40.78583,14.76556,physical_land,dpcn-campania,MeteoHub /api/observations,ERA5_sampled_at_coordinate,DPC_regional_observation,True,True,False,True,,observed_in_snapshot; observed_snapshots=3. Official DPC/regional station observed in at least one selected MeteoHub time window; an offline station may be absent.
LAND::MH::dpcn-campania::e0aa7bdae197,Giffoni,40.78694,14.91222,physical_land,dpcn-campania,MeteoHub /api/observations,ERA5_sampled_at_coordinate,DPC_regional_observation,True,True,False,True,,observed_in_snapshot; observed_snapshots=3. Official DPC/regional station observed in at least one selected MeteoHub time window; an offline station may be absent.
LAND::MH::dpcn-puglia::00402e3b1e2d,Santeramo in Colle,40.78917,16.757,physical_land,dpcn-puglia,MeteoHub /api/observations,ERA5_sampled_at_coordinate,DPC_regional_observation,True,True,False,True,,observed_in_snapshot; observed_snapshots=3. Official DPC/regional station observed in at least one selected MeteoHub time window; an offline station may be absent.
LAND::MH::dpcn-puglia::e27be5881f82,Noci,40.79117,17.11767,physical_land,dpcn-puglia,MeteoHub /api/observations,ERA5_sampled_at_coordinate,DPC_regional_observation,True,True,False,True,,observed_in_snapshot; observed_snapshots=3. Official DPC/regional station observed in at least one selected MeteoHub time window; an offline station may be absent.
LAND::MH::dpcn-campania::ecc40e5d25f7,Nisida METEO,40.79361,14.16389,physical_land,dpcn-campania,MeteoHub /api/observations,ERA5_sampled_at_coordinate,DPC_regional_observation,True,True,False,True,,observed_in_snapshot; observed_snapshots=3. Official DPC/regional station observed in at least one selected MeteoHub time window; an offline station may be absent.
LAND::MH::dpcn-campania::51e436b00651,Torre del Greco,40.79417,14.38056,physical_land,dpcn-campania,MeteoHub /api/observations,ERA5_sampled_at_coordinate,DPC_regional_observation,True,True,False,True,,observed_in_snapshot; observed_snapshots=3. Official DPC/regional station observed in at least one selected MeteoHub time window; an offline station may be absent.
LAND::MH::dpcn-campania::5b0e96823f7d,Giffoni Valle Piana,40.7944,14.9089,physical_land,dpcn-campania,MeteoHub /api/observations,ERA5_sampled_at_coordinate,DPC_regional_observation,True,True,False,True,,observed_in_snapshot; observed_snapshots=3. Official DPC/regional station observed in at least one selected MeteoHub time window; an offline station may be absent.
LAND::MH::dpcn-puglia::7e24dc9f27cc,Gioia del Colle,40.79667,16.91833,physical_land,dpcn-puglia,MeteoHub /api/observations,ERA5_sampled_at_coordinate,DPC_regional_observation,True,True,False,True,,observed_in_snapshot; observed_snapshots=3. Official DPC/regional station observed in at least one selected MeteoHub time window; an offline station may be absent.
LAND::MH::dpcn-basilicata::a2d403067709,San Fele,40.8055,15.527,physical_land,dpcn-basilicata,MeteoHub /api/observations,ERA5_sampled_at_coordinate,DPC_regional_observation,True,True,False,True,,observed_in_snapshot; observed_snapshots=3. Official DPC/regional station observed in at least one selected MeteoHub time window; an offline station may be absent.
LAND::MH::dpcn-campania::d290acc4450e,Caposele,40.81361,15.22639,physical_land,dpcn-campania,MeteoHub /api/observations,ERA5_sampled_at_coordinate,DPC_regional_observation,True,True,False,True,,observed_in_snapshot; observed_snapshots=3. Official DPC/regional station observed in at least one selected MeteoHub time window; an offline station may be absent.
LAND::MH::dpcn-campania::602ad5281378,Ercolano,40.81417,14.36333,physical_land,dpcn-campania,MeteoHub /api/observations,ERA5_sampled_at_coordinate,DPC_regional_observation,True,True,False,True,,observed_in_snapshot; observed_snapshots=3. Official DPC/regional station observed in at least one selected MeteoHub time window; an offline station may be absent.
LAND::MH::dpcn-campania::9c993212e893,Sarno,40.8169,14.6164,physical_land,dpcn-campania,MeteoHub /api/observations,ERA5_sampled_at_coordinate,DPC_regional_observation,True,True,False,True,,observed_in_snapshot; observed_snapshots=3. Official DPC/regional station observed in at least one selected MeteoHub time window; an offline station may be absent.
LAND::MH::dpcn-campania::e452bd936203,Cetronico,40.81694,14.70167,physical_land,dpcn-campania,MeteoHub /api/observations,ERA5_sampled_at_coordinate,DPC_regional_observation,True,True,False,True,,observed_in_snapshot; observed_snapshots=3. Official DPC/regional station observed in at least one selected MeteoHub time window; an offline station may be absent.
LAND::MH::dpcn-campania::721888e76e5e,S.Pietro,40.81833,14.78139,physical_land,dpcn-campania,MeteoHub /api/observations,ERA5_sampled_at_coordinate,DPC_regional_observation,True,True,False,True,,observed_in_snapshot; observed_snapshots=3. Official DPC/regional station observed in at least one selected MeteoHub time window; an offline station may be absent.
LAND::MH::dpcn-puglia::1032e59344d8,Gravina in Puglia,40.82167,16.40817,physical_land,dpcn-puglia,MeteoHub /api/observations,ERA5_sampled_at_coordinate,DPC_regional_observation,True,True,False,True,,observed_in_snapshot; observed_snapshots=3. Official DPC/regional station observed in at least one selected MeteoHub time window; an offline station may be absent.
LAND::MH::dpcn-campania::be5d6acb2c4f,Bracigliano,40.82472,14.71111,physical_land,dpcn-campania,MeteoHub /api/observations,ERA5_sampled_at_coordinate,DPC_regional_observation,True,True,False,True,,observed_in_snapshot; observed_snapshots=3. Official DPC/regional station observed in at least one selected MeteoHub time window; an offline station may be absent.
LAND::MH::dpcn-puglia::9fdb83d17168,Fasano,40.8255,17.3655,physical_land,dpcn-puglia,MeteoHub /api/observations,ERA5_sampled_at_coordinate,DPC_regional_observation,True,True,False,True,,observed_in_snapshot; observed_snapshots=3. Official DPC/regional station observed in at least one selected MeteoHub time window; an offline station may be absent.
LAND::MH::dpcn-campania::4985ec2f6781,Solofra,40.82639,14.84222,physical_land,dpcn-campania,MeteoHub /api/observations,ERA5_sampled_at_coordinate,DPC_regional_observation,True,True,False,True,,observed_in_snapshot; observed_snapshots=3. Official DPC/regional station observed in at least one selected MeteoHub time window; an offline station may be absent.
LAND::MH::dpcn-campania::cc7d797aea9e,Sarno SPM20,40.82944,14.61417,physical_land,dpcn-campania,MeteoHub /api/observations,ERA5_sampled_at_coordinate,DPC_regional_observation,True,True,False,True,,observed_in_snapshot; observed_snapshots=3. Official DPC/regional station observed in at least one selected MeteoHub time window; an offline station may be absent.
LAND::MH::dpcn-basilicata::07306a99bf06,Pescopagano,40.82967,15.38067,physical_land,dpcn-basilicata,MeteoHub /api/observations,ERA5_sampled_at_coordinate,DPC_regional_observation,True,True,False,True,,observed_in_snapshot; observed_snapshots=3. Official DPC/regional station observed in at least one selected MeteoHub time window; an offline station may be absent.
LAND::MH::dpcn-campania::4a1c82004ce4,Bagnoli Irpino,40.83056,15.07222,physical_land,dpcn-campania,MeteoHub /api/observations,ERA5_sampled_at_coordinate,DPC_regional_observation,True,True,False,True,,observed_in_snapshot; observed_snapshots=3. Official DPC/regional station observed in at least one selected MeteoHub time window; an offline station may be absent.
LAND::MH::dpcn-campania::69914f51052c,Pozzuoli,40.83083,14.12778,physical_land,dpcn-campania,MeteoHub /api/observations,ERA5_sampled_at_coordinate,DPC_regional_observation,True,True,False,True,,observed_in_snapshot; observed_snapshots=3. Official DPC/regional station observed in at least one selected MeteoHub time window; an offline station may be absent.
LAND::MH::dpcn-campania::147a7f789f0f,Boiara,40.8325,15.24417,physical_land,dpcn-campania,MeteoHub /api/observations,ERA5_sampled_at_coordinate,DPC_regional_observation,True,True,False,True,,observed_in_snapshot; observed_snapshots=3. Official DPC/regional station observed in at least one selected MeteoHub time window; an offline station may be absent.
LAND::MH::dpcn-campania::7dca802e5e28,Sarno CF,40.83528,14.59528,physical_land,dpcn-campania,MeteoHub /api/observations,ERA5_sampled_at_coordinate,DPC_regional_observation,True,True,False,True,,observed_in_snapshot; observed_snapshots=3. Official DPC/regional station observed in at least one selected MeteoHub time window; an offline station may be absent.
LAND::MH::dpcn-campania::2b00a4fdf3e7,Montella METEO,40.83861,15.03944,physical_land,dpcn-campania,MeteoHub /api/observations,ERA5_sampled_at_coordinate,DPC_regional_observation,True,True,False,True,,observed_in_snapshot; observed_snapshots=3. Official DPC/regional station observed in at least one selected MeteoHub time window; an offline station may be absent.
LAND::MH::dpcn-basilicata::9dc85b911aa9,Lagopesole,40.83917,15.64367,physical_land,dpcn-basilicata,MeteoHub /api/observations,ERA5_sampled_at_coordinate,DPC_regional_observation,True,True,False,True,,observed_in_snapshot; observed_snapshots=3. Official DPC/regional station observed in at least one selected MeteoHub time window; an offline station may be absent.
LAND::MH::dpcn-campania::65249d9fbbd0,Piani di Prato,40.84,14.65639,physical_land,dpcn-campania,MeteoHub /api/observations,ERA5_sampled_at_coordinate,DPC_regional_observation,True,True,False,True,,observed_in_snapshot; observed_snapshots=3. Official DPC/regional station observed in at least one selected MeteoHub time window; an offline station may be absent.
LAND::MH::dpcn-campania::8f4cea4f4180,Ottaviano,40.8425,14.46583,physical_land,dpcn-campania,MeteoHub /api/observations,ERA5_sampled_at_coordinate,DPC_regional_observation,True,True,False,True,,observed_in_snapshot; observed_snapshots=3. Official DPC/regional station observed in at least one selected MeteoHub time window; an offline station may be absent.
LAND::MH::dpcn-campania::cd104e6478d3,Teora,40.847,15.24333,physical_land,dpcn-campania,MeteoHub /api/observations,ERA5_sampled_at_coordinate,DPC_regional_observation,True,True,False,True,,observed_in_snapshot; observed_snapshots=3. Official DPC/regional station observed in at least one selected MeteoHub time window; an offline station may be absent.
LAND::MH::dpcn-campania::1e60836d7d85,Montella,40.84787,15.05046,physical_land,dpcn-campania,MeteoHub /api/observations,ERA5_sampled_at_coordinate,DPC_regional_observation,True,True,False,True,,observed_in_snapshot; observed_snapshots=3. Official DPC/regional station observed in at least one selected MeteoHub time window; an offline station may be absent.
LAND::MH::dpcn-basilicata::6fed29317a0a,Forenza,40.84983,15.85433,physical_land,dpcn-basilicata,MeteoHub /api/observations,ERA5_sampled_at_coordinate,DPC_regional_observation,True,True,False,True,,observed_in_snapshot; observed_snapshots=3. Official DPC/regional station observed in at least one selected MeteoHub time window; an offline station may be absent.
LAND::MH::dpcn-campania::86591234ca15,Quindici Torre Vecchia,40.855,14.65722,physical_land,dpcn-campania,MeteoHub /api/observations,ERA5_sampled_at_coordinate,DPC_regional_observation,True,True,False,True,,observed_in_snapshot; observed_snapshots=3. Official DPC/regional station observed in at least one selected MeteoHub time window; an offline station may be absent.
LAND::MH::dpcn-campania::95a1ee0a0dff,Napoli Camaldoli,40.85528,14.1975,physical_land,dpcn-campania,MeteoHub /api/observations,ERA5_sampled_at_coordinate,DPC_regional_observation,True,True,False,True,,observed_in_snapshot; observed_snapshots=3. Official DPC/regional station observed in at least one selected MeteoHub time window; an offline station may be absent.
LAND::MH::dpcn-campania::77c7f8645a30,Forino,40.85833,14.73889,physical_land,dpcn-campania,MeteoHub /api/observations,ERA5_sampled_at_coordinate,DPC_regional_observation,True,True,False,True,,observed_in_snapshot; observed_snapshots=3. Official DPC/regional station observed in at least one selected MeteoHub time window; an offline station may be absent.
LAND::MH::dpcn-campania::1c92a24405ae,Torriello,40.85861,14.61556,physical_land,dpcn-campania,MeteoHub /api/observations,ERA5_sampled_at_coordinate,DPC_regional_observation,True,True,False,True,,observed_in_snapshot; observed_snapshots=3. Official DPC/regional station observed in at least one selected MeteoHub time window; an offline station may be absent.
LAND::MH::dpcn-puglia::4421f84955e5,Mercadante,40.86083,16.63483,physical_land,dpcn-puglia,MeteoHub /api/observations,ERA5_sampled_at_coordinate,DPC_regional_observation,True,True,False,True,,observed_in_snapshot; observed_snapshots=3. Official DPC/regional station observed in at least one selected MeteoHub time window; an offline station may be absent.
LAND::MH::dpcn-campania::9f645cfb2cb6,Conza della Campania METEO,40.86194,15.28194,physical_land,dpcn-campania,MeteoHub /api/observations,ERA5_sampled_at_coordinate,DPC_regional_observation,True,True,False,True,,observed_in_snapshot; observed_snapshots=3. Official DPC/regional station observed in at least one selected MeteoHub time window; an offline station may be absent.
LAND::MH::dpcn-campania::8da1129410a4,Quindici,40.86389,14.64944,physical_land,dpcn-campania,MeteoHub /api/observations,ERA5_sampled_at_coordinate,DPC_regional_observation,True,True,False,True,,observed_in_snapshot; observed_snapshots=3. Official DPC/regional station observed in at least one selected MeteoHub time window; an offline station may be absent.
LAND::MH::dpcn-basilicata::c291a7d47d3c,T. Atella - P.te SS381,40.86533,15.61067,physical_land,dpcn-basilicata,MeteoHub /api/observations,ERA5_sampled_at_coordinate,DPC_regional_observation,True,True,False,True,,observed_in_snapshot; observed_snapshots=3. Official DPC/regional station observed in at least one selected MeteoHub time window; an offline station may be absent.
LAND::MH::dpcn-campania::bbcd1a09337a,Napoli Capodimonte,40.86556,14.23417,physical_land,dpcn-campania,MeteoHub /api/observations,ERA5_sampled_at_coordinate,DPC_regional_observation,True,True,False,True,,observed_in_snapshot; observed_snapshots=3. Official DPC/regional station observed in at least one selected MeteoHub time window; an offline station may be absent.
LAND::MH::dpcn-campania::9b23633d85b0,Palma Campania,40.875,14.56083,physical_land,dpcn-campania,MeteoHub /api/observations,ERA5_sampled_at_coordinate,DPC_regional_observation,True,True,False,True,,observed_in_snapshot; observed_snapshots=3. Official DPC/regional station observed in at least one selected MeteoHub time window; an offline station may be absent.
LAND::MH::dpcn-puglia::863486f2d299,Castellana Grotte,40.87583,17.208,physical_land,dpcn-puglia,MeteoHub /api/observations,ERA5_sampled_at_coordinate,DPC_regional_observation,True,True,False,True,,observed_in_snapshot; observed_snapshots=3. Official DPC/regional station observed in at least one selected MeteoHub time window; an offline station may be absent.
LAND::MH::dpcn-campania::22a1fda54260,Cassano Irpino,40.88,15.02944,physical_land,dpcn-campania,MeteoHub /api/observations,ERA5_sampled_at_coordinate,DPC_regional_observation,True,True,False,True,,observed_in_snapshot; observed_snapshots=3. Official DPC/regional station observed in at least one selected MeteoHub time window; an offline station may be absent.
LAND::MH::dpcn-puglia::f3f8528a6123,Cassano Murge,40.88067,16.79267,physical_land,dpcn-puglia,MeteoHub /api/observations,ERA5_sampled_at_coordinate,DPC_regional_observation,True,True,False,True,,observed_in_snapshot; observed_snapshots=3. Official DPC/regional station observed in at least one selected MeteoHub time window; an offline station may be absent.
LAND::MH::dpcn-campania::ec5f4ba53d5e,Monteforte Irpino,40.8825,14.72167,physical_land,dpcn-campania,MeteoHub /api/observations,ERA5_sampled_at_coordinate,DPC_regional_observation,True,True,False,True,,observed_in_snapshot; observed_snapshots=3. Official DPC/regional station observed in at least one selected MeteoHub time window; an offline station may be absent.
LAND::MH::dpcn-campania::99b64526c698,Serino,40.8925,14.84444,physical_land,dpcn-campania,MeteoHub /api/observations,ERA5_sampled_at_coordinate,DPC_regional_observation,True,True,False,True,,observed_in_snapshot; observed_snapshots=3. Official DPC/regional station observed in at least one selected MeteoHub time window; an offline station may be absent.
LAND::MH::dpcn-campania::c1f00b044787,Calitri,40.89283,15.41967,physical_land,dpcn-campania,MeteoHub /api/observations,ERA5_sampled_at_coordinate,DPC_regional_observation,True,True,False,True,,observed_in_snapshot; observed_snapshots=3. Official DPC/regional station observed in at least one selected MeteoHub time window; an offline station may be absent.
LAND::MH::dpcn-puglia::35a15e32d15b,Acquaviva delle Fonti,40.89705,16.84247,physical_land,dpcn-puglia,MeteoHub /api/observations,ERA5_sampled_at_coordinate,DPC_regional_observation,True,True,False,True,,observed_in_snapshot; observed_snapshots=3. Official DPC/regional station observed in at least one selected MeteoHub time window; an offline station may be absent.
LAND::MH::dpcn-puglia::a1c4d6edae1a,Turi,40.90067,17.05267,physical_land,dpcn-puglia,MeteoHub /api/observations,ERA5_sampled_at_coordinate,DPC_regional_observation,True,True,False,True,,observed_in_snapshot; observed_snapshots=3. Official DPC/regional station observed in at least one selected MeteoHub time window; an offline station may be absent.
LAND::MH::dpcn-campania::329557c45dfb,Ofanto a Monticchio,40.90278,15.50361,physical_land,dpcn-campania,MeteoHub /api/observations,ERA5_sampled_at_coordinate,DPC_regional_observation,True,True,False,True,,observed_in_snapshot; observed_snapshots=3. Official DPC/regional station observed in at least one selected MeteoHub time window; an offline station may be absent.
LAND::MH::dpcn-campania::3767728316bf,Avellino-Genio Civile,40.91167,14.78083,physical_land,dpcn-campania,MeteoHub /api/observations,ERA5_sampled_at_coordinate,DPC_regional_observation,True,True,False,True,,observed_in_snapshot; observed_snapshots=3. Official DPC/regional station observed in at least one selected MeteoHub time window; an offline station may be absent.
LAND::MH::dpcn-campania::35be1fbf7740,Montemarano,40.91222,15.00528,physical_land,dpcn-campania,MeteoHub /api/observations,ERA5_sampled_at_coordinate,DPC_regional_observation,True,True,False,True,,observed_in_snapshot; observed_snapshots=3. Official DPC/regional station observed in at least one selected MeteoHub time window; an offline station may be absent.
LAND::MH::dpcn-basilicata::0fa4625d6cc7,Ripacandida,40.91317,15.71383,physical_land,dpcn-basilicata,MeteoHub /api/observations,ERA5_sampled_at_coordinate,DPC_regional_observation,True,True,False,True,,observed_in_snapshot; observed_snapshots=3. Official DPC/regional station observed in at least one selected MeteoHub time window; an offline station may be absent.
LAND::MH::dpcn-campania::a6022239decd,S.Angelo dei Lombardi,40.91767,15.175,physical_land,dpcn-campania,MeteoHub /api/observations,ERA5_sampled_at_coordinate,DPC_regional_observation,True,True,False,True,,observed_in_snapshot; observed_snapshots=3. Official DPC/regional station observed in at least one selected MeteoHub time window; an offline station may be absent.
LAND::MH::dpcn-campania::33c352220997,Mercogliano,40.91778,14.72917,physical_land,dpcn-campania,MeteoHub /api/observations,ERA5_sampled_at_coordinate,DPC_regional_observation,True,True,False,True,,observed_in_snapshot; observed_snapshots=3. Official DPC/regional station observed in at least one selected MeteoHub time window; an offline station may be absent.
LAND::MH::dpcn-campania::6bf0a6fd276d,Sabato ad Atripalda,40.91778,14.83194,physical_land,dpcn-campania,MeteoHub /api/observations,ERA5_sampled_at_coordinate,DPC_regional_observation,True,True,False,True,,observed_in_snapshot; observed_snapshots=3. Official DPC/regional station observed in at least one selected MeteoHub time window; an offline station may be absent.
LAND::MH::dpcn-puglia::274e683c4d9e,Conversano,40.9205,17.12583,physical_land,dpcn-puglia,MeteoHub /api/observations,ERA5_sampled_at_coordinate,DPC_regional_observation,True,True,False,True,,observed_in_snapshot; observed_snapshots=3. Official DPC/regional station observed in at least one selected MeteoHub time window; an offline station may be absent.
LAND::MH::dpcn-campania::46e8f751f82b,Visciano,40.92722,14.57667,physical_land,dpcn-campania,MeteoHub /api/observations,ERA5_sampled_at_coordinate,DPC_regional_observation,True,True,False,True,,observed_in_snapshot; observed_snapshots=3. Official DPC/regional station observed in at least one selected MeteoHub time window; an offline station may be absent.
LAND::MH::dpcn-campania::989164abd36c,Andretta,40.92933,15.3195,physical_land,dpcn-campania,MeteoHub /api/observations,ERA5_sampled_at_coordinate,DPC_regional_observation,True,True,False,True,,observed_in_snapshot; observed_snapshots=3. Official DPC/regional station observed in at least one selected MeteoHub time window; an offline station may be absent.
LAND::MH::dpcn-lazio::14269489114d,Ponza,40.93194,12.98278,physical_land,dpcn-lazio,MeteoHub /api/observations,ERA5_sampled_at_coordinate,DPC_regional_observation,True,True,False,True,,observed_in_snapshot; observed_snapshots=3. Official DPC/regional station observed in at least one selected MeteoHub time window; an offline station may be absent.
LAND::MH::dpcn-basilicata::004d0e08eb23,Palazzo S.Gervasio,40.93389,15.98,physical_land,dpcn-basilicata,MeteoHub /api/observations,ERA5_sampled_at_coordinate,DPC_regional_observation,True,True,False,True,,observed_in_snapshot; observed_snapshots=3. Official DPC/regional station observed in at least one selected MeteoHub time window; an offline station may be absent.
LAND::MH::dpcn-basilicata::0e1efe31cfdc,Monticchio Bagni,40.936,15.5505,physical_land,dpcn-basilicata,MeteoHub /api/observations,ERA5_sampled_at_coordinate,DPC_regional_observation,True,True,False,True,,observed_in_snapshot; observed_snapshots=3. Official DPC/regional station observed in at least one selected MeteoHub time window; an offline station may be absent.
LAND::MH::dpcn-puglia::0dcdf5d85dd9,Monopoli,40.93817,17.30117,physical_land,dpcn-puglia,MeteoHub /api/observations,ERA5_sampled_at_coordinate,DPC_regional_observation,True,True,False,True,,observed_in_snapshot; observed_snapshots=3. Official DPC/regional station observed in at least one selected MeteoHub time window; an offline station may be absent.
LAND::MH::dpcn-campania::57730a9eb03f,Lago Patria METEO,40.94111,14.02139,physical_land,dpcn-campania,MeteoHub /api/observations,ERA5_sampled_at_coordinate,DPC_regional_observation,True,True,False,True,,observed_in_snapshot; observed_snapshots=3. Official DPC/regional station observed in at least one selected MeteoHub time window; an offline station may be absent.
LAND::MH::dpcn-campania::d0526fb7a536,Mugnano Cardinale,40.94139,14.62528,physical_land,dpcn-campania,MeteoHub /api/observations,ERA5_sampled_at_coordinate,DPC_regional_observation,True,True,False,True,,observed_in_snapshot; observed_snapshots=3. Official DPC/regional station observed in at least one selected MeteoHub time window; an offline station may be absent.
LAND::MH::dpcn-basilicata::44921d82fc12,M.te Vulture,40.944,15.61467,physical_land,dpcn-basilicata,MeteoHub /api/observations,ERA5_sampled_at_coordinate,DPC_regional_observation,True,True,False,True,,observed_in_snapshot; observed_snapshots=3. Official DPC/regional station observed in at least one selected MeteoHub time window; an offline station may be absent.
LAND::MH::dpcn-puglia::317ca2ca67bf,Casamassima,40.9535,16.9175,physical_land,dpcn-puglia,MeteoHub /api/observations,ERA5_sampled_at_coordinate,DPC_regional_observation,True,True,False,True,,observed_in_snapshot; observed_snapshots=3. Official DPC/regional station observed in at least one selected MeteoHub time window; an offline station may be absent.
LAND::MH::dpcn-basilicata::04f6060a862f,Venosa ETG,40.956,15.79883,physical_land,dpcn-basilicata,MeteoHub /api/observations,ERA5_sampled_at_coordinate,DPC_regional_observation,True,True,False,True,,observed_in_snapshot; observed_snapshots=3. Official DPC/regional station observed in at least one selected MeteoHub time window; an offline station may be absent.
LAND::MH::dpcn-puglia::a6c30633d37b,Spinazzola,40.957,16.1405,physical_land,dpcn-puglia,MeteoHub /api/observations,ERA5_sampled_at_coordinate,DPC_regional_observation,True,True,False,True,,observed_in_snapshot; observed_snapshots=3. Official DPC/regional station observed in at least one selected MeteoHub time window; an offline station may be absent.
LAND::MH::dpcn-puglia::f96d05f1fdc9,Quasano,40.959,16.57217,physical_land,dpcn-puglia,MeteoHub /api/observations,ERA5_sampled_at_coordinate,DPC_regional_observation,True,True,False,True,,observed_in_snapshot; observed_snapshots=3. Official DPC/regional station observed in at least one selected MeteoHub time window; an offline station may be absent.
LAND::MH::dpcn-campania::984e0209f521,Cicciano,40.95917,14.54083,physical_land,dpcn-campania,MeteoHub /api/observations,ERA5_sampled_at_coordinate,DPC_regional_observation,True,True,False,True,,observed_in_snapshot; observed_snapshots=3. Official DPC/regional station observed in at least one selected MeteoHub time window; an offline station may be absent.
LAND::MH::dpcn-campania::25a2d7d808a1,Avella,40.95944,14.59778,physical_land,dpcn-campania,MeteoHub /api/observations,ERA5_sampled_at_coordinate,DPC_regional_observation,True,True,False,True,,observed_in_snapshot; observed_snapshots=3. Official DPC/regional station observed in at least one selected MeteoHub time window; an offline station may be absent.
LAND::MH::dpcn-basilicata::8ba7edf42f13,Venosa,40.95972,15.80361,physical_land,dpcn-basilicata,MeteoHub /api/observations,ERA5_sampled_at_coordinate,DPC_regional_observation,True,True,False,True,,observed_in_snapshot; observed_snapshots=3. Official DPC/regional station observed in at least one selected MeteoHub time window; an offline station may be absent.
LAND::MH::dpcn-basilicata::5a5ab50d537a,T. Arcidiaconata - SS93 (P.te ve,40.96883,15.74383,physical_land,dpcn-basilicata,MeteoHub /api/observations,ERA5_sampled_at_coordinate,DPC_regional_observation,True,True,False,True,,observed_in_snapshot; observed_snapshots=3. Official DPC/regional station observed in at least one selected MeteoHub time window; an offline station may be absent.
LAND::MH::dpcn-basilicata::8d8330ce439a,Torrente Lapilloso,40.97275,15.78997,physical_land,dpcn-basilicata,MeteoHub /api/observations,ERA5_sampled_at_coordinate,DPC_regional_observation,True,True,False,True,,observed_in_snapshot; observed_snapshots=3. Official DPC/regional station observed in at least one selected MeteoHub time window; an offline station may be absent.
LAND::MH::dpcn-campania::4c3420ccf050,Luogosano,40.97472,15.00361,physical_land,dpcn-campania,MeteoHub /api/observations,ERA5_sampled_at_coordinate,DPC_regional_observation,True,True,False,True,,observed_in_snapshot; observed_snapshots=3. Official DPC/regional station observed in at least one selected MeteoHub time window; an offline station may be absent.
LAND::MH::dpcn-puglia::b31c08feb8fa,Polignano,40.9825,17.22517,physical_land,dpcn-puglia,MeteoHub /api/observations,ERA5_sampled_at_coordinate,DPC_regional_observation,True,True,False,True,,observed_in_snapshot; observed_snapshots=3. Official DPC/regional station observed in at least one selected MeteoHub time window; an offline station may be absent.
LAND::MH::dpcn-basilicata::8a34c11441a6,Melfi,40.99083,15.62067,physical_land,dpcn-basilicata,MeteoHub /api/observations,ERA5_sampled_at_coordinate,DPC_regional_observation,True,True,False,True,,observed_in_snapshot; observed_snapshots=3. Official DPC/regional station observed in at least one selected MeteoHub time window; an offline station may be absent.
LAND::MH::dpcn-campania::1fad9f8479b9,Pietrastornina,40.99111,14.72778,physical_land,dpcn-campania,MeteoHub /api/observations,ERA5_sampled_at_coordinate,DPC_regional_observation,True,True,False,True,,observed_in_snapshot; observed_snapshots=3. Official DPC/regional station observed in at least one selected MeteoHub time window; an offline station may be absent.
LAND::MH::dpcn-basilicata::1579beddc9b0,Torrente Arcidiaconata,40.99233,15.82183,physical_land,dpcn-basilicata,MeteoHub /api/observations,ERA5_sampled_at_coordinate,DPC_regional_observation,True,True,False,True,,observed_in_snapshot; observed_snapshots=3. Official DPC/regional station observed in at least one selected MeteoHub time window; an offline station may be absent.
LAND::MH::dpcn-campania::7b85db62f032,F. Ofanto - SP155 (Monteverde sc,40.995,15.51383,physical_land,dpcn-campania,MeteoHub /api/observations,ERA5_sampled_at_coordinate,DPC_regional_observation,True,True,False,True,,observed_in_snapshot; observed_snapshots=3. Official DPC/regional station observed in at least one selected MeteoHub time window; an offline station may be absent.
LAND::MH::dpcn-puglia::d0a79677adb2,Grumo Appula,40.998,16.73117,physical_land,dpcn-puglia,MeteoHub /api/observations,ERA5_sampled_at_coordinate,DPC_regional_observation,True,True,False,True,,observed_in_snapshot; observed_snapshots=3. Official DPC/regional station observed in at least one selected MeteoHub time window; an offline station may be absent.
LAND::MH::dpcn-puglia::07aadb2f2aac,Adelfia,41.00083,16.86717,physical_land,dpcn-puglia,MeteoHub /api/observations,ERA5_sampled_at_coordinate,DPC_regional_observation,True,True,False,True,,observed_in_snapshot; observed_snapshots=3. Official DPC/regional station observed in at least one selected MeteoHub time window; an offline station may be absent.
LAND::MH::dpcn-campania::05cf625c95f0,Altavilla Irpina,41.00278,14.78083,physical_land,dpcn-campania,MeteoHub /api/observations,ERA5_sampled_at_coordinate,DPC_regional_observation,True,True,False,True,,observed_in_snapshot; observed_snapshots=3. Official DPC/regional station observed in at least one selected MeteoHub time window; an offline station may be absent.
LAND::MH::dpcn-campania::3eb83f7e6090,S.Felice al Cancello,41.00583,14.48472,physical_land,dpcn-campania,MeteoHub /api/observations,ERA5_sampled_at_coordinate,DPC_regional_observation,True,True,False,True,,observed_in_snapshot; observed_snapshots=3. Official DPC/regional station observed in at least one selected MeteoHub time window; an offline station may be absent.
LAND::MH::dpcn-campania::7611cd610b7d,Cervinara,41.00833,14.62417,physical_land,dpcn-campania,MeteoHub /api/observations,ERA5_sampled_at_coordinate,DPC_regional_observation,True,True,False,True,,observed_in_snapshot; observed_snapshots=3. Official DPC/regional station observed in at least one selected MeteoHub time window; an offline station may be absent.
LAND::MH::dpcn-campania::a7c9ff45270f,Bisaccia,41.00883,15.36183,physical_land,dpcn-campania,MeteoHub /api/observations,ERA5_sampled_at_coordinate,DPC_regional_observation,True,True,False,True,,observed_in_snapshot; observed_snapshots=3. Official DPC/regional station observed in at least one selected MeteoHub time window; an offline station may be absent.
LAND::MH::dpcn-campania::1a6882bdddbd,S.Martino Valle Caudina,41.01028,14.66861,physical_land,dpcn-campania,MeteoHub /api/observations,ERA5_sampled_at_coordinate,DPC_regional_observation,True,True,False,True,,observed_in_snapshot; observed_snapshots=3. Official DPC/regional station observed in at least one selected MeteoHub time window; an offline station may be absent.
LAND::MH::dpcn-campania::63ceb05ed59f,Rotondi,41.02083,14.59833,physical_land,dpcn-campania,MeteoHub /api/observations,ERA5_sampled_at_coordinate,DPC_regional_observation,True,True,False,True,,observed_in_snapshot; observed_snapshots=3. Official DPC/regional station observed in at least one selected MeteoHub time window; an offline station may be absent.
LAND::MH::dpcn-basilicata::7f81ed271491,Montemilone,41.022,16.00783,physical_land,dpcn-basilicata,MeteoHub /api/observations,ERA5_sampled_at_coordinate,DPC_regional_observation,True,True,False,True,,observed_in_snapshot; observed_snapshots=3. Official DPC/regional station observed in at least one selected MeteoHub time window; an offline station may be absent.
LAND::MH::dpcn-campania::27890d74ab8d,San Marco Evangelista METEO,41.0225,14.33583,physical_land,dpcn-campania,MeteoHub /api/observations,ERA5_sampled_at_coordinate,DPC_regional_observation,True,True,False,True,,observed_in_snapshot; observed_snapshots=3. Official DPC/regional station observed in at least one selected MeteoHub time window; an offline station may be absent.
LAND::MH::dpcn-campania::6723f1f7b0df,S.Maria a Vico,41.0275,14.48611,physical_land,dpcn-campania,MeteoHub /api/observations,ERA5_sampled_at_coordinate,DPC_regional_observation,True,True,False,True,,observed_in_snapshot; observed_snapshots=3. Official DPC/regional station observed in at least one selected MeteoHub time window; an offline station may be absent.
LAND::MH::dpcn-campania::fb4917d63aa2,Castel Volturno,41.03502,13.93886,physical_land,dpcn-campania,MeteoHub /api/observations,ERA5_sampled_at_coordinate,DPC_regional_observation,True,True,False,True,,observed_in_snapshot; observed_snapshots=3. Official DPC/regional station observed in at least one selected MeteoHub time window; an offline station may be absent.
LAND::MH::dpcn-campania::3094c772a597,Arienzo,41.03528,14.49139,physical_land,dpcn-campania,MeteoHub /api/observations,ERA5_sampled_at_coordinate,DPC_regional_observation,True,True,False,True,,observed_in_snapshot; observed_snapshots=3. Official DPC/regional station observed in at least one selected MeteoHub time window; an offline station may be absent.
LAND::MH::dpcn-basilicata::a0dfbac9ef46,Lavello,41.03694,15.79139,physical_land,dpcn-basilicata,MeteoHub /api/observations,ERA5_sampled_at_coordinate,DPC_regional_observation,True,True,False,True,,observed_in_snapshot; observed_snapshots=3. Official DPC/regional station observed in at least one selected MeteoHub time window; an offline station may be absent.
LAND::MH::dpcn-campania::b1aefa52220d,Chiusura Regi Lagni,41.03972,14.14056,physical_land,dpcn-campania,MeteoHub /api/observations,ERA5_sampled_at_coordinate,DPC_regional_observation,True,True,False,True,,observed_in_snapshot; observed_snapshots=3. Official DPC/regional station observed in at least one selected MeteoHub time window; an offline station may be absent.
LAND::MH::dpcn-campania::10f334cd1731,Chianche,41.04799,14.77637,physical_land,dpcn-campania,MeteoHub /api/observations,ERA5_sampled_at_coordinate,DPC_regional_observation,True,True,False,True,,observed_in_snapshot; observed_snapshots=3. Official DPC/regional station observed in at least one selected MeteoHub time window; an offline station may be absent.
LAND::MH::dpcn-campania::9801089bf92b,Diga Osento,41.05767,15.375,physical_land,dpcn-campania,MeteoHub /api/observations,ERA5_sampled_at_coordinate,DPC_regional_observation,True,True,False,True,,observed_in_snapshot; observed_snapshots=3. Official DPC/regional station observed in at least one selected MeteoHub time window; an offline station may be absent.
LAND::MH::dpcn-campania::a34d4279f69c,Cancello Arnone,41.06916,14.02473,physical_land,dpcn-campania,MeteoHub /api/observations,ERA5_sampled_at_coordinate,DPC_regional_observation,True,True,False,True,,observed_in_snapshot; observed_snapshots=3. Official DPC/regional station observed in at least one selected MeteoHub time window; an offline station may be absent.
LAND::MH::dpcn-puglia::8c65a0c8503c,Minervino Murge,41.07233,16.08417,physical_land,dpcn-puglia,MeteoHub /api/observations,ERA5_sampled_at_coordinate,DPC_regional_observation,True,True,False,True,,observed_in_snapshot; observed_snapshots=3. Official DPC/regional station observed in at least one selected MeteoHub time window; an offline station may be absent.
LAND::MH::dpcn-puglia::ff2545ca18b9,Castel del Monte,41.07333,16.3195,physical_land,dpcn-puglia,MeteoHub /api/observations,ERA5_sampled_at_coordinate,DPC_regional_observation,True,True,False,True,,observed_in_snapshot; observed_snapshots=3. Official DPC/regional station observed in at least one selected MeteoHub time window; an offline station may be absent.
LAND::MH::dpcn-campania::e1a8c9f11ffa,S.Agata dei Goti,41.08778,14.49667,physical_land,dpcn-campania,MeteoHub /api/observations,ERA5_sampled_at_coordinate,DPC_regional_observation,True,True,False,True,,observed_in_snapshot; observed_snapshots=3. Official DPC/regional station observed in at least one selected MeteoHub time window; an offline station may be absent.
LAND::MH::dpcn-campania::297858ab2d9a,Melito Irpino,41.09111,15.05361,physical_land,dpcn-campania,MeteoHub /api/observations,ERA5_sampled_at_coordinate,DPC_regional_observation,True,True,False,True,,observed_in_snapshot; observed_snapshots=3. Official DPC/regional station observed in at least one selected MeteoHub time window; an offline station may be absent.
LAND::MH::dpcn-campania::f4670c04f80f,Grazzanise,41.09261,14.10557,physical_land,dpcn-campania,MeteoHub /api/observations,ERA5_sampled_at_coordinate,DPC_regional_observation,True,True,False,True,,observed_in_snapshot; observed_snapshots=3. Official DPC/regional station observed in at least one selected MeteoHub time window; an offline station may be absent.
LAND::MH::dpcn-puglia::55a73b37350d,Ruvo di Puglia,41.093,16.48867,physical_land,dpcn-puglia,MeteoHub /api/observations,ERA5_sampled_at_coordinate,DPC_regional_observation,True,True,False,True,,observed_in_snapshot; observed_snapshots=3. Official DPC/regional station observed in at least one selected MeteoHub time window; an offline station may be absent.
LAND::MH::dpcn-puglia::c429e9e90bdc,Bitonto,41.093,16.705,physical_land,dpcn-puglia,MeteoHub /api/observations,ERA5_sampled_at_coordinate,DPC_regional_observation,True,True,False,True,,observed_in_snapshot; observed_snapshots=3. Official DPC/regional station observed in at least one selected MeteoHub time window; an offline station may be absent.
LAND::MH::dpcn-puglia::ec36a7a4aa8e,Bari Campus,41.09533,16.8715,physical_land,dpcn-puglia,MeteoHub /api/observations,ERA5_sampled_at_coordinate,DPC_regional_observation,True,True,False,True,,observed_in_snapshot; observed_snapshots=3. Official DPC/regional station observed in at least one selected MeteoHub time window; an offline station may be absent.
LAND::MH::dpcn-puglia::ad88990127f5,Rocchetta Sant'Antonio,41.096,15.44133,physical_land,dpcn-puglia,MeteoHub /api/observations,ERA5_sampled_at_coordinate,DPC_regional_observation,True,True,False,True,,observed_in_snapshot; observed_snapshots=3. Official DPC/regional station observed in at least one selected MeteoHub time window; an offline station may be absent.
LAND::MH::dpcn-campania::e2daeccf41dc,Caserta Vecchia,41.0975,14.3625,physical_land,dpcn-campania,MeteoHub /api/observations,ERA5_sampled_at_coordinate,DPC_regional_observation,True,True,False,True,,observed_in_snapshot; observed_snapshots=3. Official DPC/regional station observed in at least one selected MeteoHub time window; an offline station may be absent.
LAND::MH::dpcn-puglia::2db074e1b7cb,Giovinazzo,41.0975,16.61717,physical_land,dpcn-puglia,MeteoHub /api/observations,ERA5_sampled_at_coordinate,DPC_regional_observation,True,True,False,True,,observed_in_snapshot; observed_snapshots=2. Official DPC/regional station observed in at least one selected MeteoHub time window; an offline station may be absent.
LAND::MH::dpcn-puglia::ad39c95cba08,Diga Locone,41.09845,15.99153,physical_land,dpcn-puglia,MeteoHub /api/observations,ERA5_sampled_at_coordinate,DPC_regional_observation,True,True,False,True,,observed_in_snapshot; observed_snapshots=3. Official DPC/regional station observed in at least one selected MeteoHub time window; an offline station may be absent.
LAND::MH::dpcn-campania::a83df91d5484,S.Agata dei Goti Isclero,41.1025,14.46389,physical_land,dpcn-campania,MeteoHub /api/observations,ERA5_sampled_at_coordinate,DPC_regional_observation,True,True,False,True,,observed_in_snapshot; observed_snapshots=3. Official DPC/regional station observed in at least one selected MeteoHub time window; an offline station may be absent.
LAND::MH::dpcn-puglia::1188b3b27aa3,F. Ofanto - S.Samuele di Cafiero,41.10633,16.14083,physical_land,dpcn-puglia,MeteoHub /api/observations,ERA5_sampled_at_coordinate,DPC_regional_observation,True,True,False,True,,observed_in_snapshot; observed_snapshots=3. Official DPC/regional station observed in at least one selected MeteoHub time window; an offline station may be absent.
LAND::MH::dpcn-puglia::7299a454bc69,Bovino,41.11067,15.33117,physical_land,dpcn-puglia,MeteoHub /api/observations,ERA5_sampled_at_coordinate,DPC_regional_observation,True,True,False,True,,observed_in_snapshot; observed_snapshots=2. Official DPC/regional station observed in at least one selected MeteoHub time window; an offline station may be absent.
LAND::MH::dpcn-campania::43e7312afceb,Benevento METEO,41.115,14.825,physical_land,dpcn-campania,MeteoHub /api/observations,ERA5_sampled_at_coordinate,DPC_regional_observation,True,True,False,True,,observed_in_snapshot; observed_snapshots=3. Official DPC/regional station observed in at least one selected MeteoHub time window; an offline station may be absent.
LAND::MH::dpcn-puglia::e28ff345fcd2,Bari Osservatorio,41.11517,16.87733,physical_land,dpcn-puglia,MeteoHub /api/observations,ERA5_sampled_at_coordinate,DPC_regional_observation,True,True,False,True,,observed_in_snapshot; observed_snapshots=3. Official DPC/regional station observed in at least one selected MeteoHub time window; an offline station may be absent.
LAND::MH::dpcn-puglia::d28f5b51727b,Anzano di Puglia,41.12083,15.27533,physical_land,dpcn-puglia,MeteoHub /api/observations,ERA5_sampled_at_coordinate,DPC_regional_observation,True,True,False,True,,observed_in_snapshot; observed_snapshots=3. Official DPC/regional station observed in at least one selected MeteoHub time window; an offline station may be absent.
LAND::MH::dpcn-campania::24af557bf67a,Rocchetta,41.12472,14.97083,physical_land,dpcn-campania,MeteoHub /api/observations,ERA5_sampled_at_coordinate,DPC_regional_observation,True,True,False,True,,observed_in_snapshot; observed_snapshots=3. Official DPC/regional station observed in at least one selected MeteoHub time window; an offline station may be absent.
LAND::MH::dpcn-puglia::2bf18a36490e,Loconia,41.1285,15.95383,physical_land,dpcn-puglia,MeteoHub /api/observations,ERA5_sampled_at_coordinate,DPC_regional_observation,True,True,False,True,,observed_in_snapshot; observed_snapshots=3. Official DPC/regional station observed in at least one selected MeteoHub time window; an offline station may be absent.
LAND::MH::dpcn-campania::3d5f7f61345c,Ponte Annibale,41.13138,14.26013,physical_land,dpcn-campania,MeteoHub /api/observations,ERA5_sampled_at_coordinate,DPC_regional_observation,True,True,False,True,,observed_in_snapshot; observed_snapshots=3. Official DPC/regional station observed in at least one selected MeteoHub time window; an offline station may be absent.
LAND::MH::dpcn-campania::0caf65d26e30,Apice Calore,41.1329,14.92384,physical_land,dpcn-campania,MeteoHub /api/observations,ERA5_sampled_at_coordinate,DPC_regional_observation,True,True,False,True,,observed_in_snapshot; observed_snapshots=3. Official DPC/regional station observed in at least one selected MeteoHub time window; an offline station may be absent.
LAND::MH::dpcn-campania::655ffa64af95,Benevento,41.13399,14.77341,physical_land,dpcn-campania,MeteoHub /api/observations,ERA5_sampled_at_coordinate,DPC_regional_observation,True,True,False,True,,observed_in_snapshot; observed_snapshots=3. Official DPC/regional station observed in at least one selected MeteoHub time window; an offline station may be absent.
LAND::MH::dpcn-puglia::8a1302eff7ec,S.Agata di Puglia,41.144,15.39267,physical_land,dpcn-puglia,MeteoHub /api/observations,ERA5_sampled_at_coordinate,DPC_regional_observation,True,True,False,True,,observed_in_snapshot; observed_snapshots=3. Official DPC/regional station observed in at least one selected MeteoHub time window; an offline station may be absent.
LAND::MH::dpcn-puglia::b1f6bc4cf669,Corato,41.14617,16.40683,physical_land,dpcn-puglia,MeteoHub /api/observations,ERA5_sampled_at_coordinate,DPC_regional_observation,True,True,False,True,,observed_in_snapshot; observed_snapshots=3. Official DPC/regional station observed in at least one selected MeteoHub time window; an offline station may be absent.
LAND::MH::dpcn-campania::ecbdaef9254f,Ponte Limatola,41.14721,14.40139,physical_land,dpcn-campania,MeteoHub /api/observations,ERA5_sampled_at_coordinate,DPC_regional_observation,True,True,False,True,,observed_in_snapshot; observed_snapshots=3. Official DPC/regional station observed in at least one selected MeteoHub time window; an offline station may be absent.
LAND::MH::dpcn-puglia::fdb1cd1c659c,Candela,41.14833,15.52117,physical_land,dpcn-puglia,MeteoHub /api/observations,ERA5_sampled_at_coordinate,DPC_regional_observation,True,True,False,True,,observed_in_snapshot; observed_snapshots=3. Official DPC/regional station observed in at least one selected MeteoHub time window; an offline station may be absent.
LAND::MH::dpcn-campania::c6403922f028,Paduli,41.14944,14.83528,physical_land,dpcn-campania,MeteoHub /api/observations,ERA5_sampled_at_coordinate,DPC_regional_observation,True,True,False,True,,observed_in_snapshot; observed_snapshots=3. Official DPC/regional station observed in at least one selected MeteoHub time window; an offline station may be absent.
LAND::MH::dpcn-puglia::53882c338763,Monteleone di Puglia,41.15717,15.27567,physical_land,dpcn-puglia,MeteoHub /api/observations,ERA5_sampled_at_coordinate,DPC_regional_observation,True,True,False,True,,observed_in_snapshot; observed_snapshots=2. Official DPC/regional station observed in at least one selected MeteoHub time window; an offline station may be absent.
LAND::MH::dpcn-campania::4e6416ac7b7b,Melizzano,41.16111,14.50417,physical_land,dpcn-campania,MeteoHub /api/observations,ERA5_sampled_at_coordinate,DPC_regional_observation,True,True,False,True,,observed_in_snapshot; observed_snapshots=3. Official DPC/regional station observed in at least one selected MeteoHub time window; an offline station may be absent.
LAND::MH::dpcn-puglia::768584555dad,Torrente Carapelle a SR01,41.17717,15.51533,physical_land,dpcn-puglia,MeteoHub /api/observations,ERA5_sampled_at_coordinate,DPC_regional_observation,True,True,False,True,,observed_in_snapshot; observed_snapshots=3. Official DPC/regional station observed in at least one selected MeteoHub time window; an offline station may be absent.
LAND::MH::dpcn-campania::1b60c9cb140d,Caiazzo,41.17806,14.35722,physical_land,dpcn-campania,MeteoHub /api/observations,ERA5_sampled_at_coordinate,DPC_regional_observation,True,True,False,True,,observed_in_snapshot; observed_snapshots=3. Official DPC/regional station observed in at least one selected MeteoHub time window; an offline station may be absent.
LAND::MH::dpcn-puglia::7991f0ac2cc6,Borgo Libertu00e0,41.1865,15.758,physical_land,dpcn-puglia,MeteoHub /api/observations,ERA5_sampled_at_coordinate,DPC_regional_observation,True,True,False,True,,observed_in_snapshot; observed_snapshots=3. Official DPC/regional station observed in at least one selected MeteoHub time window; an offline station may be absent.
LAND::MH::dpcn-campania::4206ac80934a,Amorosi,41.19573,14.44957,physical_land,dpcn-campania,MeteoHub /api/observations,ERA5_sampled_at_coordinate,DPC_regional_observation,True,True,False,True,,observed_in_snapshot; observed_snapshots=3. Official DPC/regional station observed in at least one selected MeteoHub time window; an offline station may be absent.
LAND::MH::dpcn-campania::2f88ab8b85d8,Cellole METEO,41.19639,13.83833,physical_land,dpcn-campania,MeteoHub /api/observations,ERA5_sampled_at_coordinate,DPC_regional_observation,True,True,False,True,,observed_in_snapshot; observed_snapshots=3. Official DPC/regional station observed in at least one selected MeteoHub time window; an offline station may be absent.
LAND::MH::dpcn-campania::101ca52dba47,Ariano Irpino METEO,41.19667,15.13611,physical_land,dpcn-campania,MeteoHub /api/observations,ERA5_sampled_at_coordinate,DPC_regional_observation,True,True,False,True,,observed_in_snapshot; observed_snapshots=3. Official DPC/regional station observed in at least one selected MeteoHub time window; an offline station may be absent.
LAND::MH::dpcn-campania::dbf8227e584d,Pontelatone,41.20361,14.24222,physical_land,dpcn-campania,MeteoHub /api/observations,ERA5_sampled_at_coordinate,DPC_regional_observation,True,True,False,True,,observed_in_snapshot; observed_snapshots=3. Official DPC/regional station observed in at least one selected MeteoHub time window; an offline station may be absent.
LAND::MH::dpcn-campania::1b4fd7fbc69c,Solopaca,41.20793,14.57091,physical_land,dpcn-campania,MeteoHub /api/observations,ERA5_sampled_at_coordinate,DPC_regional_observation,True,True,False,True,,observed_in_snapshot; observed_snapshots=3. Official DPC/regional station observed in at least one selected MeteoHub time window; an offline station may be absent.
LAND::MH::dpcn-puglia::e34e4ae6fe8c,Panni,41.2095,15.275,physical_land,dpcn-puglia,MeteoHub /api/observations,ERA5_sampled_at_coordinate,DPC_regional_observation,True,True,False,True,,observed_in_snapshot; observed_snapshots=3. Official DPC/regional station observed in at least one selected MeteoHub time window; an offline station may be absent.
LAND::MH::dpcn-puglia::76f438874b38,Ascoli Satriano,41.21033,15.52417,physical_land,dpcn-puglia,MeteoHub /api/observations,ERA5_sampled_at_coordinate,DPC_regional_observation,True,True,False,True,,observed_in_snapshot; observed_snapshots=3. Official DPC/regional station observed in at least one selected MeteoHub time window; an offline station may be absent.
LAND::MH::dpcn-campania::9de0940caf6a,Alvignano,41.21278,14.39583,physical_land,dpcn-campania,MeteoHub /api/observations,ERA5_sampled_at_coordinate,DPC_regional_observation,True,True,False,True,,observed_in_snapshot; observed_snapshots=3. Official DPC/regional station observed in at least one selected MeteoHub time window; an offline station may be absent.
LAND::MH::dpcn-puglia::99ac99427524,Deliceto,41.21967,15.38683,physical_land,dpcn-puglia,MeteoHub /api/observations,ERA5_sampled_at_coordinate,DPC_regional_observation,True,True,False,True,,observed_in_snapshot; observed_snapshots=3. Official DPC/regional station observed in at least one selected MeteoHub time window; an offline station may be absent.
LAND::MH::dpcn-lazio::52ab69f5bf32,Gaeta,41.22028,13.55917,physical_land,dpcn-lazio,MeteoHub /api/observations,ERA5_sampled_at_coordinate,DPC_regional_observation,True,True,False,True,,observed_in_snapshot; observed_snapshots=3. Official DPC/regional station observed in at least one selected MeteoHub time window; an offline station may be absent.
LAND::MH::dpcn-campania::cd69c0060a84,Savignano Irpino,41.22117,15.2255,physical_land,dpcn-campania,MeteoHub /api/observations,ERA5_sampled_at_coordinate,DPC_regional_observation,True,True,False,True,,observed_in_snapshot; observed_snapshots=3. Official DPC/regional station observed in at least one selected MeteoHub time window; an offline station may be absent.
LAND::MH::dpcn-puglia::0e7bab0e7f81,Canosa di Puglia,41.22117,16.10583,physical_land,dpcn-puglia,MeteoHub /api/observations,ERA5_sampled_at_coordinate,DPC_regional_observation,True,True,False,True,,observed_in_snapshot; observed_snapshots=3. Official DPC/regional station observed in at least one selected MeteoHub time window; an offline station may be absent.
LAND::MH::dpcn-campania::de82e9b04885,Liberi,41.22361,14.2875,physical_land,dpcn-campania,MeteoHub /api/observations,ERA5_sampled_at_coordinate,DPC_regional_observation,True,True,False,True,,observed_in_snapshot; observed_snapshots=3. Official DPC/regional station observed in at least one selected MeteoHub time window; an offline station may be absent.
LAND::MH::dpcn-puglia::29d7e6b96e06,Andria,41.23233,16.1935,physical_land,dpcn-puglia,MeteoHub /api/observations,ERA5_sampled_at_coordinate,DPC_regional_observation,True,True,False,True,,observed_in_snapshot; observed_snapshots=3. Official DPC/regional station observed in at least one selected MeteoHub time window; an offline station may be absent.
LAND::MH::dpcn-campania::3055715f8f08,Sorgenti Grassano,41.23505,14.49843,physical_land,dpcn-campania,MeteoHub /api/observations,ERA5_sampled_at_coordinate,DPC_regional_observation,True,True,False,True,,observed_in_snapshot; observed_snapshots=3. Official DPC/regional station observed in at least one selected MeteoHub time window; an offline station may be absent.
LAND::MH::dpcn-puglia::c7b5a16e5ded,Cerignola,41.23683,15.90417,physical_land,dpcn-puglia,MeteoHub /api/observations,ERA5_sampled_at_coordinate,DPC_regional_observation,True,True,False,True,,observed_in_snapshot; observed_snapshots=3. Official DPC/regional station observed in at least one selected MeteoHub time window; an offline station may be absent.
LAND::MH::dpcn-puglia::26061c308307,Bisceglie,41.23683,16.4915,physical_land,dpcn-puglia,MeteoHub /api/observations,ERA5_sampled_at_coordinate,DPC_regional_observation,True,True,False,True,,observed_in_snapshot; observed_snapshots=3. Official DPC/regional station observed in at least one selected MeteoHub time window; an offline station may be absent.
LAND::MH::dpcn-campania::1df370006c4f,S.Salvatore Telesino METEO,41.24694,14.47278,physical_land,dpcn-campania,MeteoHub /api/observations,ERA5_sampled_at_coordinate,DPC_regional_observation,True,True,False,True,,observed_in_snapshot; observed_snapshots=3. Official DPC/regional station observed in at least one selected MeteoHub time window; an offline station may be absent.
LAND::MH::dpcn-campania::46d68bad4470,Pago Veiano,41.25972,14.8975,physical_land,dpcn-campania,MeteoHub /api/observations,ERA5_sampled_at_coordinate,DPC_regional_observation,True,True,False,True,,observed_in_snapshot; observed_snapshots=3. Official DPC/regional station observed in at least one selected MeteoHub time window; an offline station may be absent.
LAND::MH::dpcn-puglia::0e6daa062c37,Orsara di Puglia,41.26333,15.29917,physical_land,dpcn-puglia,MeteoHub /api/observations,ERA5_sampled_at_coordinate,DPC_regional_observation,True,True,False,True,,observed_in_snapshot; observed_snapshots=3. Official DPC/regional station observed in at least one selected MeteoHub time window; an offline station may be absent.
LAND::MH::dpcn-lazio::e1f5be6485db,Itri,41.27111,13.52528,physical_land,dpcn-lazio,MeteoHub /api/observations,ERA5_sampled_at_coordinate,DPC_regional_observation,True,True,False,True,,observed_in_snapshot; observed_snapshots=3. Official DPC/regional station observed in at least one selected MeteoHub time window; an offline station may be absent.
LAND::MH::dpcn-lazio::0ce440480001,SS.Cosma e Damiano,41.27111,13.79639,physical_land,dpcn-lazio,MeteoHub /api/observations,ERA5_sampled_at_coordinate,DPC_regional_observation,True,True,False,True,,observed_in_snapshot; observed_snapshots=3. Official DPC/regional station observed in at least one selected MeteoHub time window; an offline station may be absent.
LAND::MH::dpcn-campania::93f9d8aa1536,Pietramelara,41.27167,14.21056,physical_land,dpcn-campania,MeteoHub /api/observations,ERA5_sampled_at_coordinate,DPC_regional_observation,True,True,False,True,,observed_in_snapshot; observed_snapshots=3. Official DPC/regional station observed in at least one selected MeteoHub time window; an offline station may be absent.
LAND::MH::dpcn-campania::0557ec757183,S.Castrese,41.28056,13.83639,physical_land,dpcn-campania,MeteoHub /api/observations,ERA5_sampled_at_coordinate,DPC_regional_observation,True,True,False,True,,observed_in_snapshot; observed_snapshots=3. Official DPC/regional station observed in at least one selected MeteoHub time window; an offline station may be absent.
LAND::MH::dpcn-campania::7345a50277ee,Roccamonfina,41.28083,13.97861,physical_land,dpcn-campania,MeteoHub /api/observations,ERA5_sampled_at_coordinate,DPC_regional_observation,True,True,False,True,,observed_in_snapshot; observed_snapshots=3. Official DPC/regional station observed in at least one selected MeteoHub time window; an offline station may be absent.
LAND::MH::dpcn-lazio::312009f36a74,Sabaudia,41.28806,13.01694,physical_land,dpcn-lazio,MeteoHub /api/observations,ERA5_sampled_at_coordinate,DPC_regional_observation,True,True,False,True,,observed_in_snapshot; observed_snapshots=3. Official DPC/regional station observed in at least one selected MeteoHub time window; an offline station may be absent.
LAND::MH::dpcn-lazio::0b53cc8bfe4f,Terracina,41.28806,13.25417,physical_land,dpcn-lazio,MeteoHub /api/observations,ERA5_sampled_at_coordinate,DPC_regional_observation,True,True,False,True,,observed_in_snapshot; observed_snapshots=3. Official DPC/regional station observed in at least one selected MeteoHub time window; an offline station may be absent.
LAND::MH::dpcn-puglia::db847bf3e5e7,Torrente Carapelle a Ponte Ordon,41.2915,15.6425,physical_land,dpcn-puglia,MeteoHub /api/observations,ERA5_sampled_at_coordinate,DPC_regional_observation,True,True,False,True,,observed_in_snapshot; observed_snapshots=3. Official DPC/regional station observed in at least one selected MeteoHub time window; an offline station may be absent.
LAND::MH::dpcn-puglia::26e4d91d4c5f,Torrente Cervaro SP106,41.29867,15.42183,physical_land,dpcn-puglia,MeteoHub /api/observations,ERA5_sampled_at_coordinate,DPC_regional_observation,True,True,False,True,,observed_in_snapshot; observed_snapshots=3. Official DPC/regional station observed in at least one selected MeteoHub time window; an offline station may be absent.
LAND::MH::dpcn-campania::d9e1f200e1d6,Castelfranco in Miscano,41.29889,15.08667,physical_land,dpcn-campania,MeteoHub /api/observations,ERA5_sampled_at_coordinate,DPC_regional_observation,True,True,False,True,,observed_in_snapshot; observed_snapshots=3. Official DPC/regional station observed in at least one selected MeteoHub time window; an offline station may be absent.
LAND::MH::dpcn-puglia::ee3ec5129ef0,Castelluccio dei Sauri,41.304,15.51833,physical_land,dpcn-puglia,MeteoHub /api/observations,ERA5_sampled_at_coordinate,DPC_regional_observation,True,True,False,True,,observed_in_snapshot; observed_snapshots=3. Official DPC/regional station observed in at least one selected MeteoHub time window; an offline station may be absent.
LAND::MH::dpcn-lazio::1ec66b6fbebd,Spigno Saturnia,41.305,13.72861,physical_land,dpcn-lazio,MeteoHub /api/observations,ERA5_sampled_at_coordinate,DPC_regional_observation,True,True,False,True,,observed_in_snapshot; observed_snapshots=3. Official DPC/regional station observed in at least one selected MeteoHub time window; an offline station may be absent.
LAND::MH::dpcn-puglia::502f1cfff007,Faeto,41.30983,15.191,physical_land,dpcn-puglia,MeteoHub /api/observations,ERA5_sampled_at_coordinate,DPC_regional_observation,True,True,False,True,,observed_in_snapshot; observed_snapshots=3. Official DPC/regional station observed in at least one selected MeteoHub time window; an offline station may be absent.
LAND::MH::dpcn-puglia::5e31f8afdeb0,Ortanova,41.30983,15.6995,physical_land,dpcn-puglia,MeteoHub /api/observations,ERA5_sampled_at_coordinate,DPC_regional_observation,True,True,False,True,,observed_in_snapshot; observed_snapshots=3. Official DPC/regional station observed in at least one selected MeteoHub time window; an offline station may be absent.
LAND::MH::dpcn-campania::3b69334ba987,Alife,41.32948,14.33605,physical_land,dpcn-campania,MeteoHub /api/observations,ERA5_sampled_at_coordinate,DPC_regional_observation,True,True,False,True,,observed_in_snapshot; observed_snapshots=3. Official DPC/regional station observed in at least one selected MeteoHub time window; an offline station may be absent.
LAND::MH::dpcn-puglia::fc808ca11478,Barletta,41.33417,16.208,physical_land,dpcn-puglia,MeteoHub /api/observations,ERA5_sampled_at_coordinate,DPC_regional_observation,True,True,False,True,,observed_in_snapshot; observed_snapshots=3. Official DPC/regional station observed in at least one selected MeteoHub time window; an offline station may be absent.
LAND::MH::dpcn-campania::e9408dd280a8,Morcone,41.33528,14.66611,physical_land,dpcn-campania,MeteoHub /api/observations,ERA5_sampled_at_coordinate,DPC_regional_observation,True,True,False,True,,observed_in_snapshot; observed_snapshots=3. Official DPC/regional station observed in at least one selected MeteoHub time window; an offline station may be absent.
LAND::MH::dpcn-campania::36b3d50e721b,Cusano Mutri,41.33722,14.51333,physical_land,dpcn-campania,MeteoHub /api/observations,ERA5_sampled_at_coordinate,DPC_regional_observation,True,True,False,True,,observed_in_snapshot; observed_snapshots=3. Official DPC/regional station observed in at least one selected MeteoHub time window; an offline station may be absent.
LAND::MH::dpcn-lazio::036f96ce0f1d,Fondi,41.33889,13.42361,physical_land,dpcn-lazio,MeteoHub /api/observations,ERA5_sampled_at_coordinate,DPC_regional_observation,True,True,False,True,,observed_in_snapshot; observed_snapshots=3. Official DPC/regional station observed in at least one selected MeteoHub time window; an offline station may be absent.
LAND::MH::dpcn-campania::39873906f860,S.Angelo d'Alife,41.34937,14.27415,physical_land,dpcn-campania,MeteoHub /api/observations,ERA5_sampled_at_coordinate,DPC_regional_observation,True,True,False,True,,observed_in_snapshot; observed_snapshots=3. Official DPC/regional station observed in at least one selected MeteoHub time window; an offline station may be absent.
LAND::MH::dpcn-puglia::6122a9fd8621,Troia,41.34967,15.305,physical_land,dpcn-puglia,MeteoHub /api/observations,ERA5_sampled_at_coordinate,DPC_regional_observation,True,True,False,True,,observed_in_snapshot; observed_snapshots=3. Official DPC/regional station observed in at least one selected MeteoHub time window; an offline station may be absent.
LAND::MH::dpcn-campania::7e04f5950a71,Quattroventi,41.35291,14.21282,physical_land,dpcn-campania,MeteoHub /api/observations,ERA5_sampled_at_coordinate,DPC_regional_observation,True,True,False,True,,observed_in_snapshot; observed_snapshots=3. Official DPC/regional station observed in at least one selected MeteoHub time window; an offline station may be absent.
LAND::MH::dpcn-puglia::d9256f843ac2,Mass.S.Chiara,41.35617,16.062,physical_land,dpcn-puglia,MeteoHub /api/observations,ERA5_sampled_at_coordinate,DPC_regional_observation,True,True,False,True,,observed_in_snapshot; observed_snapshots=3. Official DPC/regional station observed in at least one selected MeteoHub time window; an offline station may be absent.
LAND::MH::dpcn-puglia::59d4723c3bd2,Orto di Zolfo,41.3585,15.1705,physical_land,dpcn-puglia,MeteoHub /api/observations,ERA5_sampled_at_coordinate,DPC_regional_observation,True,True,False,True,,observed_in_snapshot; observed_snapshots=3. Official DPC/regional station observed in at least one selected MeteoHub time window; an offline station may be absent.
LAND::MH::dpcn-campania::44f392a2e83c,Colle Sannita,41.36417,14.83722,physical_land,dpcn-campania,MeteoHub /api/observations,ERA5_sampled_at_coordinate,DPC_regional_observation,True,True,False,True,,observed_in_snapshot; observed_snapshots=3. Official DPC/regional station observed in at least one selected MeteoHub time window; an offline station may be absent.
LAND::MH::dpcn-lazio::4bd18c071a4e,Rio Cassano,41.37278,13.01694,physical_land,dpcn-lazio,MeteoHub /api/observations,ERA5_sampled_at_coordinate,DPC_regional_observation,True,True,False,True,,observed_in_snapshot; observed_snapshots=3. Official DPC/regional station observed in at least one selected MeteoHub time window; an offline station may be absent.
LAND::MH::dpcn-campania::9850461fc3aa,Ailano,41.3825,14.17278,physical_land,dpcn-campania,MeteoHub /api/observations,ERA5_sampled_at_coordinate,DPC_regional_observation,True,True,False,True,,observed_in_snapshot; observed_snapshots=3. Official DPC/regional station observed in at least one selected MeteoHub time window; an offline station may be absent.
LAND::MH::dpcn-lazio::06ed995c7c10,Campodimele,41.38972,13.52528,physical_land,dpcn-lazio,MeteoHub /api/observations,ERA5_sampled_at_coordinate,DPC_regional_observation,True,True,False,True,,observed_in_snapshot; observed_snapshots=3. Official DPC/regional station observed in at least one selected MeteoHub time window; an offline station may be absent.
LAND::MH::dpcn-lazio::5c91f099885e,Esperia,41.38972,13.66083,physical_land,dpcn-lazio,MeteoHub /api/observations,ERA5_sampled_at_coordinate,DPC_regional_observation,True,True,False,True,,observed_in_snapshot; observed_snapshots=3. Official DPC/regional station observed in at least one selected MeteoHub time window; an offline station may be absent.
LAND::MH::dpcn-puglia::ffd0dd99ad5f,Torrente Celone San Giusto,41.402,15.3585,physical_land,dpcn-puglia,MeteoHub /api/observations,ERA5_sampled_at_coordinate,DPC_regional_observation,True,True,False,True,,observed_in_snapshot; observed_snapshots=3. Official DPC/regional station observed in at least one selected MeteoHub time window; an offline station may be absent.
LAND::MH::dpcn-puglia::8665a65e6f25,Torrente Cervaro a Incoronata,41.40267,15.70833,physical_land,dpcn-puglia,MeteoHub /api/observations,ERA5_sampled_at_coordinate,DPC_regional_observation,True,True,False,True,,observed_in_snapshot; observed_snapshots=3. Official DPC/regional station observed in at least one selected MeteoHub time window; an offline station may be absent.
LAND::MH::dpcn-campania::ff8bc097435b,S.Ambrogio,41.40516,13.86905,physical_land,dpcn-campania,MeteoHub /api/observations,ERA5_sampled_at_coordinate,DPC_regional_observation,True,True,False,True,,observed_in_snapshot; observed_snapshots=3. Official DPC/regional station observed in at least one selected MeteoHub time window; an offline station may be absent.
LAND::MH::dpcn-campania::7ac82ce742f5,Rocca d'Evandro,41.40583,13.89,physical_land,dpcn-campania,MeteoHub /api/observations,ERA5_sampled_at_coordinate,DPC_regional_observation,True,True,False,True,,observed_in_snapshot; observed_snapshots=3. Official DPC/regional station observed in at least one selected MeteoHub time window; an offline station may be absent.
LAND::MH::dpcn-puglia::596e252c4996,Biccari,41.406,15.1905,physical_land,dpcn-puglia,MeteoHub /api/observations,ERA5_sampled_at_coordinate,DPC_regional_observation,True,True,False,True,,observed_in_snapshot; observed_snapshots=3. Official DPC/regional station observed in at least one selected MeteoHub time window; an offline station may be absent.
LAND::MH::dpcn-lazio::41f205b85ffd,Sisto a Pontinia,41.40667,13.01694,physical_land,dpcn-lazio,MeteoHub /api/observations,ERA5_sampled_at_coordinate,DPC_regional_observation,True,True,False,True,,observed_in_snapshot; observed_snapshots=3. Official DPC/regional station observed in at least one selected MeteoHub time window; an offline station may be absent.
LAND::MH::dpcn-lazio::f81cee6aa3d4,Lenola,41.40667,13.44056,physical_land,dpcn-lazio,MeteoHub /api/observations,ERA5_sampled_at_coordinate,DPC_regional_observation,True,True,False,True,,observed_in_snapshot; observed_snapshots=3. Official DPC/regional station observed in at least one selected MeteoHub time window; an offline station may be absent.
LAND::MH::dpcn-lazio::de8b1ae4523d,S.Apollinare,41.40667,13.83028,physical_land,dpcn-lazio,MeteoHub /api/observations,ERA5_sampled_at_coordinate,DPC_regional_observation,True,True,False,True,,observed_in_snapshot; observed_snapshots=3. Official DPC/regional station observed in at least one selected MeteoHub time window; an offline station may be absent.
LAND::MH::dpcn-puglia::47cb9dbe692a,Diga Celone,41.40933,15.4365,physical_land,dpcn-puglia,MeteoHub /api/observations,ERA5_sampled_at_coordinate,DPC_regional_observation,True,True,False,True,,observed_in_snapshot; observed_snapshots=3. Official DPC/regional station observed in at least one selected MeteoHub time window; an offline station may be absent.
LAND::MH::dpcn-campania::03b1cd8c0b2f,S.Bartolomeo METEO,41.42222,15.04083,physical_land,dpcn-campania,MeteoHub /api/observations,ERA5_sampled_at_coordinate,DPC_regional_observation,True,True,False,True,,observed_in_snapshot; observed_snapshots=3. Official DPC/regional station observed in at least one selected MeteoHub time window; an offline station may be absent.
LAND::MH::dpcn-puglia::1856cb0399f4,Fonte Rosa,41.42267,15.77833,physical_land,dpcn-puglia,MeteoHub /api/observations,ERA5_sampled_at_coordinate,DPC_regional_observation,True,True,False,True,,observed_in_snapshot; observed_snapshots=3. Official DPC/regional station observed in at least one selected MeteoHub time window; an offline station may be absent.
LAND::MH::dpcn-lazio::54ccb40b8b0e,San Giorgio a Liri,41.42361,13.77944,physical_land,dpcn-lazio,MeteoHub /api/observations,ERA5_sampled_at_coordinate,DPC_regional_observation,True,True,False,True,,observed_in_snapshot; observed_snapshots=3. Official DPC/regional station observed in at least one selected MeteoHub time window; an offline station may be absent.
LAND::MH::dpcn-campania::ad74d71d35c3,Rocca d'Evandro METEO,41.42472,13.88028,physical_land,dpcn-campania,MeteoHub /api/observations,ERA5_sampled_at_coordinate,DPC_regional_observation,True,True,False,True,,observed_in_snapshot; observed_snapshots=3. Official DPC/regional station observed in at least one selected MeteoHub time window; an offline station may be absent.
LAND::MH::dpcn-puglia::14ced4faa199,Alberona,41.42583,15.12117,physical_land,dpcn-puglia,MeteoHub /api/observations,ERA5_sampled_at_coordinate,DPC_regional_observation,True,True,False,True,,observed_in_snapshot; observed_snapshots=3. Official DPC/regional station observed in at least one selected MeteoHub time window; an offline station may be absent.
LAND::MH::dpcn-puglia::c4508175ad63,Tertiveri,41.4335,15.204,physical_land,dpcn-puglia,MeteoHub /api/observations,ERA5_sampled_at_coordinate,DPC_regional_observation,True,True,False,True,,observed_in_snapshot; observed_snapshots=3. Official DPC/regional station observed in at least one selected MeteoHub time window; an offline station may be absent.
LAND::MH::dpcn-puglia::541e44bb515d,Foggia Osservatorio,41.43583,15.565,physical_land,dpcn-puglia,MeteoHub /api/observations,ERA5_sampled_at_coordinate,DPC_regional_observation,True,True,False,True,,observed_in_snapshot; observed_snapshots=3. Official DPC/regional station observed in at least one selected MeteoHub time window; an offline station may be absent.
LAND::MH::dpcn-puglia::23c5e7c968de,Torrente Vulgano,41.438,15.33417,physical_land,dpcn-puglia,MeteoHub /api/observations,ERA5_sampled_at_coordinate,DPC_regional_observation,True,True,False,True,,observed_in_snapshot; observed_snapshots=3. Official DPC/regional station observed in at least one selected MeteoHub time window; an offline station may be absent.
LAND::MH::dpcn-lazio::f664250269b0,Amaseno a Fossanova,41.44056,13.18639,physical_land,dpcn-lazio,MeteoHub /api/observations,ERA5_sampled_at_coordinate,DPC_regional_observation,True,True,False,True,,observed_in_snapshot; observed_snapshots=3. Official DPC/regional station observed in at least one selected MeteoHub time window; an offline station may be absent.
LAND::MH::dpcn-lazio::8449dee73746,Vallecorsa,41.44056,13.40667,physical_land,dpcn-lazio,MeteoHub /api/observations,ERA5_sampled_at_coordinate,DPC_regional_observation,True,True,False,True,,observed_in_snapshot; observed_snapshots=3. Official DPC/regional station observed in at least one selected MeteoHub time window; an offline station may be absent.
LAND::MH::dpcn-puglia::d35c8f9f1dfa,Volturino,41.4535,15.10617,physical_land,dpcn-puglia,MeteoHub /api/observations,ERA5_sampled_at_coordinate,DPC_regional_observation,True,True,False,True,,observed_in_snapshot; observed_snapshots=3. Official DPC/regional station observed in at least one selected MeteoHub time window; an offline station may be absent.
LAND::MH::dpcn-campania::0a024360ffa8,Letino,41.45389,14.25306,physical_land,dpcn-campania,MeteoHub /api/observations,ERA5_sampled_at_coordinate,DPC_regional_observation,True,True,False,True,,observed_in_snapshot; observed_snapshots=3. Official DPC/regional station observed in at least one selected MeteoHub time window; an offline station may be absent.
LAND::MH::dpcn-molise::a9b90ea464ac,Campitello Matese Rmolise SP,41.45472,14.39778,physical_land,dpcn-molise,MeteoHub /api/observations,ERA5_sampled_at_coordinate,DPC_regional_observation,True,True,False,True,,observed_in_snapshot; observed_snapshots=3. Official DPC/regional station observed in at least one selected MeteoHub time window; an offline station may be absent.
LAND::MH::dpcn-lazio::b28619769e99,Anzio,41.4575,12.62694,physical_land,dpcn-lazio,MeteoHub /api/observations,ERA5_sampled_at_coordinate,DPC_regional_observation,True,True,False,True,,observed_in_snapshot; observed_snapshots=3. Official DPC/regional station observed in at least one selected MeteoHub time window; an offline station may be absent.
LAND::MH::dpcn-lazio::715908e575fc,Astura ad Acciarella,41.4575,12.7625,physical_land,dpcn-lazio,MeteoHub /api/observations,ERA5_sampled_at_coordinate,DPC_regional_observation,True,True,False,True,,observed_in_snapshot; observed_snapshots=3. Official DPC/regional station observed in at least one selected MeteoHub time window; an offline station may be absent.
LAND::MH::dpcn-lazio::05b19b4e161e,Borgo S.Maria,41.4575,12.81333,physical_land,dpcn-lazio,MeteoHub /api/observations,ERA5_sampled_at_coordinate,DPC_regional_observation,True,True,False,True,,observed_in_snapshot; observed_snapshots=3. Official DPC/regional station observed in at least one selected MeteoHub time window; an offline station may be absent.
LAND::MH::dpcn-lazio::c222cbc5381f,Ufente a Ponte Ferraioli,41.4575,13.08472,physical_land,dpcn-lazio,MeteoHub /api/observations,ERA5_sampled_at_coordinate,DPC_regional_observation,True,True,False,True,,observed_in_snapshot; observed_snapshots=3. Official DPC/regional station observed in at least one selected MeteoHub time window; an offline station may be absent.
LAND::MH::dpcn-lazio::d6398f844522,Liri a Pontecorvo,41.4575,13.67778,physical_land,dpcn-lazio,MeteoHub /api/observations,ERA5_sampled_at_coordinate,DPC_regional_observation,True,True,False,True,,observed_in_snapshot; observed_snapshots=3. Official DPC/regional station observed in at least one selected MeteoHub time window; an offline station may be absent.
LAND::MH::dpcn-puglia::fe6f3ceb35d9,Foggia Istituto Agrario,41.469,15.48317,physical_land,dpcn-puglia,MeteoHub /api/observations,ERA5_sampled_at_coordinate,DPC_regional_observation,True,True,False,True,,observed_in_snapshot; observed_snapshots=3. Official DPC/regional station observed in at least one selected MeteoHub time window; an offline station may be absent.
LAND::MH::dpcn-lazio::bbac2213e738,Latina,41.47444,12.915,physical_land,dpcn-lazio,MeteoHub /api/observations,ERA5_sampled_at_coordinate,DPC_regional_observation,True,True,False,True,,observed_in_snapshot; observed_snapshots=3. Official DPC/regional station observed in at least one selected MeteoHub time window; an offline station may be absent.
LAND::MH::dpcn-lazio::3713c40776bd,Priverno,41.47444,13.18639,physical_land,dpcn-lazio,MeteoHub /api/observations,ERA5_sampled_at_coordinate,DPC_regional_observation,True,True,False,True,,observed_in_snapshot; observed_snapshots=3. Official DPC/regional station observed in at least one selected MeteoHub time window; an offline station may be absent.
LAND::MH::dpcn-molise::db3b07eb0eae,Campochiaro,41.47472,14.54028,physical_land,dpcn-molise,MeteoHub /api/observations,ERA5_sampled_at_coordinate,DPC_regional_observation,True,True,False,True,,observed_in_snapshot; observed_snapshots=3. Official DPC/regional station observed in at least one selected MeteoHub time window; an offline station may be absent.
LAND::MH::dpcn-molise::f21d71a1c1a8,Campochiaro Quirino,41.47698,14.54555,physical_land,dpcn-molise,MeteoHub /api/observations,ERA5_sampled_at_coordinate,DPC_regional_observation,True,True,False,True,,observed_in_snapshot; observed_snapshots=3. Official DPC/regional station observed in at least one selected MeteoHub time window; an offline station may be absent.
LAND::MH::dpcn-molise::0eeab7292b77,Ponte Barrea,41.48389,14.98278,physical_land,dpcn-molise,MeteoHub /api/observations,ERA5_sampled_at_coordinate,DPC_regional_observation,True,True,False,True,,observed_in_snapshot; observed_snapshots=3. Official DPC/regional station observed in at least one selected MeteoHub time window; an offline station may be absent.
LAND::MH::dpcn-puglia::5eab32a71f50,Volturara Appula,41.48667,15.0565,physical_land,dpcn-puglia,MeteoHub /api/observations,ERA5_sampled_at_coordinate,DPC_regional_observation,True,True,False,True,,observed_in_snapshot; observed_snapshots=3. Official DPC/regional station observed in at least one selected MeteoHub time window; an offline station may be absent.
LAND::MH::dpcn-lazio::184db8bac284,Sezze,41.49139,13.05083,physical_land,dpcn-lazio,MeteoHub /api/observations,ERA5_sampled_at_coordinate,DPC_regional_observation,True,True,False,True,,observed_in_snapshot; observed_snapshots=3. Official DPC/regional station observed in at least one selected MeteoHub time window; an offline station may be absent.
LAND::MH::dpcn-lazio::4397c7f70550,Piedimonte San Germano,41.49139,13.7625,physical_land,dpcn-lazio,MeteoHub /api/observations,ERA5_sampled_at_coordinate,DPC_regional_observation,True,True,False,True,,observed_in_snapshot; observed_snapshots=3. Official DPC/regional station observed in at least one selected MeteoHub time window; an offline station may be absent.
LAND::MH::dpcn-lazio::86b8aaf48f77,Rapido a Cassino,41.49139,13.84722,physical_land,dpcn-lazio,MeteoHub /api/observations,ERA5_sampled_at_coordinate,DPC_regional_observation,True,True,False,True,,observed_in_snapshot; observed_snapshots=3. Official DPC/regional station observed in at least one selected MeteoHub time window; an offline station may be absent.
LAND::MH::dpcn-lazio::e038ad32a821,Cervaro,41.49139,13.915,physical_land,dpcn-lazio,MeteoHub /api/observations,ERA5_sampled_at_coordinate,DPC_regional_observation,True,True,False,True,,observed_in_snapshot; observed_snapshots=3. Official DPC/regional station observed in at least one selected MeteoHub time window; an offline station may be absent.
LAND::MH::dpcn-puglia::bfea4fff5e80,Torrente Celone SS16,41.49282,15.52313,physical_land,dpcn-puglia,MeteoHub /api/observations,ERA5_sampled_at_coordinate,DPC_regional_observation,True,True,False,True,,observed_in_snapshot; observed_snapshots=3. Official DPC/regional station observed in at least one selected MeteoHub time window; an offline station may be absent.
LAND::MH::dpcn-puglia::fd399a89fe5c,Torrente Casanova SS17,41.49578,15.25495,physical_land,dpcn-puglia,MeteoHub /api/observations,ERA5_sampled_at_coordinate,DPC_regional_observation,True,True,False,True,,observed_in_snapshot; observed_snapshots=3. Official DPC/regional station observed in at least one selected MeteoHub time window; an offline station may be absent.
LAND::MH::dpcn-molise::c81df684131f,Roccamandolfi,41.4975,14.35639,physical_land,dpcn-molise,MeteoHub /api/observations,ERA5_sampled_at_coordinate,DPC_regional_observation,True,True,False,True,,observed_in_snapshot; observed_snapshots=3. Official DPC/regional station observed in at least one selected MeteoHub time window; an offline station may be absent.
LAND::MH::dpcn-puglia::e8352c8ae1ba,Lucera,41.50217,15.33117,physical_land,dpcn-puglia,MeteoHub /api/observations,ERA5_sampled_at_coordinate,DPC_regional_observation,True,True,False,True,,observed_in_snapshot; observed_snapshots=3. Official DPC/regional station observed in at least one selected MeteoHub time window; an offline station may be absent.
LAND::MH::dpcn-molise::be637b4c7860,Gambatesa,41.5075,14.91389,physical_land,dpcn-molise,MeteoHub /api/observations,ERA5_sampled_at_coordinate,DPC_regional_observation,True,True,False,True,,observed_in_snapshot; observed_snapshots=3. Official DPC/regional station observed in at least one selected MeteoHub time window; an offline station may be absent.
LAND::MH::dpcn-lazio::857c2b85c388,Borgo Montello,41.50833,12.77944,physical_land,dpcn-lazio,MeteoHub /api/observations,ERA5_sampled_at_coordinate,DPC_regional_observation,True,True,False,True,,observed_in_snapshot; observed_snapshots=3. Official DPC/regional station observed in at least one selected MeteoHub time window; an offline station may be absent.
LAND::MH::dpcn-lazio::97cc42580158,Osteria di Castro,41.50833,13.40667,physical_land,dpcn-lazio,MeteoHub /api/observations,ERA5_sampled_at_coordinate,DPC_regional_observation,True,True,False,True,,observed_in_snapshot; observed_snapshots=3. Official DPC/regional station observed in at least one selected MeteoHub time window; an offline station may be absent.
LAND::MH::dpcn-lazio::1d8cfc12036b,Falvaterra,41.50833,13.52528,physical_land,dpcn-lazio,MeteoHub /api/observations,ERA5_sampled_at_coordinate,DPC_regional_observation,True,True,False,True,,observed_in_snapshot; observed_snapshots=3. Official DPC/regional station observed in at least one selected MeteoHub time window; an offline station may be absent.
LAND::MH::dpcn-molise::a90ef3736f18,Ponte Venticinque Archi,41.51866,14.13783,physical_land,dpcn-molise,MeteoHub /api/observations,ERA5_sampled_at_coordinate,DPC_regional_observation,True,True,False,True,,observed_in_snapshot; observed_snapshots=3. Official DPC/regional station observed in at least one selected MeteoHub time window; an offline station may be absent.
LAND::MH::dpcn-molise::560e2d55c559,Tappino a Gambatesa,41.5275,14.91333,physical_land,dpcn-molise,MeteoHub /api/observations,ERA5_sampled_at_coordinate,DPC_regional_observation,True,True,False,True,,observed_in_snapshot; observed_snapshots=3. Official DPC/regional station observed in at least one selected MeteoHub time window; an offline station may be absent.
LAND::MH::dpcn-molise::07224182ff4b,Campobasso,41.53917,14.66111,physical_land,dpcn-molise,MeteoHub /api/observations,ERA5_sampled_at_coordinate,DPC_regional_observation,True,True,False,True,,observed_in_snapshot; observed_snapshots=3. Official DPC/regional station observed in at least one selected MeteoHub time window; an offline station may be absent.
LAND::MH::dpcn-puglia::799a001de3d3,Pietramontecorvino,41.53983,15.14133,physical_land,dpcn-puglia,MeteoHub /api/observations,ERA5_sampled_at_coordinate,DPC_regional_observation,True,True,False,True,,observed_in_snapshot; observed_snapshots=3. Official DPC/regional station observed in at least one selected MeteoHub time window; an offline station may be absent.
LAND::MH::dpcn-puglia::353bf04f47de,Torrente Candelaro a Ex 13 Luci,41.541,15.80517,physical_land,dpcn-puglia,MeteoHub /api/observations,ERA5_sampled_at_coordinate,DPC_regional_observation,True,True,False,True,,observed_in_snapshot; observed_snapshots=2. Official DPC/regional station observed in at least one selected MeteoHub time window; an offline station may be absent.
LAND::MH::dpcn-lazio::9714082d8869,Giuliano di Roma,41.54222,13.27111,physical_land,dpcn-lazio,MeteoHub /api/observations,ERA5_sampled_at_coordinate,DPC_regional_observation,True,True,False,True,,observed_in_snapshot; observed_snapshots=3. Official DPC/regional station observed in at least one selected MeteoHub time window; an offline station may be absent.
LAND::MH::dpcn-lazio::9b79f270ab41,Melfa a Roccasecca,41.54222,13.64389,physical_land,dpcn-lazio,MeteoHub /api/observations,ERA5_sampled_at_coordinate,DPC_regional_observation,True,True,False,True,,observed_in_snapshot; observed_snapshots=3. Official DPC/regional station observed in at least one selected MeteoHub time window; an offline station may be absent.
LAND::MH::dpcn-puglia::5053cfcc6fdb,Arpinova,41.54783,15.61975,physical_land,dpcn-puglia,MeteoHub /api/observations,ERA5_sampled_at_coordinate,DPC_regional_observation,True,True,False,True,,observed_in_snapshot; observed_snapshots=3. Official DPC/regional station observed in at least one selected MeteoHub time window; an offline station may be absent.
LAND::MH::dpcn-puglia::47d322311cae,Torrente Triolo,41.54867,15.31367,physical_land,dpcn-puglia,MeteoHub /api/observations,ERA5_sampled_at_coordinate,DPC_regional_observation,True,True,False,True,,observed_in_snapshot; observed_snapshots=3. Official DPC/regional station observed in at least one selected MeteoHub time window; an offline station may be absent.
LAND::MH::dpcn-puglia::3ec87df37e55,Celenza Valfortore,41.55217,14.97933,physical_land,dpcn-puglia,MeteoHub /api/observations,ERA5_sampled_at_coordinate,DPC_regional_observation,True,True,False,True,,observed_in_snapshot; observed_snapshots=3. Official DPC/regional station observed in at least one selected MeteoHub time window; an offline station may be absent.
LAND::MH::dpcn-lazio::eb3bcc922c67,Campo di Carne,41.55917,12.64389,physical_land,dpcn-lazio,MeteoHub /api/observations,ERA5_sampled_at_coordinate,DPC_regional_observation,True,True,False,True,,observed_in_snapshot; observed_snapshots=3. Official DPC/regional station observed in at least one selected MeteoHub time window; an offline station may be absent.
LAND::MH::dpcn-lazio::e0af39a698c6,Liri a Ceprano,41.55917,13.52528,physical_land,dpcn-lazio,MeteoHub /api/observations,ERA5_sampled_at_coordinate,DPC_regional_observation,True,True,False,True,,observed_in_snapshot; observed_snapshots=3. Official DPC/regional station observed in at least one selected MeteoHub time window; an offline station may be absent.
LAND::MH::dpcn-lazio::bcd44dd537af,Colle San Magno,41.55917,13.67778,physical_land,dpcn-lazio,MeteoHub /api/observations,ERA5_sampled_at_coordinate,DPC_regional_observation,True,True,False,True,,observed_in_snapshot; observed_snapshots=3. Official DPC/regional station observed in at least one selected MeteoHub time window; an offline station may be absent.
LAND::MH::dpcn-puglia::82f30f1c858b,Salsola,41.56368,15.49955,physical_land,dpcn-puglia,MeteoHub /api/observations,ERA5_sampled_at_coordinate,DPC_regional_observation,True,True,False,True,,observed_in_snapshot; observed_snapshots=3. Official DPC/regional station observed in at least one selected MeteoHub time window; an offline station may be absent.
LAND::MH::dpcn-puglia::1ab01850a8c4,Manfredonia (B.S.),41.57517,15.87283,physical_land,dpcn-puglia,MeteoHub /api/observations,ERA5_sampled_at_coordinate,DPC_regional_observation,True,True,False,True,,observed_in_snapshot; observed_snapshots=3. Official DPC/regional station observed in at least one selected MeteoHub time window; an offline station may be absent.
LAND::MH::dpcn-lazio::11a42b33f0f7,Ceccano rlazio,41.57611,13.32194,physical_land,dpcn-lazio,MeteoHub /api/observations,ERA5_sampled_at_coordinate,DPC_regional_observation,True,True,False,True,,observed_in_snapshot; observed_snapshots=3. Official DPC/regional station observed in at least one selected MeteoHub time window; an offline station may be absent.
LAND::MH::dpcn-lazio::9458b5612a89,Sacco a Ceccano,41.57611,13.33889,physical_land,dpcn-lazio,MeteoHub /api/observations,ERA5_sampled_at_coordinate,DPC_regional_observation,True,True,False,True,,observed_in_snapshot; observed_snapshots=3. Official DPC/regional station observed in at least one selected MeteoHub time window; an offline station may be absent.
LAND::MH::dpcn-molise::9b01f6c61fb1,Colli al Volturno,41.57917,14.12667,physical_land,dpcn-molise,MeteoHub /api/observations,ERA5_sampled_at_coordinate,DPC_regional_observation,True,True,False,True,,observed_in_snapshot; observed_snapshots=3. Official DPC/regional station observed in at least one selected MeteoHub time window; an offline station may be absent.
LAND::MH::dpcn-puglia::fb648db1242d,Carlantino,41.584,14.95717,physical_land,dpcn-puglia,MeteoHub /api/observations,ERA5_sampled_at_coordinate,DPC_regional_observation,True,True,False,True,,observed_in_snapshot; observed_snapshots=3. Official DPC/regional station observed in at least one selected MeteoHub time window; an offline station may be absent.
LAND::MH::dpcn-lazio::93cd8c9f1862,Aprilia,41.59306,12.64389,physical_land,dpcn-lazio,MeteoHub /api/observations,ERA5_sampled_at_coordinate,DPC_regional_observation,True,True,False,True,,observed_in_snapshot; observed_snapshots=3. Official DPC/regional station observed in at least one selected MeteoHub time window; an offline station may be absent.
LAND::MH::dpcn-lazio::93a2a3875b3c,Cisterna di Latina,41.59306,12.83028,physical_land,dpcn-lazio,MeteoHub /api/observations,ERA5_sampled_at_coordinate,DPC_regional_observation,True,True,False,True,,observed_in_snapshot; observed_snapshots=3. Official DPC/regional station observed in at least one selected MeteoHub time window; an offline station may be absent.
LAND::MH::dpcn-lazio::acf2870cc434,Norma,41.59306,12.98278,physical_land,dpcn-lazio,MeteoHub /api/observations,ERA5_sampled_at_coordinate,DPC_regional_observation,True,True,False,True,,observed_in_snapshot; observed_snapshots=3. Official DPC/regional station observed in at least one selected MeteoHub time window; an offline station may be absent.
LAND::MH::dpcn-molise::eb52b4087a2d,Frosolone,41.60056,14.44333,physical_land,dpcn-molise,MeteoHub /api/observations,ERA5_sampled_at_coordinate,DPC_regional_observation,True,True,False,True,,observed_in_snapshot; observed_snapshots=3. Official DPC/regional station observed in at least one selected MeteoHub time window; an offline station may be absent.
LAND::MH::dpcn-molise::fe87a0f9e835,Isernia Sordo,41.60333,14.24056,physical_land,dpcn-molise,MeteoHub /api/observations,ERA5_sampled_at_coordinate,DPC_regional_observation,True,True,False,True,,observed_in_snapshot; observed_snapshots=3. Official DPC/regional station observed in at least one selected MeteoHub time window; an offline station may be absent.
LAND::MH::dpcn-molise::6d1e78fa376c,Castropignano,41.604,14.57444,physical_land,dpcn-molise,MeteoHub /api/observations,ERA5_sampled_at_coordinate,DPC_regional_observation,True,True,False,True,,observed_in_snapshot; observed_snapshots=3. Official DPC/regional station observed in at least one selected MeteoHub time window; an offline station may be absent.
LAND::MH::dpcn-molise::d7afc48a845e,Vandra a Fornelli,41.60417,14.16028,physical_land,dpcn-molise,MeteoHub /api/observations,ERA5_sampled_at_coordinate,DPC_regional_observation,True,True,False,True,,observed_in_snapshot; observed_snapshots=3. Official DPC/regional station observed in at least one selected MeteoHub time window; an offline station may be absent.
LAND::MH::dpcn-puglia::f9d380b98b55,Casalnuovo Monterotaro,41.60667,15.067,physical_land,dpcn-puglia,MeteoHub /api/observations,ERA5_sampled_at_coordinate,DPC_regional_observation,True,True,False,True,,observed_in_snapshot; observed_snapshots=3. Official DPC/regional station observed in at least one selected MeteoHub time window; an offline station may be absent.
LAND::MH::dpcn-molise::49b5c3ea9a67,Isernia,41.60944,14.25056,physical_land,dpcn-molise,MeteoHub /api/observations,ERA5_sampled_at_coordinate,DPC_regional_observation,True,True,False,True,,observed_in_snapshot; observed_snapshots=3. Official DPC/regional station observed in at least one selected MeteoHub time window; an offline station may be absent.
LAND::MH::dpcn-lazio::76bed5e3c96b,Incastro ad Ardea,41.61,12.52528,physical_land,dpcn-lazio,MeteoHub /api/observations,ERA5_sampled_at_coordinate,DPC_regional_observation,True,True,False,True,,observed_in_snapshot; observed_snapshots=3. Official DPC/regional station observed in at least one selected MeteoHub time window; an offline station may be absent.
LAND::MH::dpcn-lazio::b16d668e04d4,Ardea,41.61,12.54222,physical_land,dpcn-lazio,MeteoHub /api/observations,ERA5_sampled_at_coordinate,DPC_regional_observation,True,True,False,True,,observed_in_snapshot; observed_snapshots=3. Official DPC/regional station observed in at least one selected MeteoHub time window; an offline station may be absent.
LAND::MH::dpcn-lazio::018d6581ab39,Supino,41.61,13.16944,physical_land,dpcn-lazio,MeteoHub /api/observations,ERA5_sampled_at_coordinate,DPC_regional_observation,True,True,False,True,,observed_in_snapshot; observed_snapshots=3. Official DPC/regional station observed in at least one selected MeteoHub time window; an offline station may be absent.
LAND::MH::dpcn-lazio::c84380ba1da1,Ceccano,41.61,13.28806,physical_land,dpcn-lazio,MeteoHub /api/observations,ERA5_sampled_at_coordinate,DPC_regional_observation,True,True,False,True,,observed_in_snapshot; observed_snapshots=3. Official DPC/regional station observed in at least one selected MeteoHub time window; an offline station may be absent.
LAND::MH::dpcn-lazio::ccfbf9641a6f,Ripi,41.61,13.40667,physical_land,dpcn-lazio,MeteoHub /api/observations,ERA5_sampled_at_coordinate,DPC_regional_observation,True,True,False,True,,observed_in_snapshot; observed_snapshots=3. Official DPC/regional station observed in at least one selected MeteoHub time window; an offline station may be absent.
LAND::MH::dpcn-lazio::d66e01e261d8,Fontana Liri Superiore,41.61,13.55917,physical_land,dpcn-lazio,MeteoHub /api/observations,ERA5_sampled_at_coordinate,DPC_regional_observation,True,True,False,True,,observed_in_snapshot; observed_snapshots=3. Official DPC/regional station observed in at least one selected MeteoHub time window; an offline station may be absent.
LAND::MH::dpcn-lazio::f5d9514750d6,San Biagio Saracinisco,41.61,13.94889,physical_land,dpcn-lazio,MeteoHub /api/observations,ERA5_sampled_at_coordinate,DPC_regional_observation,True,True,False,True,,observed_in_snapshot; observed_snapshots=3. Official DPC/regional station observed in at least one selected MeteoHub time window; an offline station may be absent.
LAND::MH::dpcn-molise::6f5f416fff9b,Fornelli,41.62528,14.14111,physical_land,dpcn-molise,MeteoHub /api/observations,ERA5_sampled_at_coordinate,DPC_regional_observation,True,True,False,True,,observed_in_snapshot; observed_snapshots=3. Official DPC/regional station observed in at least one selected MeteoHub time window; an offline station may be absent.
LAND::MH::dpcn-puglia::1408745e1080,Canale Santa Maria SP12,41.62558,15.29813,physical_land,dpcn-puglia,MeteoHub /api/observations,ERA5_sampled_at_coordinate,DPC_regional_observation,True,True,False,True,,observed_in_snapshot; observed_snapshots=3. Official DPC/regional station observed in at least one selected MeteoHub time window; an offline station may be absent.
LAND::MH::dpcn-lazio::e80bd9623823,Melfa ad Atina,41.62694,13.77944,physical_land,dpcn-lazio,MeteoHub /api/observations,ERA5_sampled_at_coordinate,DPC_regional_observation,True,True,False,True,,observed_in_snapshot; observed_snapshots=3. Official DPC/regional station observed in at least one selected MeteoHub time window; an offline station may be absent.
LAND::MH::dpcn-molise::1d5b3d9ef494,F. Fortore - P.te SP5 (P.te Casa,41.6415,15.04383,physical_land,dpcn-molise,MeteoHub /api/observations,ERA5_sampled_at_coordinate,DPC_regional_observation,True,True,False,True,,observed_in_snapshot; observed_snapshots=3. Official DPC/regional station observed in at least one selected MeteoHub time window; an offline station may be absent.
LAND::MH::dpcn-lazio::f9f1fdf06d95,Lanuvio,41.64389,12.66083,physical_land,dpcn-lazio,MeteoHub /api/observations,ERA5_sampled_at_coordinate,DPC_regional_observation,True,True,False,True,,observed_in_snapshot; observed_snapshots=3. Official DPC/regional station observed in at least one selected MeteoHub time window; an offline station may be absent.
LAND::MH::dpcn-lazio::fc94ee5bf00b,Cori,41.64389,12.915,physical_land,dpcn-lazio,MeteoHub /api/observations,ERA5_sampled_at_coordinate,DPC_regional_observation,True,True,False,True,,observed_in_snapshot; observed_snapshots=3. Official DPC/regional station observed in at least one selected MeteoHub time window; an offline station may be absent.
LAND::MH::dpcn-lazio::6dd63a39a295,Frosinone,41.64389,13.305,physical_land,dpcn-lazio,MeteoHub /api/observations,ERA5_sampled_at_coordinate,DPC_regional_observation,True,True,False,True,,observed_in_snapshot; observed_snapshots=3. Official DPC/regional station observed in at least one selected MeteoHub time window; an offline station may be absent.
LAND::MH::dpcn-lazio::2502467444a3,Pomezia,41.66083,12.50833,physical_land,dpcn-lazio,MeteoHub /api/observations,ERA5_sampled_at_coordinate,DPC_regional_observation,True,True,False,True,,observed_in_snapshot; observed_snapshots=3. Official DPC/regional station observed in at least one selected MeteoHub time window; an offline station may be absent.
LAND::MH::dpcn-lazio::59ce0f9216e8,San Marino,41.67778,13.08472,physical_land,dpcn-lazio,MeteoHub /api/observations,ERA5_sampled_at_coordinate,DPC_regional_observation,True,True,False,True,,observed_in_snapshot; observed_snapshots=3. Official DPC/regional station observed in at least one selected MeteoHub time window; an offline station may be absent.
LAND::MH::dpcn-lazio::cf44d0856761,Veroli,41.67778,13.40667,physical_land,dpcn-lazio,MeteoHub /api/observations,ERA5_sampled_at_coordinate,DPC_regional_observation,True,True,False,True,,observed_in_snapshot; observed_snapshots=3. Official DPC/regional station observed in at least one selected MeteoHub time window; an offline station may be absent.
LAND::MH::dpcn-lazio::5b6ffc266d7d,Liri a Isola Liri,41.67778,13.55917,physical_land,dpcn-lazio,MeteoHub /api/observations,ERA5_sampled_at_coordinate,DPC_regional_observation,True,True,False,True,,observed_in_snapshot; observed_snapshots=3. Official DPC/regional station observed in at least one selected MeteoHub time window; an offline station may be absent.
LAND::MH::dpcn-lazio::e0750f42d94d,Settefrati,41.67778,13.86417,physical_land,dpcn-lazio,MeteoHub /api/observations,ERA5_sampled_at_coordinate,DPC_regional_observation,True,True,False,True,,observed_in_snapshot; observed_snapshots=3. Official DPC/regional station observed in at least one selected MeteoHub time window; an offline station may be absent.
LAND::MH::dpcn-molise::08926ef3b5dc,Trigno a Bagnoli del Trigno,41.68139,14.4375,physical_land,dpcn-molise,MeteoHub /api/observations,ERA5_sampled_at_coordinate,DPC_regional_observation,True,True,False,True,,observed_in_snapshot; observed_snapshots=3. Official DPC/regional station observed in at least one selected MeteoHub time window; an offline station may be absent.
LAND::MH::dpcn-puglia::7d2632f2b8cc,S.Severo,41.68583,15.39267,physical_land,dpcn-puglia,MeteoHub /api/observations,ERA5_sampled_at_coordinate,DPC_regional_observation,True,True,False,True,,observed_in_snapshot; observed_snapshots=3. Official DPC/regional station observed in at least one selected MeteoHub time window; an offline station may be absent.
LAND::MH::dpcn-puglia::94140aae43e6,Torremaggiore,41.6875,15.289,physical_land,dpcn-puglia,MeteoHub /api/observations,ERA5_sampled_at_coordinate,DPC_regional_observation,True,True,False,True,,observed_in_snapshot; observed_snapshots=3. Official DPC/regional station observed in at least one selected MeteoHub time window; an offline station may be absent.
LAND::MH::dpcn-molise::72f90af9c10b,Trigno a Pescolanciano,41.69278,14.33111,physical_land,dpcn-molise,MeteoHub /api/observations,ERA5_sampled_at_coordinate,DPC_regional_observation,True,True,False,True,,observed_in_snapshot; observed_snapshots=3. Official DPC/regional station observed in at least one selected MeteoHub time window; an offline station may be absent.
LAND::MH::dpcn-lazio::1fbd0a428eea,Velletri,41.69472,12.77944,physical_land,dpcn-lazio,MeteoHub /api/observations,ERA5_sampled_at_coordinate,DPC_regional_observation,True,True,False,True,,observed_in_snapshot; observed_snapshots=3. Official DPC/regional station observed in at least one selected MeteoHub time window; an offline station may be absent.
LAND::MH::dpcn-lazio::119de21d8262,Sgurgola,41.69472,13.1525,physical_land,dpcn-lazio,MeteoHub /api/observations,ERA5_sampled_at_coordinate,DPC_regional_observation,True,True,False,True,,observed_in_snapshot; observed_snapshots=3. Official DPC/regional station observed in at least one selected MeteoHub time window; an offline station may be absent.
LAND::MH::dpcn-molise::189e30cdfbf6,Forli' del Sannio,41.7,14.185,physical_land,dpcn-molise,MeteoHub /api/observations,ERA5_sampled_at_coordinate,DPC_regional_observation,True,True,False,True,,observed_in_snapshot; observed_snapshots=3. Official DPC/regional station observed in at least one selected MeteoHub time window; an offline station may be absent.
LAND::MH::dpcn-molise::778f17c253b1,Bonefro,41.7,14.92556,physical_land,dpcn-molise,MeteoHub /api/observations,ERA5_sampled_at_coordinate,DPC_regional_observation,True,True,False,True,,observed_in_snapshot; observed_snapshots=3. Official DPC/regional station observed in at least one selected MeteoHub time window; an offline station may be absent.
LAND::MH::dpcn-puglia::7ea74ff350b6,Torrente Candelaro SS272,41.70867,15.5015,physical_land,dpcn-puglia,MeteoHub /api/observations,ERA5_sampled_at_coordinate,DPC_regional_observation,True,True,False,True,,observed_in_snapshot; observed_snapshots=2. Official DPC/regional station observed in at least one selected MeteoHub time window; an offline station may be absent.
LAND::MH::dpcn-puglia::7ceb2f5a402c,Monte S.Angelo,41.71017,15.95383,physical_land,dpcn-puglia,MeteoHub /api/observations,ERA5_sampled_at_coordinate,DPC_regional_observation,True,True,False,True,,observed_in_snapshot; observed_snapshots=3. Official DPC/regional station observed in at least one selected MeteoHub time window; an offline station may be absent.
LAND::MH::dpcn-lazio::f21c9b6f73bc,Cecchina,41.71167,12.66083,physical_land,dpcn-lazio,MeteoHub /api/observations,ERA5_sampled_at_coordinate,DPC_regional_observation,True,True,False,True,,observed_in_snapshot; observed_snapshots=3. Official DPC/regional station observed in at least one selected MeteoHub time window; an offline station may be absent.
LAND::MH::dpcn-lazio::a46106f4b915,Anagni,41.71167,13.08472,physical_land,dpcn-lazio,MeteoHub /api/observations,ERA5_sampled_at_coordinate,DPC_regional_observation,True,True,False,True,,observed_in_snapshot; observed_snapshots=3. Official DPC/regional station observed in at least one selected MeteoHub time window; an offline station may be absent.
LAND::MH::dpcn-lazio::dc64402d9e4f,Ferentino,41.71167,13.25417,physical_land,dpcn-lazio,MeteoHub /api/observations,ERA5_sampled_at_coordinate,DPC_regional_observation,True,True,False,True,,observed_in_snapshot; observed_snapshots=3. Official DPC/regional station observed in at least one selected MeteoHub time window; an offline station may be absent.
LAND::MH::dpcn-puglia::b125c2c844c4,S.Giovanni Rotondo,41.71233,15.755,physical_land,dpcn-puglia,MeteoHub /api/observations,ERA5_sampled_at_coordinate,DPC_regional_observation,True,True,False,True,,observed_in_snapshot; observed_snapshots=3. Official DPC/regional station observed in at least one selected MeteoHub time window; an offline station may be absent.
LAND::MH::dpcn-molise::3ca300961a44,Lucito Biferno,41.71865,14.6943,physical_land,dpcn-molise,MeteoHub /api/observations,ERA5_sampled_at_coordinate,DPC_regional_observation,True,True,False,True,,observed_in_snapshot; observed_snapshots=3. Official DPC/regional station observed in at least one selected MeteoHub time window; an offline station may be absent.
LAND::MH::dpcn-puglia::49c333fc9091,Radicosa,41.72333,15.39445,physical_land,dpcn-puglia,MeteoHub /api/observations,ERA5_sampled_at_coordinate,DPC_regional_observation,True,True,False,True,,observed_in_snapshot; observed_snapshots=3. Official DPC/regional station observed in at least one selected MeteoHub time window; an offline station may be absent.
LAND::MH::dpcn-lazio::3887b1aede9e,Ostia,41.72861,12.28806,physical_land,dpcn-lazio,MeteoHub /api/observations,ERA5_sampled_at_coordinate,DPC_regional_observation,True,True,False,True,,observed_in_snapshot; observed_snapshots=3. Official DPC/regional station observed in at least one selected MeteoHub time window; an offline station may be absent.
LAND::MH::dpcn-lazio::c083b5ea0e50,Fosso di Pantanello ad Ostia,41.72861,12.35583,physical_land,dpcn-lazio,MeteoHub /api/observations,ERA5_sampled_at_coordinate,DPC_regional_observation,True,True,False,True,,observed_in_snapshot; observed_snapshots=3. Official DPC/regional station observed in at least one selected MeteoHub time window; an offline station may be absent.
LAND::MH::dpcn-lazio::fc62cc43eaa8,Lago di Nemi,41.72861,12.69472,physical_land,dpcn-lazio,MeteoHub /api/observations,ERA5_sampled_at_coordinate,DPC_regional_observation,True,True,False,True,,observed_in_snapshot; observed_snapshots=3. Official DPC/regional station observed in at least one selected MeteoHub time window; an offline station may be absent.
LAND::MH::dpcn-lazio::57fffc2fa0f3,Cosa ad Alatri,41.72861,13.35583,physical_land,dpcn-lazio,MeteoHub /api/observations,ERA5_sampled_at_coordinate,DPC_regional_observation,True,True,False,True,,observed_in_snapshot; observed_snapshots=3. Official DPC/regional station observed in at least one selected MeteoHub time window; an offline station may be absent.
LAND::MH::dpcn-lazio::d4cbf69c8f91,Sora,41.72861,13.62694,physical_land,dpcn-lazio,MeteoHub /api/observations,ERA5_sampled_at_coordinate,DPC_regional_observation,True,True,False,True,,observed_in_snapshot; observed_snapshots=3. Official DPC/regional station observed in at least one selected MeteoHub time window; an offline station may be absent.
LAND::MH::dpcn-lazio::c34227554e46,Campoli Appennino,41.72861,13.67778,physical_land,dpcn-lazio,MeteoHub /api/observations,ERA5_sampled_at_coordinate,DPC_regional_observation,True,True,False,True,,observed_in_snapshot; observed_snapshots=3. Official DPC/regional station observed in at least one selected MeteoHub time window; an offline station may be absent.
LAND::MH::dpcn-puglia::363d4337b2e8,San Paolo Civitate,41.73183,15.346,physical_land,dpcn-puglia,MeteoHub /api/observations,ERA5_sampled_at_coordinate,DPC_regional_observation,True,True,False,True,,observed_in_snapshot; observed_snapshots=3. Official DPC/regional station observed in at least one selected MeteoHub time window; an offline station may be absent.
LAND::MH::dpcn-molise::d3b3ca41f8eb,Pietrabbondante,41.74222,14.38306,physical_land,dpcn-molise,MeteoHub /api/observations,ERA5_sampled_at_coordinate,DPC_regional_observation,True,True,False,True,,observed_in_snapshot; observed_snapshots=3. Official DPC/regional station observed in at least one selected MeteoHub time window; an offline station may be absent.
LAND::MH::dpcn-lazio::5cc95f46bec1,Lago di Albano,41.74556,12.66083,physical_land,dpcn-lazio,MeteoHub /api/observations,ERA5_sampled_at_coordinate,DPC_regional_observation,True,True,False,True,,observed_in_snapshot; observed_snapshots=3. Official DPC/regional station observed in at least one selected MeteoHub time window; an offline station may be absent.
LAND::ABR::POLARIS::101,BARREA,41.75177876,13.98612162,physical_land,regione-abruzzo-polaris,Regione Abruzzo Agroambiente station API,ERA5_sampled_at_coordinate,DPC_regional_observation,True,True,False,True,,official_public_subset; observed_snapshots=6. Official Polaris-linked station. This public endpoint exposes 47 of the 119 stations stated for the full Abruzzo telemetered network.
LAND::MH::dpcn-puglia::6db9146c0a05,Staina,41.75433,15.267,physical_land,dpcn-puglia,MeteoHub /api/observations,ERA5_sampled_at_coordinate,DPC_regional_observation,True,True,False,True,,observed_in_snapshot; observed_snapshots=3. Official DPC/regional station observed in at least one selected MeteoHub time window; an offline station may be absent.
LAND::MH::dpcn-lazio::d22c4726cbf0,Isola Sacra,41.7625,12.23722,physical_land,dpcn-lazio,MeteoHub /api/observations,ERA5_sampled_at_coordinate,DPC_regional_observation,True,True,False,True,,observed_in_snapshot; observed_snapshots=3. Official DPC/regional station observed in at least one selected MeteoHub time window; an offline station may be absent.
LAND::MH::dpcn-lazio::828996afeeaa,Falcognana,41.7625,12.55917,physical_land,dpcn-lazio,MeteoHub /api/observations,ERA5_sampled_at_coordinate,DPC_regional_observation,True,True,False,True,,observed_in_snapshot; observed_snapshots=3. Official DPC/regional station observed in at least one selected MeteoHub time window; an offline station may be absent.
LAND::MH::dpcn-lazio::7ce0d4563c0f,Rocca di Papa,41.7625,12.71167,physical_land,dpcn-lazio,MeteoHub /api/observations,ERA5_sampled_at_coordinate,DPC_regional_observation,True,True,False,True,,observed_in_snapshot; observed_snapshots=3. Official DPC/regional station observed in at least one selected MeteoHub time window; an offline station may be absent.
LAND::MH::dpcn-lazio::90942ce633a3,Sacco a Colleferro,41.7625,12.98278,physical_land,dpcn-lazio,MeteoHub /api/observations,ERA5_sampled_at_coordinate,DPC_regional_observation,True,True,False,True,,observed_in_snapshot; observed_snapshots=3. Official DPC/regional station observed in at least one selected MeteoHub time window; an offline station may be absent.
LAND::MH::dpcn-lazio::79140e59b812,Liri a Madonna Della Pace,41.7625,13.61,physical_land,dpcn-lazio,MeteoHub /api/observations,ERA5_sampled_at_coordinate,DPC_regional_observation,True,True,False,True,,observed_in_snapshot; observed_snapshots=3. Official DPC/regional station observed in at least one selected MeteoHub time window; an offline station may be absent.
LAND::MH::dpcn-lazio::5342fded1f08,Valle del Rio,41.7625,13.72861,physical_land,dpcn-lazio,MeteoHub /api/observations,ERA5_sampled_at_coordinate,DPC_regional_observation,True,True,False,True,,observed_in_snapshot; observed_snapshots=3. Official DPC/regional station observed in at least one selected MeteoHub time window; an offline station may be absent.
LAND::MH::dpcn-puglia::bff937af5ed4,Canosa di Puglia,41.7655,15.17333,physical_land,dpcn-puglia,MeteoHub /api/observations,ERA5_sampled_at_coordinate,DPC_regional_observation,True,True,False,True,,observed_in_snapshot; observed_snapshots=3. Official DPC/regional station observed in at least one selected MeteoHub time window; an offline station may be absent.
LAND::MH::dpcn-lazio::06396aa7da41,Tevere a Capo due Rami,41.77944,12.27111,physical_land,dpcn-lazio,MeteoHub /api/observations,ERA5_sampled_at_coordinate,DPC_regional_observation,True,True,False,True,,observed_in_snapshot; observed_snapshots=3. Official DPC/regional station observed in at least one selected MeteoHub time window; an offline station may be absent.
LAND::MH::dpcn-lazio::595f2961382f,Acilia,41.77944,12.38972,physical_land,dpcn-lazio,MeteoHub /api/observations,ERA5_sampled_at_coordinate,DPC_regional_observation,True,True,False,True,,observed_in_snapshot; observed_snapshots=3. Official DPC/regional station observed in at least one selected MeteoHub time window; an offline station may be absent.
LAND::MH::dpcn-lazio::03b0fd6759c7,Vico nel Lazio,41.77944,13.33889,physical_land,dpcn-lazio,MeteoHub /api/observations,ERA5_sampled_at_coordinate,DPC_regional_observation,True,True,False,True,,observed_in_snapshot; observed_snapshots=3. Official DPC/regional station observed in at least one selected MeteoHub time window; an offline station may be absent.
LAND::MH::dpcn-lazio::645b25afb4ef,Abbazia Trisulti,41.77944,13.40667,physical_land,dpcn-lazio,MeteoHub /api/observations,ERA5_sampled_at_coordinate,DPC_regional_observation,True,True,False,True,,observed_in_snapshot; observed_snapshots=3. Official DPC/regional station observed in at least one selected MeteoHub time window; an offline station may be absent.
LAND::MH::dpcn-molise::496516f1b8e1,Trivento PLUVIO,41.77972,14.54667,physical_land,dpcn-molise,MeteoHub /api/observations,ERA5_sampled_at_coordinate,DPC_regional_observation,True,True,False,True,,observed_in_snapshot; observed_snapshots=3. Official DPC/regional station observed in at least one selected MeteoHub time window; an offline station may be absent.
LAND::MH::dpcn-puglia::c0fbc7783ee3,Fortore SP142,41.78167,15.22383,physical_land,dpcn-puglia,MeteoHub /api/observations,ERA5_sampled_at_coordinate,DPC_regional_observation,True,True,False,True,,observed_in_snapshot; observed_snapshots=3. Official DPC/regional station observed in at least one selected MeteoHub time window; an offline station may be absent.
LAND::MH::dpcn-molise::ff821008f43b,Monteforte nivo,41.79056,14.29528,physical_land,dpcn-molise,MeteoHub /api/observations,ERA5_sampled_at_coordinate,DPC_regional_observation,True,True,False,True,,observed_in_snapshot; observed_snapshots=3. Official DPC/regional station observed in at least one selected MeteoHub time window; an offline station may be absent.
LAND::MH::dpcn-puglia::d013d2ed04bd,Bari Ufficio Idrografico,41.7925,15.46517,physical_land,dpcn-puglia,MeteoHub /api/observations,ERA5_sampled_at_coordinate,DPC_regional_observation,True,True,False,True,,observed_in_snapshot; observed_snapshots=3. Official DPC/regional station observed in at least one selected MeteoHub time window; an offline station may be absent.
LAND::MH::dpcn-molise::2517be83ec6d,Monteforte meteo,41.79528,14.29222,physical_land,dpcn-molise,MeteoHub /api/observations,ERA5_sampled_at_coordinate,DPC_regional_observation,True,True,False,True,,observed_in_snapshot; observed_snapshots=3. Official DPC/regional station observed in at least one selected MeteoHub time window; an offline station may be absent.
LAND::MH::dpcn-lazio::f2148715b73e,Malafede,41.79639,12.40667,physical_land,dpcn-lazio,MeteoHub /api/observations,ERA5_sampled_at_coordinate,DPC_regional_observation,True,True,False,True,,observed_in_snapshot; observed_snapshots=3. Official DPC/regional station observed in at least one selected MeteoHub time window; an offline station may be absent.
LAND::MH::dpcn-lazio::49f6b0155d12,Paliano,41.79639,13.05083,physical_land,dpcn-lazio,MeteoHub /api/observations,ERA5_sampled_at_coordinate,DPC_regional_observation,True,True,False,True,,observed_in_snapshot; observed_snapshots=3. Official DPC/regional station observed in at least one selected MeteoHub time window; an offline station may be absent.
LAND::MH::dpcn-puglia::175786b55824,S.Marco in Lamis,41.79867,15.65567,physical_land,dpcn-puglia,MeteoHub /api/observations,ERA5_sampled_at_coordinate,DPC_regional_observation,True,True,False,True,,observed_in_snapshot; observed_snapshots=3. Official DPC/regional station observed in at least one selected MeteoHub time window; an offline station may be absent.
LAND::MH::dpcn-puglia::d8aefd1b0f2e,Serracapriola,41.80222,15.15694,physical_land,dpcn-puglia,MeteoHub /api/observations,ERA5_sampled_at_coordinate,DPC_regional_observation,True,True,False,True,,observed_in_snapshot; observed_snapshots=3. Official DPC/regional station observed in at least one selected MeteoHub time window; an offline station may be absent.
LAND::MH::dpcn-lazio::bc35c14c3f2a,Tevere a Mezzocammino,41.81333,12.42361,physical_land,dpcn-lazio,MeteoHub /api/observations,ERA5_sampled_at_coordinate,DPC_regional_observation,True,True,False,True,,observed_in_snapshot; observed_snapshots=3. Official DPC/regional station observed in at least one selected MeteoHub time window; an offline station may be absent.
LAND::MH::dpcn-lazio::28b967247096,Frascati,41.81333,12.67778,physical_land,dpcn-lazio,MeteoHub /api/observations,ERA5_sampled_at_coordinate,DPC_regional_observation,True,True,False,True,,observed_in_snapshot; observed_snapshots=3. Official DPC/regional station observed in at least one selected MeteoHub time window; an offline station may be absent.
LAND::MH::dpcn-lazio::40ee800b594a,Fiuggi,41.81333,13.23722,physical_land,dpcn-lazio,MeteoHub /api/observations,ERA5_sampled_at_coordinate,DPC_regional_observation,True,True,False,True,,observed_in_snapshot; observed_snapshots=3. Official DPC/regional station observed in at least one selected MeteoHub time window; an offline station may be absent.
LAND::MH::dpcn-puglia::63591677f920,Bosco Umbra,41.81667,16.03967,physical_land,dpcn-puglia,MeteoHub /api/observations,ERA5_sampled_at_coordinate,DPC_regional_observation,True,True,False,True,,observed_in_snapshot; observed_snapshots=3. Official DPC/regional station observed in at least one selected MeteoHub time window; an offline station may be absent.
LAND::MH::dpcn-puglia::1a7d76e34395,Poggio Imperiale,41.821,15.35917,physical_land,dpcn-puglia,MeteoHub /api/observations,ERA5_sampled_at_coordinate,DPC_regional_observation,True,True,False,True,,observed_in_snapshot; observed_snapshots=3. Official DPC/regional station observed in at least one selected MeteoHub time window; an offline station may be absent.
LAND::MH::dpcn-puglia::faf41ffe07bf,Fortore a Ripalta,41.823,15.24067,physical_land,dpcn-puglia,MeteoHub /api/observations,ERA5_sampled_at_coordinate,DPC_regional_observation,True,True,False,True,,observed_in_snapshot; observed_snapshots=3. Official DPC/regional station observed in at least one selected MeteoHub time window; an offline station may be absent.
LAND::MH::dpcn-puglia::bdbd9e677ab7,Vico del Gargano,41.82733,15.9245,physical_land,dpcn-puglia,MeteoHub /api/observations,ERA5_sampled_at_coordinate,DPC_regional_observation,True,True,False,True,,observed_in_snapshot; observed_snapshots=3. Official DPC/regional station observed in at least one selected MeteoHub time window; an offline station may be absent.
LAND::MH::dpcn-molise::91bfbb9aeea4,Castelmauro,41.82917,14.71028,physical_land,dpcn-molise,MeteoHub /api/observations,ERA5_sampled_at_coordinate,DPC_regional_observation,True,True,False,True,,observed_in_snapshot; observed_snapshots=3. Official DPC/regional station observed in at least one selected MeteoHub time window; an offline station may be absent.
LAND::MH::dpcn-lazio::832df6e4e2a8,Maccarese rlazio,41.83028,12.22028,physical_land,dpcn-lazio,MeteoHub /api/observations,ERA5_sampled_at_coordinate,DPC_regional_observation,True,True,False,True,,observed_in_snapshot; observed_snapshots=3. Official DPC/regional station observed in at least one selected MeteoHub time window; an offline station may be absent.
LAND::MH::dpcn-lazio::a775bb06afdf,Rio Galeria,41.83028,12.33889,physical_land,dpcn-lazio,MeteoHub /api/observations,ERA5_sampled_at_coordinate,DPC_regional_observation,True,True,False,True,,observed_in_snapshot; observed_snapshots=3. Official DPC/regional station observed in at least one selected MeteoHub time window; an offline station may be absent.
LAND::MH::dpcn-lazio::584f5ba13f3f,Ponte Galeria,41.83028,12.35583,physical_land,dpcn-lazio,MeteoHub /api/observations,ERA5_sampled_at_coordinate,DPC_regional_observation,True,True,False,True,,observed_in_snapshot; observed_snapshots=3. Official DPC/regional station observed in at least one selected MeteoHub time window; an offline station may be absent.
LAND::MH::dpcn-lazio::c05e85c3f353,Roma Sud,41.83028,12.42361,physical_land,dpcn-lazio,MeteoHub /api/observations,ERA5_sampled_at_coordinate,DPC_regional_observation,True,True,False,True,,observed_in_snapshot; observed_snapshots=3. Official DPC/regional station observed in at least one selected MeteoHub time window; an offline station may be absent.
LAND::MH::dpcn-lazio::75546effc85e,Fosso di Vallerano,41.83028,12.44056,physical_land,dpcn-lazio,MeteoHub /api/observations,ERA5_sampled_at_coordinate,DPC_regional_observation,True,True,False,True,,observed_in_snapshot; observed_snapshots=3. Official DPC/regional station observed in at least one selected MeteoHub time window; an offline station may be absent.
LAND::MH::dpcn-lazio::8c08db2dae6b,Roma EUR,41.83028,12.49139,physical_land,dpcn-lazio,MeteoHub /api/observations,ERA5_sampled_at_coordinate,DPC_regional_observation,True,True,False,True,,observed_in_snapshot; observed_snapshots=3. Official DPC/regional station observed in at least one selected MeteoHub time window; an offline station may be absent.
LAND::MH::dpcn-lazio::0c6256f8d9a8,Zagarolo,41.83028,12.84722,physical_land,dpcn-lazio,MeteoHub /api/observations,ERA5_sampled_at_coordinate,DPC_regional_observation,True,True,False,True,,observed_in_snapshot; observed_snapshots=3. Official DPC/regional station observed in at least one selected MeteoHub time window; an offline station may be absent.
LAND::MH::dpcn-molise::0a8c39308e1f,Ponte Liscione,41.83502,14.86056,physical_land,dpcn-molise,MeteoHub /api/observations,ERA5_sampled_at_coordinate,DPC_regional_observation,True,True,False,True,,observed_in_snapshot; observed_snapshots=3. Official DPC/regional station observed in at least one selected MeteoHub time window; an offline station may be absent.
LAND::MH::dpcn-puglia::fb4533ada249,Sannicandro Garganico,41.83833,15.59433,physical_land,dpcn-puglia,MeteoHub /api/observations,ERA5_sampled_at_coordinate,DPC_regional_observation,True,True,False,True,,observed_in_snapshot; observed_snapshots=3. Official DPC/regional station observed in at least one selected MeteoHub time window; an offline station may be absent.
LAND::MH::dpcn-puglia::f2673da3936e,Cagnano Varano,41.83833,15.80467,physical_land,dpcn-puglia,MeteoHub /api/observations,ERA5_sampled_at_coordinate,DPC_regional_observation,True,True,False,True,,observed_in_snapshot; observed_snapshots=3. Official DPC/regional station observed in at least one selected MeteoHub time window; an offline station may be absent.
LAND::MH::dpcn-puglia::6529379b0d6a,Carpino,41.84472,15.85528,physical_land,dpcn-puglia,MeteoHub /api/observations,ERA5_sampled_at_coordinate,DPC_regional_observation,True,True,False,True,,observed_in_snapshot; observed_snapshots=3. Official DPC/regional station observed in at least one selected MeteoHub time window; an offline station may be absent.
LAND::MH::dpcn-molise::8b768af2771e,Capracotta,41.84583,14.26722,physical_land,dpcn-molise,MeteoHub /api/observations,ERA5_sampled_at_coordinate,DPC_regional_observation,True,True,False,True,,observed_in_snapshot; observed_snapshots=3. Official DPC/regional station observed in at least one selected MeteoHub time window; an offline station may be absent.
LAND::MH::dpcn-lazio::d9f6b5a1354e,Palestrina,41.84722,12.88111,physical_land,dpcn-lazio,MeteoHub /api/observations,ERA5_sampled_at_coordinate,DPC_regional_observation,True,True,False,True,,observed_in_snapshot; observed_snapshots=3. Official DPC/regional station observed in at least one selected MeteoHub time window; an offline station may be absent.
LAND::ABR::POLARIS::110,CELENZA,41.85212758,14.59708988,physical_land,regione-abruzzo-polaris,Regione Abruzzo Agroambiente station API,ERA5_sampled_at_coordinate,DPC_regional_observation,True,True,False,True,,official_public_subset; observed_snapshots=6. Official Polaris-linked station. This public endpoint exposes 47 of the 119 stations stated for the full Abruzzo telemetered network.
LAND::MH::dpcn-puglia::75bac6e5476e,Torrente Saccione SP142,41.85583,15.1205,physical_land,dpcn-puglia,MeteoHub /api/observations,ERA5_sampled_at_coordinate,DPC_regional_observation,True,True,False,True,,observed_in_snapshot; observed_snapshots=3. Official DPC/regional station observed in at least one selected MeteoHub time window; an offline station may be absent.
LAND::MH::dpcn-puglia::2ff756494fd6,Macinino,41.863,16.13487,physical_land,dpcn-puglia,MeteoHub /api/observations,ERA5_sampled_at_coordinate,DPC_regional_observation,True,True,False,True,,observed_in_snapshot; observed_snapshots=3. Official DPC/regional station observed in at least one selected MeteoHub time window; an offline station may be absent.
LAND::MH::dpcn-lazio::d346990e056f,Fregene,41.86417,12.18639,physical_land,dpcn-lazio,MeteoHub /api/observations,ERA5_sampled_at_coordinate,DPC_regional_observation,True,True,False,True,,observed_in_snapshot; observed_snapshots=3. Official DPC/regional station observed in at least one selected MeteoHub time window; an offline station may be absent.
LAND::MH::dpcn-lazio::222ae6fd14b5,Tor Marancia,41.86417,12.50833,physical_land,dpcn-lazio,MeteoHub /api/observations,ERA5_sampled_at_coordinate,DPC_regional_observation,True,True,False,True,,observed_in_snapshot; observed_snapshots=3. Official DPC/regional station observed in at least one selected MeteoHub time window; an offline station may be absent.
LAND::MH::dpcn-lazio::494ade61f332,Tor Vergata,41.86417,12.62694,physical_land,dpcn-lazio,MeteoHub /api/observations,ERA5_sampled_at_coordinate,DPC_regional_observation,True,True,False,True,,observed_in_snapshot; observed_snapshots=3. Official DPC/regional station observed in at least one selected MeteoHub time window; an offline station may be absent.
LAND::MH::dpcn-lazio::fa10d2ae3614,Trevi nel Lazio,41.86417,13.23722,physical_land,dpcn-lazio,MeteoHub /api/observations,ERA5_sampled_at_coordinate,DPC_regional_observation,True,True,False,True,,observed_in_snapshot; observed_snapshots=3. Official DPC/regional station observed in at least one selected MeteoHub time window; an offline station may be absent.
LAND::MH::dpcn-puglia::009828da8cb4,Lesina,41.8715,15.32833,physical_land,dpcn-puglia,MeteoHub /api/observations,ERA5_sampled_at_coordinate,DPC_regional_observation,True,True,False,True,,observed_in_snapshot; observed_snapshots=3. Official DPC/regional station observed in at least one selected MeteoHub time window; an offline station may be absent.
LAND::MH::dpcn-puglia::ec342e2cc65d,Vieste,41.8805,16.17583,physical_land,dpcn-puglia,MeteoHub /api/observations,ERA5_sampled_at_coordinate,DPC_regional_observation,True,True,False,True,,observed_in_snapshot; observed_snapshots=3. Official DPC/regional station observed in at least one selected MeteoHub time window; an offline station may be absent.
LAND::MH::dpcn-lazio::206caa31a364,Arrone a Maccarese,41.88111,12.23722,physical_land,dpcn-lazio,MeteoHub /api/observations,ERA5_sampled_at_coordinate,DPC_regional_observation,True,True,False,True,,observed_in_snapshot; observed_snapshots=3. Official DPC/regional station observed in at least one selected MeteoHub time window; an offline station may be absent.
LAND::MH::dpcn-lazio::57672d509689,Aurelio,41.88111,12.42361,physical_land,dpcn-lazio,MeteoHub /api/observations,ERA5_sampled_at_coordinate,DPC_regional_observation,True,True,False,True,,observed_in_snapshot; observed_snapshots=3. Official DPC/regional station observed in at least one selected MeteoHub time window; an offline station may be absent.
LAND::MH::dpcn-lazio::d49329bd112f,Rosolino Pilo,41.88111,12.4575,physical_land,dpcn-lazio,MeteoHub /api/observations,ERA5_sampled_at_coordinate,DPC_regional_observation,True,True,False,True,,observed_in_snapshot; observed_snapshots=3. Official DPC/regional station observed in at least one selected MeteoHub time window; an offline station may be absent.
LAND::MH::dpcn-lazio::a99180cb80f3,Tevere a Porta Portese,41.88111,12.47444,physical_land,dpcn-lazio,MeteoHub /api/observations,ERA5_sampled_at_coordinate,DPC_regional_observation,True,True,False,True,,observed_in_snapshot; observed_snapshots=3. Official DPC/regional station observed in at least one selected MeteoHub time window; an offline station may be absent.
LAND::MH::dpcn-lazio::6879603f57f6,Ostiense,41.88111,12.49139,physical_land,dpcn-lazio,MeteoHub /api/observations,ERA5_sampled_at_coordinate,DPC_regional_observation,True,True,False,True,,observed_in_snapshot; observed_snapshots=3. Official DPC/regional station observed in at least one selected MeteoHub time window; an offline station may be absent.
LAND::MH::dpcn-lazio::63274c5d80e4,Regillo,41.88111,12.74556,physical_land,dpcn-lazio,MeteoHub /api/observations,ERA5_sampled_at_coordinate,DPC_regional_observation,True,True,False,True,,observed_in_snapshot; observed_snapshots=3. Official DPC/regional station observed in at least one selected MeteoHub time window; an offline station may be absent.
LAND::MH::dpcn-lazio::f960f0e78e9d,S.Vito Romano,41.88111,12.98278,physical_land,dpcn-lazio,MeteoHub /api/observations,ERA5_sampled_at_coordinate,DPC_regional_observation,True,True,False,True,,observed_in_snapshot; observed_snapshots=3. Official DPC/regional station observed in at least one selected MeteoHub time window; an offline station may be absent.
LAND::MH::dpcn-molise::7ff0961c6b63,Palata,41.89,14.78583,physical_land,dpcn-molise,MeteoHub /api/observations,ERA5_sampled_at_coordinate,DPC_regional_observation,True,True,False,True,,observed_in_snapshot; observed_snapshots=3. Official DPC/regional station observed in at least one selected MeteoHub time window; an offline station may be absent.
LAND::MH::dpcn-molise::b647bb3b328a,Caprafica,41.89611,14.63417,physical_land,dpcn-molise,MeteoHub /api/observations,ERA5_sampled_at_coordinate,DPC_regional_observation,True,True,False,True,,observed_in_snapshot; observed_snapshots=3. Official DPC/regional station observed in at least one selected MeteoHub time window; an offline station may be absent.
LAND::ABR::POLARIS::108,PESCOCOSTANZO,41.897546975203,14.086550682806,physical_land,regione-abruzzo-polaris,Regione Abruzzo Agroambiente station API,ERA5_sampled_at_coordinate,DPC_regional_observation,True,True,False,True,,official_public_subset; observed_snapshots=6. Official Polaris-linked station. This public endpoint exposes 47 of the 119 stations stated for the full Abruzzo telemetered network.
LAND::MH::dpcn-lazio::364f3ea14e09,Massimina,41.89806,12.35583,physical_land,dpcn-lazio,MeteoHub /api/observations,ERA5_sampled_at_coordinate,DPC_regional_observation,True,True,False,True,,observed_in_snapshot; observed_snapshots=3. Official DPC/regional station observed in at least one selected MeteoHub time window; an offline station may be absent.
LAND::MH::dpcn-lazio::10a3ec3c028a,Collegio Romano,41.89806,12.47444,physical_land,dpcn-lazio,MeteoHub /api/observations,ERA5_sampled_at_coordinate,DPC_regional_observation,True,True,False,True,,observed_in_snapshot; observed_snapshots=3. Official DPC/regional station observed in at least one selected MeteoHub time window; an offline station may be absent.
LAND::MH::dpcn-lazio::e483d57deca3,Eleniano,41.89806,12.50833,physical_land,dpcn-lazio,MeteoHub /api/observations,ERA5_sampled_at_coordinate,DPC_regional_observation,True,True,False,True,,observed_in_snapshot; observed_snapshots=3. Official DPC/regional station observed in at least one selected MeteoHub time window; an offline station may be absent.
LAND::MH::dpcn-lazio::eed7b7917647,Filettino,41.89806,13.32194,physical_land,dpcn-lazio,MeteoHub /api/observations,ERA5_sampled_at_coordinate,DPC_regional_observation,True,True,False,True,,observed_in_snapshot; observed_snapshots=3. Official DPC/regional station observed in at least one selected MeteoHub time window; an offline station may be absent.
LAND::ABR::POLARIS::104,CIVITA D’ANTINO,41.9036715,13.44244633,physical_land,regione-abruzzo-polaris,Regione Abruzzo Agroambiente station API,ERA5_sampled_at_coordinate,DPC_regional_observation,True,True,False,True,,official_public_subset; observed_snapshots=6. Official Polaris-linked station. This public endpoint exposes 47 of the 119 stations stated for the full Abruzzo telemetered network.
LAND::MH::dpcn-puglia::8bdd2adffb03,Torrente Calena,41.91403,16.01947,physical_land,dpcn-puglia,MeteoHub /api/observations,ERA5_sampled_at_coordinate,DPC_regional_observation,True,True,False,True,,observed_in_snapshot; observed_snapshots=3. Official DPC/regional station observed in at least one selected MeteoHub time window; an offline station may be absent.
LAND::MH::dpcn-lazio::08c326e899fc,Cassiodoro,41.915,12.47444,physical_land,dpcn-lazio,MeteoHub /api/observations,ERA5_sampled_at_coordinate,DPC_regional_observation,True,True,False,True,,observed_in_snapshot; observed_snapshots=3. Official DPC/regional station observed in at least one selected MeteoHub time window; an offline station may be absent.
LAND::MH::dpcn-lazio::209cdfd50418,Roma Macao,41.915,12.50833,physical_land,dpcn-lazio,MeteoHub /api/observations,ERA5_sampled_at_coordinate,DPC_regional_observation,True,True,False,True,,observed_in_snapshot; observed_snapshots=3. Official DPC/regional station observed in at least one selected MeteoHub time window; an offline station may be absent.
LAND::MH::dpcn-lazio::745aa781e107,Salone,41.915,12.62694,physical_land,dpcn-lazio,MeteoHub /api/observations,ERA5_sampled_at_coordinate,DPC_regional_observation,True,True,False,True,,observed_in_snapshot; observed_snapshots=3. Official DPC/regional station observed in at least one selected MeteoHub time window; an offline station may be absent.
LAND::MH::dpcn-lazio::bc4ca2a17ddd,Rocca Santo Stefano,41.915,13.01694,physical_land,dpcn-lazio,MeteoHub /api/observations,ERA5_sampled_at_coordinate,DPC_regional_observation,True,True,False,True,,observed_in_snapshot; observed_snapshots=3. Official DPC/regional station observed in at least one selected MeteoHub time window; an offline station may be absent.
LAND::MH::dpcn-molise::1fc8819939e3,Altopantano,41.92656,14.98981,physical_land,dpcn-molise,MeteoHub /api/observations,ERA5_sampled_at_coordinate,DPC_regional_observation,True,True,False,True,,observed_in_snapshot; observed_snapshots=3. Official DPC/regional station observed in at least one selected MeteoHub time window; an offline station may be absent.
LAND::MH::dpcn-puglia::9a8a02ea451e,Rodi Garganico,41.92805,15.88112,physical_land,dpcn-puglia,MeteoHub /api/observations,ERA5_sampled_at_coordinate,DPC_regional_observation,True,True,False,True,,observed_in_snapshot; observed_snapshots=3. Official DPC/regional station observed in at least one selected MeteoHub time window; an offline station may be absent.
LAND::MH::dpcn-lazio::02aa18260e50,Monte Mario,41.93194,12.44056,physical_land,dpcn-lazio,MeteoHub /api/observations,ERA5_sampled_at_coordinate,DPC_regional_observation,True,True,False,True,,observed_in_snapshot; observed_snapshots=3. Official DPC/regional station observed in at least one selected MeteoHub time window; an offline station may be absent.
LAND::MH::dpcn-lazio::3280f7241f2b,Roma Flaminio,41.93194,12.47444,physical_land,dpcn-lazio,MeteoHub /api/observations,ERA5_sampled_at_coordinate,DPC_regional_observation,True,True,False,True,,observed_in_snapshot; observed_snapshots=3. Official DPC/regional station observed in at least one selected MeteoHub time window; an offline station may be absent.
LAND::MH::dpcn-lazio::b43ed2f14b2e,Via Marchi,41.93194,12.52528,physical_land,dpcn-lazio,MeteoHub /api/observations,ERA5_sampled_at_coordinate,DPC_regional_observation,True,True,False,True,,observed_in_snapshot; observed_snapshots=3. Official DPC/regional station observed in at least one selected MeteoHub time window; an offline station may be absent.
LAND::MH::dpcn-lazio::32e9f0563147,Roma Est,41.93194,12.57611,physical_land,dpcn-lazio,MeteoHub /api/observations,ERA5_sampled_at_coordinate,DPC_regional_observation,True,True,False,True,,observed_in_snapshot; observed_snapshots=3. Official DPC/regional station observed in at least one selected MeteoHub time window; an offline station may be absent.
LAND::MH::dpcn-lazio::98bf2c03ac56,Aniene a Lunghezza,41.93194,12.67778,physical_land,dpcn-lazio,MeteoHub /api/observations,ERA5_sampled_at_coordinate,DPC_regional_observation,True,True,False,True,,observed_in_snapshot; observed_snapshots=3. Official DPC/regional station observed in at least one selected MeteoHub time window; an offline station may be absent.
LAND::MH::dpcn-lazio::ba3ebbc20d3e,Aniene a Subiaco,41.93194,13.08472,physical_land,dpcn-lazio,MeteoHub /api/observations,ERA5_sampled_at_coordinate,DPC_regional_observation,True,True,False,True,,observed_in_snapshot; observed_snapshots=3. Official DPC/regional station observed in at least one selected MeteoHub time window; an offline station may be absent.
LAND::MH::dpcn-lazio::618567a6bfb8,Subiaco (Scolastica),41.93194,13.10167,physical_land,dpcn-lazio,MeteoHub /api/observations,ERA5_sampled_at_coordinate,DPC_regional_observation,True,True,False,True,,observed_in_snapshot; observed_snapshots=3. Official DPC/regional station observed in at least one selected MeteoHub time window; an offline station may be absent.
LAND::MH::dpcn-molise::4a33a824a3ee,Mafalda,41.94222,14.70306,physical_land,dpcn-molise,MeteoHub /api/observations,ERA5_sampled_at_coordinate,DPC_regional_observation,True,True,False,True,,observed_in_snapshot; observed_snapshots=3. Official DPC/regional station observed in at least one selected MeteoHub time window; an offline station may be absent.
LAND::MH::dpcn-puglia::65ea39d4573c,Peschici,41.945,16.01682,physical_land,dpcn-puglia,MeteoHub /api/observations,ERA5_sampled_at_coordinate,DPC_regional_observation,True,True,False,True,,observed_in_snapshot; observed_snapshots=3. Official DPC/regional station observed in at least one selected MeteoHub time window; an offline station may be absent.
LAND::MH::dpcn-lazio::8fe9b95c1057,Roma Monte Mario,41.94889,12.44056,physical_land,dpcn-lazio,MeteoHub /api/observations,ERA5_sampled_at_coordinate,DPC_regional_observation,True,True,False,True,,observed_in_snapshot; observed_snapshots=3. Official DPC/regional station observed in at least one selected MeteoHub time window; an offline station may be absent.
LAND::MH::dpcn-lazio::c3b25ce63b72,Acqua Acetosa,41.94889,12.49139,physical_land,dpcn-lazio,MeteoHub /api/observations,ERA5_sampled_at_coordinate,DPC_regional_observation,True,True,False,True,,observed_in_snapshot; observed_snapshots=3. Official DPC/regional station observed in at least one selected MeteoHub time window; an offline station may be absent.
LAND::MH::dpcn-lazio::7e06e65649d7,Aniene a Ponte Salario,41.94889,12.50833,physical_land,dpcn-lazio,MeteoHub /api/observations,ERA5_sampled_at_coordinate,DPC_regional_observation,True,True,False,True,,observed_in_snapshot; observed_snapshots=3. Official DPC/regional station observed in at least one selected MeteoHub time window; an offline station may be absent.
LAND::MH::dpcn-lazio::bbd2b20ffb1b,Fosso di Pratolungo,41.94889,12.59306,physical_land,dpcn-lazio,MeteoHub /api/observations,ERA5_sampled_at_coordinate,DPC_regional_observation,True,True,False,True,,observed_in_snapshot; observed_snapshots=3. Official DPC/regional station observed in at least one selected MeteoHub time window; an offline station may be absent.
LAND::MH::dpcn-lazio::2e2560fcbdfe,Capannacce,41.94889,12.64389,physical_land,dpcn-lazio,MeteoHub /api/observations,ERA5_sampled_at_coordinate,DPC_regional_observation,True,True,False,True,,observed_in_snapshot; observed_snapshots=3. Official DPC/regional station observed in at least one selected MeteoHub time window; an offline station may be absent.
LAND::MH::dpcn-lazio::4d6709e01210,Ottavia,41.96583,12.40667,physical_land,dpcn-lazio,MeteoHub /api/observations,ERA5_sampled_at_coordinate,DPC_regional_observation,True,True,False,True,,observed_in_snapshot; observed_snapshots=3. Official DPC/regional station observed in at least one selected MeteoHub time window; an offline station may be absent.
LAND::MH::dpcn-lazio::3f7a068595f0,Roma Nord,41.96583,12.49139,physical_land,dpcn-lazio,MeteoHub /api/observations,ERA5_sampled_at_coordinate,DPC_regional_observation,True,True,False,True,,observed_in_snapshot; observed_snapshots=3. Official DPC/regional station observed in at least one selected MeteoHub time window; an offline station may be absent.
LAND::MH::dpcn-lazio::f8c1d24aa03f,Tevere a Villa Spada,41.96583,12.50833,physical_land,dpcn-lazio,MeteoHub /api/observations,ERA5_sampled_at_coordinate,DPC_regional_observation,True,True,False,True,,observed_in_snapshot; observed_snapshots=3. Official DPC/regional station observed in at least one selected MeteoHub time window; an offline station may be absent.
LAND::MH::dpcn-lazio::242f043a247f,Roma Bufalotta,41.96583,12.54222,physical_land,dpcn-lazio,MeteoHub /api/observations,ERA5_sampled_at_coordinate,DPC_regional_observation,True,True,False,True,,observed_in_snapshot; observed_snapshots=3. Official DPC/regional station observed in at least one selected MeteoHub time window; an offline station may be absent.
LAND::MH::dpcn-lazio::95092edc8ef6,Aniene a Ponte Lucano,41.96583,12.7625,physical_land,dpcn-lazio,MeteoHub /api/observations,ERA5_sampled_at_coordinate,DPC_regional_observation,True,True,False,True,,observed_in_snapshot; observed_snapshots=3. Official DPC/regional station observed in at least one selected MeteoHub time window; an offline station may be absent.
LAND::MH::dpcn-lazio::f64b606fe57f,Tivoli,41.96583,12.79639,physical_land,dpcn-lazio,MeteoHub /api/observations,ERA5_sampled_at_coordinate,DPC_regional_observation,True,True,False,True,,observed_in_snapshot; observed_snapshots=3. Official DPC/regional station observed in at least one selected MeteoHub time window; an offline station may be absent.
LAND::MH::dpcn-molise::1f63b49c8d80,Termoli,41.97194,14.99472,physical_land,dpcn-molise,MeteoHub /api/observations,ERA5_sampled_at_coordinate,DPC_regional_observation,True,True,False,True,,observed_in_snapshot; observed_snapshots=3. Official DPC/regional station observed in at least one selected MeteoHub time window; an offline station may be absent.
LAND::MH::dpcn-lazio::28878cb89cd4,Tevere a Fidene,41.98278,12.49139,physical_land,dpcn-lazio,MeteoHub /api/observations,ERA5_sampled_at_coordinate,DPC_regional_observation,True,True,False,True,,observed_in_snapshot; observed_snapshots=3. Official DPC/regional station observed in at least one selected MeteoHub time window; an offline station may be absent.
LAND::MH::dpcn-lazio::6a7e3c2bd969,Campaegli,41.98278,13.10167,physical_land,dpcn-lazio,MeteoHub /api/observations,ERA5_sampled_at_coordinate,DPC_regional_observation,True,True,False,True,,observed_in_snapshot; observed_snapshots=3. Official DPC/regional station observed in at least one selected MeteoHub time window; an offline station may be absent.
LAND::ABR::POLARIS::46,CELANO (Borgo Ottomila),41.9952,13.54896944,physical_land,regione-abruzzo-polaris,Regione Abruzzo Agroambiente station API,ERA5_sampled_at_coordinate,DPC_regional_observation,True,True,False,True,,official_public_subset; observed_snapshots=6. Official Polaris-linked station. This public endpoint exposes 47 of the 119 stations stated for the full Abruzzo telemetered network.
LAND::MH::dpcn-lazio::e40091ea8c5f,Cerveteri,41.99972,12.10167,physical_land,dpcn-lazio,MeteoHub /api/observations,ERA5_sampled_at_coordinate,DPC_regional_observation,True,True,False,True,,observed_in_snapshot; observed_snapshots=3. Official DPC/regional station observed in at least one selected MeteoHub time window; an offline station may be absent.
LAND::MH::dpcn-lazio::eec880c24813,Tevere a Castelgiubileo,41.99972,12.49139,physical_land,dpcn-lazio,MeteoHub /api/observations,ERA5_sampled_at_coordinate,DPC_regional_observation,True,True,False,True,,observed_in_snapshot; observed_snapshots=3. Official DPC/regional station observed in at least one selected MeteoHub time window; an offline station may be absent.
LAND::MH::dpcn-lazio::adf6225598cb,Sambuci,41.99972,12.94889,physical_land,dpcn-lazio,MeteoHub /api/observations,ERA5_sampled_at_coordinate,DPC_regional_observation,True,True,False,True,,observed_in_snapshot; observed_snapshots=3. Official DPC/regional station observed in at least one selected MeteoHub time window; an offline station may be absent.
LAND::MH::dpcn-lazio::bcb08795485a,Aniene a Marano Equo,41.99972,13.01694,physical_land,dpcn-lazio,MeteoHub /api/observations,ERA5_sampled_at_coordinate,DPC_regional_observation,True,True,False,True,,observed_in_snapshot; observed_snapshots=3. Official DPC/regional station observed in at least one selected MeteoHub time window; an offline station may be absent.
LAND::MH::dpcn-lazio::0af9a7189107,La Storta,42.0,12.37278,physical_land,dpcn-lazio,MeteoHub /api/observations,ERA5_sampled_at_coordinate,DPC_regional_observation,True,True,False,True,,observed_in_snapshot; observed_snapshots=3. Official DPC/regional station observed in at least one selected MeteoHub time window; an offline station may be absent.
LAND::MH::dpcn-lazio::b0437cc5e06b,Flaminio,42.0,12.4575,physical_land,dpcn-lazio,MeteoHub /api/observations,ERA5_sampled_at_coordinate,DPC_regional_observation,True,True,False,True,,observed_in_snapshot; observed_snapshots=3. Official DPC/regional station observed in at least one selected MeteoHub time window; an offline station may be absent.
LAND::MH::dpcn-lazio::d0d61ddc2f3d,Guidonia,42.0,12.72861,physical_land,dpcn-lazio,MeteoHub /api/observations,ERA5_sampled_at_coordinate,DPC_regional_observation,True,True,False,True,,observed_in_snapshot; observed_snapshots=3. Official DPC/regional station observed in at least one selected MeteoHub time window; an offline station may be absent.
LAND::ABR::POLARIS::49,SAN BENEDETTO DEI MARSI,42.00798889,13.61321667,physical_land,regione-abruzzo-polaris,Regione Abruzzo Agroambiente station API,ERA5_sampled_at_coordinate,DPC_regional_observation,True,True,False,True,,official_public_subset; observed_snapshots=6. Official Polaris-linked station. This public endpoint exposes 47 of the 119 stations stated for the full Abruzzo telemetered network.
LAND::MH::dpcn-lazio::4d5d1290a48f,Tragliatella rlazio,42.01694,12.18639,physical_land,dpcn-lazio,MeteoHub /api/observations,ERA5_sampled_at_coordinate,DPC_regional_observation,True,True,False,True,,observed_in_snapshot; observed_snapshots=3. Official DPC/regional station observed in at least one selected MeteoHub time window; an offline station may be absent.
LAND::MH::dpcn-lazio::c1753e96153d,Osteria Nuova,42.01694,12.28806,physical_land,dpcn-lazio,MeteoHub /api/observations,ERA5_sampled_at_coordinate,DPC_regional_observation,True,True,False,True,,observed_in_snapshot; observed_snapshots=3. Official DPC/regional station observed in at least one selected MeteoHub time window; an offline station may be absent.
LAND::ABR::POLARIS::48,AVEZZANO,42.02531667,13.45065,physical_land,regione-abruzzo-polaris,Regione Abruzzo Agroambiente station API,ERA5_sampled_at_coordinate,DPC_regional_observation,True,True,False,True,,official_public_subset; observed_snapshots=6. Official Polaris-linked station. This public endpoint exposes 47 of the 119 stations stated for the full Abruzzo telemetered network.
LAND::ABR::POLARIS::36,CUPELLO/ San Salvo,42.02882778,14.71768056,physical_land,regione-abruzzo-polaris,Regione Abruzzo Agroambiente station API,ERA5_sampled_at_coordinate,DPC_regional_observation,True,True,False,True,,official_public_subset; observed_snapshots=6. Official Polaris-linked station. This public endpoint exposes 47 of the 119 stations stated for the full Abruzzo telemetered network.
LAND::ABR::POLARIS::114,TORNARECCIO,42.03194239,14.41487537,physical_land,regione-abruzzo-polaris,Regione Abruzzo Agroambiente station API,ERA5_sampled_at_coordinate,DPC_regional_observation,True,True,False,True,,official_public_subset; observed_snapshots=6. Official Polaris-linked station. This public endpoint exposes 47 of the 119 stations stated for the full Abruzzo telemetered network.
LAND::MH::dpcn-lazio::1976cecad2a8,Arsoli,42.03389,13.01694,physical_land,dpcn-lazio,MeteoHub /api/observations,ERA5_sampled_at_coordinate,DPC_regional_observation,True,True,False,True,,observed_in_snapshot; observed_snapshots=3. Official DPC/regional station observed in at least one selected MeteoHub time window; an offline station may be absent.
LAND::ABR::POLARIS::44,SULMONA BUGNARA,42.04161111,13.88379167,physical_land,regione-abruzzo-polaris,Regione Abruzzo Agroambiente station API,ERA5_sampled_at_coordinate,DPC_regional_observation,True,True,False,True,,official_public_subset; observed_snapshots=6. Official Polaris-linked station. This public endpoint exposes 47 of the 119 stations stated for the full Abruzzo telemetered network.
LAND::MH::dpcn-lazio::da370234e192,Sasso Furbara,42.05083,12.03389,physical_land,dpcn-lazio,MeteoHub /api/observations,ERA5_sampled_at_coordinate,DPC_regional_observation,True,True,False,True,,observed_in_snapshot; observed_snapshots=3. Official DPC/regional station observed in at least one selected MeteoHub time window; an offline station may be absent.
LAND::MH::dpcn-lazio::6a625794a96e,Monterotondo ETG,42.05083,12.62694,physical_land,dpcn-lazio,MeteoHub /api/observations,ERA5_sampled_at_coordinate,DPC_regional_observation,True,True,False,True,,observed_in_snapshot; observed_snapshots=3. Official DPC/regional station observed in at least one selected MeteoHub time window; an offline station may be absent.
LAND::MH::dpcn-lazio::ed63989af427,Formello,42.06778,12.40667,physical_land,dpcn-lazio,MeteoHub /api/observations,ERA5_sampled_at_coordinate,DPC_regional_observation,True,True,False,True,,observed_in_snapshot; observed_snapshots=3. Official DPC/regional station observed in at least one selected MeteoHub time window; an offline station may be absent.
LAND::MH::dpcn-lazio::57cba1d48b61,Palombara Sabina,42.06778,12.7625,physical_land,dpcn-lazio,MeteoHub /api/observations,ERA5_sampled_at_coordinate,DPC_regional_observation,True,True,False,True,,observed_in_snapshot; observed_snapshots=3. Official DPC/regional station observed in at least one selected MeteoHub time window; an offline station may be absent.
LAND::MH::dpcn-lazio::c5e1d66f2bb7,Licenza,42.06778,12.89806,physical_land,dpcn-lazio,MeteoHub /api/observations,ERA5_sampled_at_coordinate,DPC_regional_observation,True,True,False,True,,observed_in_snapshot; observed_snapshots=3. Official DPC/regional station observed in at least one selected MeteoHub time window; an offline station may be absent.
LAND::ABR::POLARIS::95,ORICOLA,42.07336667,13.05811111,physical_land,regione-abruzzo-polaris,Regione Abruzzo Agroambiente station API,ERA5_sampled_at_coordinate,DPC_regional_observation,True,True,False,True,,official_public_subset; observed_snapshots=6. Official Polaris-linked station. This public endpoint exposes 47 of the 119 stations stated for the full Abruzzo telemetered network.
LAND::MH::dpcn-lazio::b7fe94469b1d,Castello Vici,42.08472,12.27111,physical_land,dpcn-lazio,MeteoHub /api/observations,ERA5_sampled_at_coordinate,DPC_regional_observation,True,True,False,True,,observed_in_snapshot; observed_snapshots=3. Official DPC/regional station observed in at least one selected MeteoHub time window; an offline station may be absent.
LAND::MH::dpcn-lazio::ee0093ca42d3,Tevere a Ponte del Grillo,42.08472,12.61,physical_land,dpcn-lazio,MeteoHub /api/observations,ERA5_sampled_at_coordinate,DPC_regional_observation,True,True,False,True,,observed_in_snapshot; observed_snapshots=3. Official DPC/regional station observed in at least one selected MeteoHub time window; an offline station may be absent.
LAND::MH::dpcn-lazio::936c76083cb4,Bracciano,42.10167,12.16944,physical_land,dpcn-lazio,MeteoHub /api/observations,ERA5_sampled_at_coordinate,DPC_regional_observation,True,True,False,True,,observed_in_snapshot; observed_snapshots=3. Official DPC/regional station observed in at least one selected MeteoHub time window; an offline station may be absent.
LAND::MH::dpcn-lazio::a6e173de4cb1,Riano,42.10167,12.50833,physical_land,dpcn-lazio,MeteoHub /api/observations,ERA5_sampled_at_coordinate,DPC_regional_observation,True,True,False,True,,observed_in_snapshot; observed_snapshots=3. Official DPC/regional station observed in at least one selected MeteoHub time window; an offline station may be absent.
LAND::MH::dpcn-lazio::a065551f31d7,Vivaro Romano,42.10167,13.0,physical_land,dpcn-lazio,MeteoHub /api/observations,ERA5_sampled_at_coordinate,DPC_regional_observation,True,True,False,True,,observed_in_snapshot; observed_snapshots=3. Official DPC/regional station observed in at least one selected MeteoHub time window; an offline station may be absent.
LAND::ABR::POLARIS::1,SCERNI,42.10801111,14.58125,physical_land,regione-abruzzo-polaris,Regione Abruzzo Agroambiente station API,ERA5_sampled_at_coordinate,DPC_regional_observation,True,True,False,True,,official_public_subset; observed_snapshots=6. Official Polaris-linked station. This public endpoint exposes 47 of the 119 stations stated for the full Abruzzo telemetered network.
LAND::ABR::POLARIS::106,CORFINIO,42.11292684,13.82982821,physical_land,regione-abruzzo-polaris,Regione Abruzzo Agroambiente station API,ERA5_sampled_at_coordinate,DPC_regional_observation,True,True,False,True,,official_public_subset; observed_snapshots=6. Official Polaris-linked station. This public endpoint exposes 47 of the 119 stations stated for the full Abruzzo telemetered network.
LAND::MH::dpcn-lazio::beec9a5dc90a,Baccano,42.11861,12.37278,physical_land,dpcn-lazio,MeteoHub /api/observations,ERA5_sampled_at_coordinate,DPC_regional_observation,True,True,False,True,,observed_in_snapshot; observed_snapshots=3. Official DPC/regional station observed in at least one selected MeteoHub time window; an offline station may be absent.
LAND::MH::dpcn-lazio::dc3e831de16a,Fiano Romano,42.11861,12.61,physical_land,dpcn-lazio,MeteoHub /api/observations,ERA5_sampled_at_coordinate,DPC_regional_observation,True,True,False,True,,observed_in_snapshot; observed_snapshots=3. Official DPC/regional station observed in at least one selected MeteoHub time window; an offline station may be absent.
LAND::MH::dpcn-lazio::af97ecc055f8,Moricone,42.11861,12.77944,physical_land,dpcn-lazio,MeteoHub /api/observations,ERA5_sampled_at_coordinate,DPC_regional_observation,True,True,False,True,,observed_in_snapshot; observed_snapshots=3. Official DPC/regional station observed in at least one selected MeteoHub time window; an offline station may be absent.
LAND::ABR::POLARIS::19,Sant'Eufemia a Majella,42.11997237,14.02749835,physical_land,regione-abruzzo-polaris,Regione Abruzzo Agroambiente station API,ERA5_sampled_at_coordinate,DPC_regional_observation,True,True,False,True,,official_public_subset; observed_snapshots=6. Official Polaris-linked station. This public endpoint exposes 47 of the 119 stations stated for the full Abruzzo telemetered network.
LAND::ABR::POLARIS::109,CASOLI,42.12767137,14.29950946,physical_land,regione-abruzzo-polaris,Regione Abruzzo Agroambiente station API,ERA5_sampled_at_coordinate,DPC_regional_observation,True,True,False,True,,official_public_subset; observed_snapshots=6. Official Polaris-linked station. This public endpoint exposes 47 of the 119 stations stated for the full Abruzzo telemetered network.
LAND::ABR::POLARIS::113,SANT’EUSANIO DEL SANGRO,42.13142119,14.37921618,physical_land,regione-abruzzo-polaris,Regione Abruzzo Agroambiente station API,ERA5_sampled_at_coordinate,DPC_regional_observation,True,True,False,True,,official_public_subset; observed_snapshots=6. Official Polaris-linked station. This public endpoint exposes 47 of the 119 stations stated for the full Abruzzo telemetered network.
LAND::MH::dpcn-lazio::aba3574b288c,Manziana,42.13556,12.11861,physical_land,dpcn-lazio,MeteoHub /api/observations,ERA5_sampled_at_coordinate,DPC_regional_observation,True,True,False,True,,observed_in_snapshot; observed_snapshots=3. Official DPC/regional station observed in at least one selected MeteoHub time window; an offline station may be absent.
LAND::MH::dpcn-lazio::cbb945097a1c,Morlupo,42.13556,12.50833,physical_land,dpcn-lazio,MeteoHub /api/observations,ERA5_sampled_at_coordinate,DPC_regional_observation,True,True,False,True,,observed_in_snapshot; observed_snapshots=3. Official DPC/regional station observed in at least one selected MeteoHub time window; an offline station may be absent.
LAND::MH::dpcn-lazio::1a52af205bb4,Montelibretti,42.13556,12.74556,physical_land,dpcn-lazio,MeteoHub /api/observations,ERA5_sampled_at_coordinate,DPC_regional_observation,True,True,False,True,,observed_in_snapshot; observed_snapshots=3. Official DPC/regional station observed in at least one selected MeteoHub time window; an offline station may be absent.
LAND::MH::dpcn-lazio::4b3dcf1c71c6,Collalto Sabino,42.13556,13.03389,physical_land,dpcn-lazio,MeteoHub /api/observations,ERA5_sampled_at_coordinate,DPC_regional_observation,True,True,False,True,,observed_in_snapshot; observed_snapshots=3. Official DPC/regional station observed in at least one selected MeteoHub time window; an offline station may be absent.
LAND::ABR::POLARIS::105,CASTELVECCHIO SUBEQUO,42.1479384,13.7114596,physical_land,regione-abruzzo-polaris,Regione Abruzzo Agroambiente station API,ERA5_sampled_at_coordinate,DPC_regional_observation,True,True,False,True,,official_public_subset; observed_snapshots=6. Official Polaris-linked station. This public endpoint exposes 47 of the 119 stations stated for the full Abruzzo telemetered network.
LAND::ABR::POLARIS::53,VASTO,42.14965131,14.65795665,physical_land,regione-abruzzo-polaris,Regione Abruzzo Agroambiente station API,ERA5_sampled_at_coordinate,DPC_regional_observation,True,True,False,True,,official_public_subset; observed_snapshots=6. Official Polaris-linked station. This public endpoint exposes 47 of the 119 stations stated for the full Abruzzo telemetered network.
LAND::MH::dpcn-lazio::18c1f55a9671,Rota,42.1525,12.0,physical_land,dpcn-lazio,MeteoHub /api/observations,ERA5_sampled_at_coordinate,DPC_regional_observation,True,True,False,True,,observed_in_snapshot; observed_snapshots=3. Official DPC/regional station observed in at least one selected MeteoHub time window; an offline station may be absent.
LAND::MH::dpcn-lazio::0745c3755296,Trevignano Romano,42.1525,12.23722,physical_land,dpcn-lazio,MeteoHub /api/observations,ERA5_sampled_at_coordinate,DPC_regional_observation,True,True,False,True,,observed_in_snapshot; observed_snapshots=3. Official DPC/regional station observed in at least one selected MeteoHub time window; an offline station may be absent.
LAND::MH::dpcn-lazio::ef5b7477ebac,Tevere a Nazzano,42.1525,12.64389,physical_land,dpcn-lazio,MeteoHub /api/observations,ERA5_sampled_at_coordinate,DPC_regional_observation,True,True,False,True,,observed_in_snapshot; observed_snapshots=3. Official DPC/regional station observed in at least one selected MeteoHub time window; an offline station may be absent.
LAND::MH::dpcn-lazio::32f7bce863be,Tevere a Passo Corese,42.1525,12.66083,physical_land,dpcn-lazio,MeteoHub /api/observations,ERA5_sampled_at_coordinate,DPC_regional_observation,True,True,False,True,,observed_in_snapshot; observed_snapshots=3. Official DPC/regional station observed in at least one selected MeteoHub time window; an offline station may be absent.
LAND::MH::dpcn-lazio::a0cc5ef3f425,Nerola,42.1525,12.79639,physical_land,dpcn-lazio,MeteoHub /api/observations,ERA5_sampled_at_coordinate,DPC_regional_observation,True,True,False,True,,observed_in_snapshot; observed_snapshots=3. Official DPC/regional station observed in at least one selected MeteoHub time window; an offline station may be absent.
LAND::ABR::POLARIS::112,LANCIANO,42.16614941,14.43308605,physical_land,regione-abruzzo-polaris,Regione Abruzzo Agroambiente station API,ERA5_sampled_at_coordinate,DPC_regional_observation,True,True,False,True,,official_public_subset; observed_snapshots=6. Official Polaris-linked station. This public endpoint exposes 47 of the 119 stations stated for the full Abruzzo telemetered network.
LAND::MH::dpcn-lazio::a163f711a871,Passo Corese ETG,42.16944,12.66083,physical_land,dpcn-lazio,MeteoHub /api/observations,ERA5_sampled_at_coordinate,DPC_regional_observation,True,True,False,True,,observed_in_snapshot; observed_snapshots=3. Official DPC/regional station observed in at least one selected MeteoHub time window; an offline station may be absent.
LAND::ABR::POLARIS::54,VILLALFONSINA,42.18079729,14.56597294,physical_land,regione-abruzzo-polaris,Regione Abruzzo Agroambiente station API,ERA5_sampled_at_coordinate,DPC_regional_observation,True,True,False,True,,official_public_subset; observed_snapshots=6. Official Polaris-linked station. This public endpoint exposes 47 of the 119 stations stated for the full Abruzzo telemetered network.
LAND::ABR::POLARIS::72,TIONE DEGLI ABRUZZI,42.18511987,13.6695571,physical_land,regione-abruzzo-polaris,Regione Abruzzo Agroambiente station API,ERA5_sampled_at_coordinate,DPC_regional_observation,True,True,False,True,,official_public_subset; observed_snapshots=6. Official Polaris-linked station. This public endpoint exposes 47 of the 119 stations stated for the full Abruzzo telemetered network.
LAND::MH::dpcn-lazio::741e524cf4f0,Borgorose,42.18639,13.22028,physical_land,dpcn-lazio,MeteoHub /api/observations,ERA5_sampled_at_coordinate,DPC_regional_observation,True,True,False,True,,observed_in_snapshot; observed_snapshots=3. Official DPC/regional station observed in at least one selected MeteoHub time window; an offline station may be absent.
LAND::MH::dpcn-lazio::05f93d9108b5,Civitella Cesi,42.20333,12.01694,physical_land,dpcn-lazio,MeteoHub /api/observations,ERA5_sampled_at_coordinate,DPC_regional_observation,True,True,False,True,,observed_in_snapshot; observed_snapshots=3. Official DPC/regional station observed in at least one selected MeteoHub time window; an offline station may be absent.
LAND::MH::dpcn-lazio::71e894112ab4,Rignano Flaminio,42.20333,12.47444,physical_land,dpcn-lazio,MeteoHub /api/observations,ERA5_sampled_at_coordinate,DPC_regional_observation,True,True,False,True,,observed_in_snapshot; observed_snapshots=3. Official DPC/regional station observed in at least one selected MeteoHub time window; an offline station may be absent.
LAND::MH::dpcn-lazio::a174286b1347,Poggio Moiano,42.20333,12.89806,physical_land,dpcn-lazio,MeteoHub /api/observations,ERA5_sampled_at_coordinate,DPC_regional_observation,True,True,False,True,,observed_in_snapshot; observed_snapshots=3. Official DPC/regional station observed in at least one selected MeteoHub time window; an offline station may be absent.
LAND::ABR::POLARIS::27,FOSSACESIA,42.21299846,14.48674099,physical_land,regione-abruzzo-polaris,Regione Abruzzo Agroambiente station API,ERA5_sampled_at_coordinate,DPC_regional_observation,True,True,False,True,,official_public_subset; observed_snapshots=6. Official Polaris-linked station. This public endpoint exposes 47 of the 119 stations stated for the full Abruzzo telemetered network.
LAND::MH::dpcn-lazio::58989d0628dd,Torrita Tiberina,42.22028,12.62694,physical_land,dpcn-lazio,MeteoHub /api/observations,ERA5_sampled_at_coordinate,DPC_regional_observation,True,True,False,True,,observed_in_snapshot; observed_snapshots=3. Official DPC/regional station observed in at least one selected MeteoHub time window; an offline station may be absent.
LAND::MH::dpcn-lazio::24cd521e2db8,Lago del Turano,42.22028,12.94889,physical_land,dpcn-lazio,MeteoHub /api/observations,ERA5_sampled_at_coordinate,DPC_regional_observation,True,True,False,True,,observed_in_snapshot; observed_snapshots=3. Official DPC/regional station observed in at least one selected MeteoHub time window; an offline station may be absent.
LAND::ABR::POLARIS::74,TOCCO DA CASAURIA,42.22198056,13.94045556,physical_land,regione-abruzzo-polaris,Regione Abruzzo Agroambiente station API,ERA5_sampled_at_coordinate,DPC_regional_observation,True,True,False,True,,official_public_subset; observed_snapshots=6. Official Polaris-linked station. This public endpoint exposes 47 of the 119 stations stated for the full Abruzzo telemetered network.
LAND::ABR::POLARIS::69,ORSOGNA,42.22793056,14.28792778,physical_land,regione-abruzzo-polaris,Regione Abruzzo Agroambiente station API,ERA5_sampled_at_coordinate,DPC_regional_observation,True,True,False,True,,official_public_subset; observed_snapshots=6. Official Polaris-linked station. This public endpoint exposes 47 of the 119 stations stated for the full Abruzzo telemetered network.
LAND::MH::dpcn-lazio::d1aede997de9,Sutri,42.23722,12.22028,physical_land,dpcn-lazio,MeteoHub /api/observations,ERA5_sampled_at_coordinate,DPC_regional_observation,True,True,False,True,,observed_in_snapshot; observed_snapshots=3. Official DPC/regional station observed in at least one selected MeteoHub time window; an offline station may be absent.
LAND::MH::dpcn-lazio::a3b51982367a,Nepi,42.23722,12.33889,physical_land,dpcn-lazio,MeteoHub /api/observations,ERA5_sampled_at_coordinate,DPC_regional_observation,True,True,False,True,,observed_in_snapshot; observed_snapshots=3. Official DPC/regional station observed in at least one selected MeteoHub time window; an offline station may be absent.
LAND::MH::dpcn-lazio::633c1f10fc3b,Sorgenti Capore,42.23722,12.81333,physical_land,dpcn-lazio,MeteoHub /api/observations,ERA5_sampled_at_coordinate,DPC_regional_observation,True,True,False,True,,observed_in_snapshot; observed_snapshots=3. Official DPC/regional station observed in at least one selected MeteoHub time window; an offline station may be absent.
LAND::MH::dpcn-lazio::d88f2cc62da2,Posticciola,42.23722,12.94889,physical_land,dpcn-lazio,MeteoHub /api/observations,ERA5_sampled_at_coordinate,DPC_regional_observation,True,True,False,True,,observed_in_snapshot; observed_snapshots=3. Official DPC/regional station observed in at least one selected MeteoHub time window; an offline station may be absent.
LAND::ABR::POLARIS::107,SAN PIO delle CAMERE,42.23911088,13.71280846,physical_land,regione-abruzzo-polaris,Regione Abruzzo Agroambiente station API,ERA5_sampled_at_coordinate,DPC_regional_observation,True,True,False,True,,official_public_subset; observed_snapshots=6. Official Polaris-linked station. This public endpoint exposes 47 of the 119 stations stated for the full Abruzzo telemetered network.
LAND::MH::dpcn-lazio::7e5a01d3def8,Barbarano,42.25417,12.03389,physical_land,dpcn-lazio,MeteoHub /api/observations,ERA5_sampled_at_coordinate,DPC_regional_observation,True,True,False,True,,observed_in_snapshot; observed_snapshots=3. Official DPC/regional station observed in at least one selected MeteoHub time window; an offline station may be absent.
LAND::MH::dpcn-lazio::5ea02014e509,Salisano,42.25417,12.7625,physical_land,dpcn-lazio,MeteoHub /api/observations,ERA5_sampled_at_coordinate,DPC_regional_observation,True,True,False,True,,observed_in_snapshot; observed_snapshots=3. Official DPC/regional station observed in at least one selected MeteoHub time window; an offline station may be absent.
LAND::MH::dpcn-lazio::175f820e395f,Tevere a Stimigliano,42.27111,12.55917,physical_land,dpcn-lazio,MeteoHub /api/observations,ERA5_sampled_at_coordinate,DPC_regional_observation,True,True,False,True,,observed_in_snapshot; observed_snapshots=3. Official DPC/regional station observed in at least one selected MeteoHub time window; an offline station may be absent.
LAND::MH::dpcn-lazio::e7b0322128a0,Poggio Mirteto,42.27111,12.69472,physical_land,dpcn-lazio,MeteoHub /api/observations,ERA5_sampled_at_coordinate,DPC_regional_observation,True,True,False,True,,observed_in_snapshot; observed_snapshots=3. Official DPC/regional station observed in at least one selected MeteoHub time window; an offline station may be absent.
LAND::MH::dpcn-lazio::e117aa5bc7ea,Lago del Salto,42.27111,13.01694,physical_land,dpcn-lazio,MeteoHub /api/observations,ERA5_sampled_at_coordinate,DPC_regional_observation,True,True,False,True,,observed_in_snapshot; observed_snapshots=3. Official DPC/regional station observed in at least one selected MeteoHub time window; an offline station may be absent.
LAND::MH::dpcn-lazio::98753e861325,Brusciano,42.27111,13.13556,physical_land,dpcn-lazio,MeteoHub /api/observations,ERA5_sampled_at_coordinate,DPC_regional_observation,True,True,False,True,,observed_in_snapshot; observed_snapshots=3. Official DPC/regional station observed in at least one selected MeteoHub time window; an offline station may be absent.
LAND::MH::dpcn-lazio::784edcceeb49,Stimigliano,42.28136,12.5587,physical_land,dpcn-lazio,MeteoHub /api/observations,ERA5_sampled_at_coordinate,DPC_regional_observation,True,True,False,True,,observed_in_snapshot; observed_snapshots=3. Official DPC/regional station observed in at least one selected MeteoHub time window; an offline station may be absent.
LAND::ABR::POLARIS::102,CAPESTRANO,42.28429688,13.74985164,physical_land,regione-abruzzo-polaris,Regione Abruzzo Agroambiente station API,ERA5_sampled_at_coordinate,DPC_regional_observation,True,True,False,True,,official_public_subset; observed_snapshots=6. Official Polaris-linked station. This public endpoint exposes 47 of the 119 stations stated for the full Abruzzo telemetered network.
LAND::MH::dpcn-lazio::91c7e4e05db3,Ronciglione rlazio,42.28806,12.20333,physical_land,dpcn-lazio,MeteoHub /api/observations,ERA5_sampled_at_coordinate,DPC_regional_observation,True,True,False,True,,observed_in_snapshot; observed_snapshots=3. Official DPC/regional station observed in at least one selected MeteoHub time window; an offline station may be absent.
LAND::MH::dpcn-lazio::9ff4ab0d5609,Treia a Civita Castellana,42.28806,12.42361,physical_land,dpcn-lazio,MeteoHub /api/observations,ERA5_sampled_at_coordinate,DPC_regional_observation,True,True,False,True,,observed_in_snapshot; observed_snapshots=3. Official DPC/regional station observed in at least one selected MeteoHub time window; an offline station may be absent.
LAND::MH::dpcn-lazio::5fb6b87dcb73,Turano a Rocca Sinibalda,42.28806,12.915,physical_land,dpcn-lazio,MeteoHub /api/observations,ERA5_sampled_at_coordinate,DPC_regional_observation,True,True,False,True,,observed_in_snapshot; observed_snapshots=3. Official DPC/regional station observed in at least one selected MeteoHub time window; an offline station may be absent.
LAND::ABR::POLARIS::24,ALANNO,42.31164444,14.01807778,physical_land,regione-abruzzo-polaris,Regione Abruzzo Agroambiente station API,ERA5_sampled_at_coordinate,DPC_regional_observation,True,True,False,True,,official_public_subset; observed_snapshots=6. Official Polaris-linked station. This public endpoint exposes 47 of the 119 stations stated for the full Abruzzo telemetered network.
LAND::MH::dpcn-lazio::fad6e0338fce,Vetralla Rlazio,42.32194,12.08472,physical_land,dpcn-lazio,MeteoHub /api/observations,ERA5_sampled_at_coordinate,DPC_regional_observation,True,True,False,True,,observed_in_snapshot; observed_snapshots=3. Official DPC/regional station observed in at least one selected MeteoHub time window; an offline station may be absent.
LAND::MH::dpcn-lazio::8d6325169197,Salto a San Martino,42.32194,12.99972,physical_land,dpcn-lazio,MeteoHub /api/observations,ERA5_sampled_at_coordinate,DPC_regional_observation,True,True,False,True,,observed_in_snapshot; observed_snapshots=3. Official DPC/regional station observed in at least one selected MeteoHub time window; an offline station may be absent.
LAND::ABR::POLARIS::34,VILLA MAGNA,42.331425,14.25186389,physical_land,regione-abruzzo-polaris,Regione Abruzzo Agroambiente station API,ERA5_sampled_at_coordinate,DPC_regional_observation,True,True,False,True,,official_public_subset; observed_snapshots=6. Official Polaris-linked station. This public endpoint exposes 47 of the 119 stations stated for the full Abruzzo telemetered network.
LAND::ABR::POLARIS::103,L'AQUILA (S.Elia),42.33435756,13.42748882,physical_land,regione-abruzzo-polaris,Regione Abruzzo Agroambiente station API,ERA5_sampled_at_coordinate,DPC_regional_observation,True,True,False,True,,official_public_subset; observed_snapshots=6. Official Polaris-linked station. This public endpoint exposes 47 of the 119 stations stated for the full Abruzzo telemetered network.
LAND::ABR::POLARIS::52,COLLE ROIO,42.33525,13.37651389,physical_land,regione-abruzzo-polaris,Regione Abruzzo Agroambiente station API,ERA5_sampled_at_coordinate,DPC_regional_observation,True,True,False,True,,official_public_subset; observed_snapshots=6. Official Polaris-linked station. This public endpoint exposes 47 of the 119 stations stated for the full Abruzzo telemetered network.
LAND::ABR::POLARIS::115,VICOLI,42.352283048733,13.911421146909,physical_land,regione-abruzzo-polaris,Regione Abruzzo Agroambiente station API,ERA5_sampled_at_coordinate,DPC_regional_observation,True,True,False,True,,official_public_subset; observed_snapshots=6. Official Polaris-linked station. This public endpoint exposes 47 of the 119 stations stated for the full Abruzzo telemetered network.
LAND::MH::dpcn-lazio::962850dfe01b,Corchiano,42.35583,12.33889,physical_land,dpcn-lazio,MeteoHub /api/observations,ERA5_sampled_at_coordinate,DPC_regional_observation,True,True,False,True,,observed_in_snapshot; observed_snapshots=3. Official DPC/regional station observed in at least one selected MeteoHub time window; an offline station may be absent.
LAND::MH::dpcn-lazio::d6df21252a3f,Tevere a Ponte Felice,42.35583,12.4575,physical_land,dpcn-lazio,MeteoHub /api/observations,ERA5_sampled_at_coordinate,DPC_regional_observation,True,True,False,True,,observed_in_snapshot; observed_snapshots=3. Official DPC/regional station observed in at least one selected MeteoHub time window; an offline station may be absent.
LAND::MH::dpcn-lazio::b95eabc752a7,Poggio Perugino,42.35583,12.7625,physical_land,dpcn-lazio,MeteoHub /api/observations,ERA5_sampled_at_coordinate,DPC_regional_observation,True,True,False,True,,observed_in_snapshot; observed_snapshots=3. Official DPC/regional station observed in at least one selected MeteoHub time window; an offline station may be absent.
LAND::MH::dpcn-lazio::1c2a9c6b3010,Sorgenti Peschiera,42.35583,13.0,physical_land,dpcn-lazio,MeteoHub /api/observations,ERA5_sampled_at_coordinate,DPC_regional_observation,True,True,False,True,,observed_in_snapshot; observed_snapshots=3. Official DPC/regional station observed in at least one selected MeteoHub time window; an offline station may be absent.
LAND::MH::dpcn-lazio::961c9f21d9df,Fianello,42.37278,12.55917,physical_land,dpcn-lazio,MeteoHub /api/observations,ERA5_sampled_at_coordinate,DPC_regional_observation,True,True,False,True,,observed_in_snapshot; observed_snapshots=3. Official DPC/regional station observed in at least one selected MeteoHub time window; an offline station may be absent.
LAND::MH::dpcn-lazio::8fe05b1b8866,Montasola,42.37278,12.69472,physical_land,dpcn-lazio,MeteoHub /api/observations,ERA5_sampled_at_coordinate,DPC_regional_observation,True,True,False,True,,observed_in_snapshot; observed_snapshots=3. Official DPC/regional station observed in at least one selected MeteoHub time window; an offline station may be absent.
LAND::ABR::POLARIS::23,CEPAGATTI,42.37501667,14.07783056,physical_land,regione-abruzzo-polaris,Regione Abruzzo Agroambiente station API,ERA5_sampled_at_coordinate,DPC_regional_observation,True,True,False,True,,official_public_subset; observed_snapshots=6. Official Polaris-linked station. This public endpoint exposes 47 of the 119 stations stated for the full Abruzzo telemetered network.
LAND::ABR::POLARIS::111,ORTONA,42.38387039,14.3240932,physical_land,regione-abruzzo-polaris,Regione Abruzzo Agroambiente station API,ERA5_sampled_at_coordinate,DPC_regional_observation,True,True,False,True,,official_public_subset; observed_snapshots=6. Official Polaris-linked station. This public endpoint exposes 47 of the 119 stations stated for the full Abruzzo telemetered network.
LAND::MH::dpcn-lazio::b6d8bb3145be,Cittaducale,42.38972,12.96583,physical_land,dpcn-lazio,MeteoHub /api/observations,ERA5_sampled_at_coordinate,DPC_regional_observation,True,True,False,True,,observed_in_snapshot; observed_snapshots=3. Official DPC/regional station observed in at least one selected MeteoHub time window; an offline station may be absent.
LAND::MH::dpcn-lazio::c7c644b25969,Velino a Rieti,42.40667,12.88111,physical_land,dpcn-lazio,MeteoHub /api/observations,ERA5_sampled_at_coordinate,DPC_regional_observation,True,True,False,True,,observed_in_snapshot; observed_snapshots=3. Official DPC/regional station observed in at least one selected MeteoHub time window; an offline station may be absent.
LAND::MH::dpcn-lazio::90c057b162d9,Viterbo,42.42361,12.10167,physical_land,dpcn-lazio,MeteoHub /api/observations,ERA5_sampled_at_coordinate,DPC_regional_observation,True,True,False,True,,observed_in_snapshot; observed_snapshots=3. Official DPC/regional station observed in at least one selected MeteoHub time window; an offline station may be absent.
LAND::MH::dpcn-lazio::0cabdacebecc,Cimino,42.42361,12.20333,physical_land,dpcn-lazio,MeteoHub /api/observations,ERA5_sampled_at_coordinate,DPC_regional_observation,True,True,False,True,,observed_in_snapshot; observed_snapshots=3. Official DPC/regional station observed in at least one selected MeteoHub time window; an offline station may be absent.
LAND::MH::dpcn-lazio::a16d1a28a303,Soriano nel Cimino,42.42361,12.23722,physical_land,dpcn-lazio,MeteoHub /api/observations,ERA5_sampled_at_coordinate,DPC_regional_observation,True,True,False,True,,observed_in_snapshot; observed_snapshots=3. Official DPC/regional station observed in at least one selected MeteoHub time window; an offline station may be absent.
LAND::MH::dpcn-lazio::3a95336c84bd,Configni,42.42361,12.66083,physical_land,dpcn-lazio,MeteoHub /api/observations,ERA5_sampled_at_coordinate,DPC_regional_observation,True,True,False,True,,observed_in_snapshot; observed_snapshots=3. Official DPC/regional station observed in at least one selected MeteoHub time window; an offline station may be absent.
LAND::ABR::POLARIS::116,MOSCUFO,42.42971822,14.06802579,physical_land,regione-abruzzo-polaris,Regione Abruzzo Agroambiente station API,ERA5_sampled_at_coordinate,DPC_regional_observation,True,True,False,True,,official_public_subset; observed_snapshots=6. Official Polaris-linked station. This public endpoint exposes 47 of the 119 stations stated for the full Abruzzo telemetered network.
LAND::ABR::POLARIS::21,FRANCAVILLA AL MARE,42.43065,14.24593333,physical_land,regione-abruzzo-polaris,Regione Abruzzo Agroambiente station API,ERA5_sampled_at_coordinate,DPC_regional_observation,True,True,False,True,,official_public_subset; observed_snapshots=6. Official Polaris-linked station. This public endpoint exposes 47 of the 119 stations stated for the full Abruzzo telemetered network.
LAND::MH::dpcn-lazio::b6e3894c859a,Tevere a Orte Scalo,42.44056,12.40667,physical_land,dpcn-lazio,MeteoHub /api/observations,ERA5_sampled_at_coordinate,DPC_regional_observation,True,True,False,True,,observed_in_snapshot; observed_snapshots=3. Official DPC/regional station observed in at least one selected MeteoHub time window; an offline station may be absent.
LAND::MH::dpcn-lazio::f6e97e705451,Velino a Terria,42.44056,12.79639,physical_land,dpcn-lazio,MeteoHub /api/observations,ERA5_sampled_at_coordinate,DPC_regional_observation,True,True,False,True,,observed_in_snapshot; observed_snapshots=3. Official DPC/regional station observed in at least one selected MeteoHub time window; an offline station may be absent.
LAND::MH::dpcn-lazio::ceebb7b4b6fc,Lugnano,42.44056,12.93194,physical_land,dpcn-lazio,MeteoHub /api/observations,ERA5_sampled_at_coordinate,DPC_regional_observation,True,True,False,True,,observed_in_snapshot; observed_snapshots=3. Official DPC/regional station observed in at least one selected MeteoHub time window; an offline station may be absent.
LAND::ABR::POLARIS::25,PENNE,42.44948889,13.94831111,physical_land,regione-abruzzo-polaris,Regione Abruzzo Agroambiente station API,ERA5_sampled_at_coordinate,DPC_regional_observation,True,True,False,True,,official_public_subset; observed_snapshots=6. Official Polaris-linked station. This public endpoint exposes 47 of the 119 stations stated for the full Abruzzo telemetered network.
LAND::MH::dpcn-lazio::3fba00c272cb,Nera a S.Liberato,42.4575,12.42361,physical_land,dpcn-lazio,MeteoHub /api/observations,ERA5_sampled_at_coordinate,DPC_regional_observation,True,True,False,True,,observed_in_snapshot; observed_snapshots=3. Official DPC/regional station observed in at least one selected MeteoHub time window; an offline station may be absent.
LAND::MH::dpcn-lazio::5d8f81939657,Monte Terminillo,42.4575,12.99972,physical_land,dpcn-lazio,MeteoHub /api/observations,ERA5_sampled_at_coordinate,DPC_regional_observation,True,True,False,True,,observed_in_snapshot; observed_snapshots=3. Official DPC/regional station observed in at least one selected MeteoHub time window; an offline station may be absent.
LAND::MH::dpcn-lazio::3e831c8f373a,Micigliano,42.4575,13.05083,physical_land,dpcn-lazio,MeteoHub /api/observations,ERA5_sampled_at_coordinate,DPC_regional_observation,True,True,False,True,,observed_in_snapshot; observed_snapshots=3. Official DPC/regional station observed in at least one selected MeteoHub time window; an offline station may be absent.
LAND::MH::dpcn-lazio::bc7d627dfc43,Colli sul Velino,42.49139,12.79639,physical_land,dpcn-lazio,MeteoHub /api/observations,ERA5_sampled_at_coordinate,DPC_regional_observation,True,True,False,True,,observed_in_snapshot; observed_snapshots=3. Official DPC/regional station observed in at least one selected MeteoHub time window; an offline station may be absent.
LAND::ABR::POLARIS::26,CITTA' SANT'ANGELO,42.49790556,14.09408056,physical_land,regione-abruzzo-polaris,Regione Abruzzo Agroambiente station API,ERA5_sampled_at_coordinate,DPC_regional_observation,True,True,False,True,,official_public_subset; observed_snapshots=6. Official Polaris-linked station. This public endpoint exposes 47 of the 119 stations stated for the full Abruzzo telemetered network.
LAND::MH::dpcn-lazio::167581b9f565,Tevere ad Attigliano,42.50833,12.27111,physical_land,dpcn-lazio,MeteoHub /api/observations,ERA5_sampled_at_coordinate,DPC_regional_observation,True,True,False,True,,observed_in_snapshot; observed_snapshots=3. Official DPC/regional station observed in at least one selected MeteoHub time window; an offline station may be absent.
LAND::MH::dpcn-lazio::255e667bc68a,Montefiascone,42.52528,12.01694,physical_land,dpcn-lazio,MeteoHub /api/observations,ERA5_sampled_at_coordinate,DPC_regional_observation,True,True,False,True,,observed_in_snapshot; observed_snapshots=3. Official DPC/regional station observed in at least one selected MeteoHub time window; an offline station may be absent.
LAND::MH::dpcn-lazio::79d9fd12912b,Rivodutri,42.52528,12.86417,physical_land,dpcn-lazio,MeteoHub /api/observations,ERA5_sampled_at_coordinate,DPC_regional_observation,True,True,False,True,,observed_in_snapshot; observed_snapshots=3. Official DPC/regional station observed in at least one selected MeteoHub time window; an offline station may be absent.
LAND::MH::dpcn-lazio::db0977bd7b09,Posta,42.52528,13.10167,physical_land,dpcn-lazio,MeteoHub /api/observations,ERA5_sampled_at_coordinate,DPC_regional_observation,True,True,False,True,,observed_in_snapshot; observed_snapshots=3. Official DPC/regional station observed in at least one selected MeteoHub time window; an offline station may be absent.
LAND::MH::dpcn-umbria::8ef173d3f76b,Piediluco,42.53227,12.77353,physical_land,dpcn-umbria,MeteoHub /api/observations,ERA5_sampled_at_coordinate,DPC_regional_observation,True,True,False,True,,observed_in_snapshot; observed_snapshots=3. Official DPC/regional station observed in at least one selected MeteoHub time window; an offline station may be absent.
LAND::MH::dpcn-umbria::9822e35c8326,Canale Medio Nera,42.54174,12.75614,physical_land,dpcn-umbria,MeteoHub /api/observations,ERA5_sampled_at_coordinate,DPC_regional_observation,True,True,False,True,,observed_in_snapshot; observed_snapshots=3. Official DPC/regional station observed in at least one selected MeteoHub time window; an offline station may be absent.
LAND::MH::dpcn-umbria::3c14f4176b78,Narni Scalo,42.55111,12.54278,physical_land,dpcn-umbria,MeteoHub /api/observations,ERA5_sampled_at_coordinate,DPC_regional_observation,True,True,False,True,,observed_in_snapshot; observed_snapshots=3. Official DPC/regional station observed in at least one selected MeteoHub time window; an offline station may be absent.
LAND::MH::dpcn-umbria::2a0f1e6e5d18,Amelia,42.55694,12.41694,physical_land,dpcn-umbria,MeteoHub /api/observations,ERA5_sampled_at_coordinate,DPC_regional_observation,True,True,False,True,,observed_in_snapshot; observed_snapshots=3. Official DPC/regional station observed in at least one selected MeteoHub time window; an offline station may be absent.
LAND::MH::dpcn-umbria::ae5b24605495,Terni,42.55967,12.65037,physical_land,dpcn-umbria,MeteoHub /api/observations,ERA5_sampled_at_coordinate,DPC_regional_observation,True,True,False,True,,observed_in_snapshot; observed_snapshots=3. Official DPC/regional station observed in at least one selected MeteoHub time window; an offline station may be absent.
LAND::MH::dpcn-umbria::d2e1ec9af223,Torre Orsina,42.57185,12.7401,physical_land,dpcn-umbria,MeteoHub /api/observations,ERA5_sampled_at_coordinate,DPC_regional_observation,True,True,False,True,,observed_in_snapshot; observed_snapshots=3. Official DPC/regional station observed in at least one selected MeteoHub time window; an offline station may be absent.
LAND::MH::dpcn-lazio::fb49494f4d3e,Graffignano,42.57611,12.20333,physical_land,dpcn-lazio,MeteoHub /api/observations,ERA5_sampled_at_coordinate,DPC_regional_observation,True,True,False,True,,observed_in_snapshot; observed_snapshots=3. Official DPC/regional station observed in at least one selected MeteoHub time window; an offline station may be absent.
LAND::MH::dpcn-lazio::6f00e3f5919c,Colle la Croce,42.57611,13.01694,physical_land,dpcn-lazio,MeteoHub /api/observations,ERA5_sampled_at_coordinate,DPC_regional_observation,True,True,False,True,,observed_in_snapshot; observed_snapshots=3. Official DPC/regional station observed in at least one selected MeteoHub time window; an offline station may be absent.
LAND::MH::dpcn-umbria::d95acd5569e2,Alviano,42.58406,12.2504,physical_land,dpcn-umbria,MeteoHub /api/observations,ERA5_sampled_at_coordinate,DPC_regional_observation,True,True,False,True,,observed_in_snapshot; observed_snapshots=3. Official DPC/regional station observed in at least one selected MeteoHub time window; an offline station may be absent.
LAND::MH::dpcn-lazio::f28b18464e4e,Castel Cellesi,42.59306,12.1525,physical_land,dpcn-lazio,MeteoHub /api/observations,ERA5_sampled_at_coordinate,DPC_regional_observation,True,True,False,True,,observed_in_snapshot; observed_snapshots=3. Official DPC/regional station observed in at least one selected MeteoHub time window; an offline station may be absent.
LAND::MH::dpcn-lazio::7c56feeccdaf,Cittareale,42.59306,13.1525,physical_land,dpcn-lazio,MeteoHub /api/observations,ERA5_sampled_at_coordinate,DPC_regional_observation,True,True,False,True,,observed_in_snapshot; observed_snapshots=3. Official DPC/regional station observed in at least one selected MeteoHub time window; an offline station may be absent.
LAND::MH::dpcn-umbria::5d1863ced3ab,S.Gemini,42.6081,12.5428,physical_land,dpcn-umbria,MeteoHub /api/observations,ERA5_sampled_at_coordinate,DPC_regional_observation,True,True,False,True,,observed_in_snapshot; observed_snapshots=3. Official DPC/regional station observed in at least one selected MeteoHub time window; an offline station may be absent.
LAND::MH::dpcn-umbria::66585a254a18,S.Gemini,42.60889,12.54056,physical_land,dpcn-umbria,MeteoHub /api/observations,ERA5_sampled_at_coordinate,DPC_regional_observation,True,True,False,True,,observed_in_snapshot; observed_snapshots=3. Official DPC/regional station observed in at least one selected MeteoHub time window; an offline station may be absent.
LAND::ABR::POLARIS::15,CELLINO ATTANASIO,42.60923889,13.86840278,physical_land,regione-abruzzo-polaris,Regione Abruzzo Agroambiente station API,ERA5_sampled_at_coordinate,DPC_regional_observation,True,True,False,True,,official_public_subset; observed_snapshots=6. Official Polaris-linked station. This public endpoint exposes 47 of the 119 stations stated for the full Abruzzo telemetered network.
LAND::ABR::POLARIS::16,ATRI,42.614059867277,13.921677834854,physical_land,regione-abruzzo-polaris,Regione Abruzzo Agroambiente station API,ERA5_sampled_at_coordinate,DPC_regional_observation,True,True,False,True,,official_public_subset; observed_snapshots=6. Official Polaris-linked station. This public endpoint exposes 47 of the 119 stations stated for the full Abruzzo telemetered network.
LAND::MH::dpcn-lazio::62ccba9b0d09,Bagnoregio,42.62694,12.10167,physical_land,dpcn-lazio,MeteoHub /api/observations,ERA5_sampled_at_coordinate,DPC_regional_observation,True,True,False,True,,observed_in_snapshot; observed_snapshots=3. Official DPC/regional station observed in at least one selected MeteoHub time window; an offline station may be absent.
LAND::MH::dpcn-lazio::0f10bfd02bc0,Amatrice,42.62962,13.29463,physical_land,dpcn-lazio,MeteoHub /api/observations,ERA5_sampled_at_coordinate,DPC_regional_observation,True,True,False,True,,observed_in_snapshot; observed_snapshots=3. Official DPC/regional station observed in at least one selected MeteoHub time window; an offline station may be absent.
LAND::ABR::POLARIS::11,CANZANO,42.63083611,13.82625833,physical_land,regione-abruzzo-polaris,Regione Abruzzo Agroambiente station API,ERA5_sampled_at_coordinate,DPC_regional_observation,True,True,False,True,,official_public_subset; observed_snapshots=6. Official Polaris-linked station. This public endpoint exposes 47 of the 119 stations stated for the full Abruzzo telemetered network.
LAND::MH::dpcn-umbria::29ad91bb0868,Monteleone di Spoleto,42.64667,12.94889,physical_land,dpcn-umbria,MeteoHub /api/observations,ERA5_sampled_at_coordinate,DPC_regional_observation,True,True,False,True,,observed_in_snapshot; observed_snapshots=3. Official DPC/regional station observed in at least one selected MeteoHub time window; an offline station may be absent.
LAND::MH::dpcn-umbria::ac9f139da7f3,Ancaiano,42.64694,12.77361,physical_land,dpcn-umbria,MeteoHub /api/observations,ERA5_sampled_at_coordinate,DPC_regional_observation,True,True,False,True,,observed_in_snapshot; observed_snapshots=3. Official DPC/regional station observed in at least one selected MeteoHub time window; an offline station may be absent.
LAND::MH::dpcn-umbria::52c6e0291f01,Castiglione in Teverina,42.65151,12.23396,physical_land,dpcn-umbria,MeteoHub /api/observations,ERA5_sampled_at_coordinate,DPC_regional_observation,True,True,False,True,,observed_in_snapshot; observed_snapshots=3. Official DPC/regional station observed in at least one selected MeteoHub time window; an offline station may be absent.
LAND::ABR::POLARIS::6,ROSETO DEGLI ABRUZZI,42.66512222,13.97599444,physical_land,regione-abruzzo-polaris,Regione Abruzzo Agroambiente station API,ERA5_sampled_at_coordinate,DPC_regional_observation,True,True,False,True,,official_public_subset; observed_snapshots=6. Official Polaris-linked station. This public endpoint exposes 47 of the 119 stations stated for the full Abruzzo telemetered network.
LAND::MH::dpcn-umbria::b8b839ec4699,Castagnacupa,42.67028,12.65417,physical_land,dpcn-umbria,MeteoHub /api/observations,ERA5_sampled_at_coordinate,DPC_regional_observation,True,True,False,True,,observed_in_snapshot; observed_snapshots=3. Official DPC/regional station observed in at least one selected MeteoHub time window; an offline station may be absent.
LAND::MH::dpcn-umbria::bb2beb5d4d01,Avigliano Umbro,42.6775,12.43694,physical_land,dpcn-umbria,MeteoHub /api/observations,ERA5_sampled_at_coordinate,DPC_regional_observation,True,True,False,True,,observed_in_snapshot; observed_snapshots=3. Official DPC/regional station observed in at least one selected MeteoHub time window; an offline station may be absent.
LAND::MH::dpcn-umbria::305998dc1c2f,Melezzole,42.68139,12.34778,physical_land,dpcn-umbria,MeteoHub /api/observations,ERA5_sampled_at_coordinate,DPC_regional_observation,True,True,False,True,,observed_in_snapshot; observed_snapshots=3. Official DPC/regional station observed in at least one selected MeteoHub time window; an offline station may be absent.
LAND::MH::dpcn-umbria::382de39a64d1,Ponte Baschi,42.68339,12.20742,physical_land,dpcn-umbria,MeteoHub /api/observations,ERA5_sampled_at_coordinate,DPC_regional_observation,True,True,False,True,,observed_in_snapshot; observed_snapshots=3. Official DPC/regional station observed in at least one selected MeteoHub time window; an offline station may be absent.
LAND::MH::dpcn-lazio::cae0458255d1,Poggio Casoli,42.68663,13.26555,physical_land,dpcn-lazio,MeteoHub /api/observations,ERA5_sampled_at_coordinate,DPC_regional_observation,True,True,False,True,,observed_in_snapshot; observed_snapshots=3. Official DPC/regional station observed in at least one selected MeteoHub time window; an offline station may be absent.
LAND::ABR::POLARIS::12,TERAMO (Ponzano),42.70028389,13.72493517,physical_land,regione-abruzzo-polaris,Regione Abruzzo Agroambiente station API,ERA5_sampled_at_coordinate,DPC_regional_observation,True,True,False,True,,official_public_subset; observed_snapshots=6. Official Polaris-linked station. This public endpoint exposes 47 of the 119 stations stated for the full Abruzzo telemetered network.
LAND::MH::dpcn-umbria::e3f4b115b2eb,Casigliano,42.70694,12.50528,physical_land,dpcn-umbria,MeteoHub /api/observations,ERA5_sampled_at_coordinate,DPC_regional_observation,True,True,False,True,,observed_in_snapshot; observed_snapshots=3. Official DPC/regional station observed in at least one selected MeteoHub time window; an offline station may be absent.
LAND::MH::dpcn-umbria::4903e24c9037,Corbara,42.70713,12.26381,physical_land,dpcn-umbria,MeteoHub /api/observations,ERA5_sampled_at_coordinate,DPC_regional_observation,True,True,False,True,,observed_in_snapshot; observed_snapshots=3. Official DPC/regional station observed in at least one selected MeteoHub time window; an offline station may be absent.
LAND::MH::dpcn-umbria::56b9c49b8d2f,Orvieto,42.71611,12.10639,physical_land,dpcn-umbria,MeteoHub /api/observations,ERA5_sampled_at_coordinate,DPC_regional_observation,True,True,False,True,,observed_in_snapshot; observed_snapshots=3. Official DPC/regional station observed in at least one selected MeteoHub time window; an offline station may be absent.
LAND::MH::dpcn-umbria::e0038ca67735,Cascia,42.71639,13.03111,physical_land,dpcn-umbria,MeteoHub /api/observations,ERA5_sampled_at_coordinate,DPC_regional_observation,True,True,False,True,,observed_in_snapshot; observed_snapshots=3. Official DPC/regional station observed in at least one selected MeteoHub time window; an offline station may be absent.
LAND::MH::dpcn-umbria::f4537b71ef52,Ponte Adunata,42.72426,12.14214,physical_land,dpcn-umbria,MeteoHub /api/observations,ERA5_sampled_at_coordinate,DPC_regional_observation,True,True,False,True,,observed_in_snapshot; observed_snapshots=3. Official DPC/regional station observed in at least one selected MeteoHub time window; an offline station may be absent.
LAND::MH::dpcn-umbria::27af5fc3b991,Orvieto Scalo,42.72508,12.13591,physical_land,dpcn-umbria,MeteoHub /api/observations,ERA5_sampled_at_coordinate,DPC_regional_observation,True,True,False,True,,observed_in_snapshot; observed_snapshots=3. Official DPC/regional station observed in at least one selected MeteoHub time window; an offline station may be absent.
LAND::ABR::POLARIS::117,BELLANTE,42.72543298,13.83762171,physical_land,regione-abruzzo-polaris,Regione Abruzzo Agroambiente station API,ERA5_sampled_at_coordinate,DPC_regional_observation,True,True,False,True,,official_public_subset; observed_snapshots=6. Official Polaris-linked station. This public endpoint exposes 47 of the 119 stations stated for the full Abruzzo telemetered network.
LAND::MH::dpcn-marche::2d527df80968,Umito,42.73742,13.40658,physical_land,dpcn-marche,MeteoHub /api/observations,ERA5_sampled_at_coordinate,DPC_regional_observation,True,True,False,True,,observed_in_snapshot; observed_snapshots=3. Official DPC/regional station observed in at least one selected MeteoHub time window; an offline station may be absent.
LAND::MH::dpcn-marche::01a1404b93e9,Capodacqua,42.73848,13.23818,physical_land,dpcn-marche,MeteoHub /api/observations,ERA5_sampled_at_coordinate,DPC_regional_observation,True,True,False,True,,observed_in_snapshot; observed_snapshots=3. Official DPC/regional station observed in at least one selected MeteoHub time window; an offline station may be absent.
LAND::MH::dpcn-marche::e86831b8d551,Pescara del Tronto,42.74063,13.2648,physical_land,dpcn-marche,MeteoHub /api/observations,ERA5_sampled_at_coordinate,DPC_regional_observation,True,True,False,True,,observed_in_snapshot; observed_snapshots=3. Official DPC/regional station observed in at least one selected MeteoHub time window; an offline station may be absent.
LAND::MH::dpcn-umbria::e63490c21478,S.Silvestro,42.75,12.67111,physical_land,dpcn-umbria,MeteoHub /api/observations,ERA5_sampled_at_coordinate,DPC_regional_observation,True,True,False,True,,observed_in_snapshot; observed_snapshots=3. Official DPC/regional station observed in at least one selected MeteoHub time window; an offline station may be absent.
LAND::MH::dpcn-umbria::c30488d62fb4,Forca Canapine,42.75,13.19444,physical_land,dpcn-umbria,MeteoHub /api/observations,ERA5_sampled_at_coordinate,DPC_regional_observation,True,True,False,True,,observed_in_snapshot; observed_snapshots=3. Official DPC/regional station observed in at least one selected MeteoHub time window; an offline station may be absent.
LAND::MH::dpcn-umbria::a47d64444b98,Vallo di Nera,42.75169,12.85084,physical_land,dpcn-umbria,MeteoHub /api/observations,ERA5_sampled_at_coordinate,DPC_regional_observation,True,True,False,True,,observed_in_snapshot; observed_snapshots=3. Official DPC/regional station observed in at least one selected MeteoHub time window; an offline station may be absent.
LAND::MH::dpcn-umbria::faacc004f29c,Spoleto,42.755,12.73861,physical_land,dpcn-umbria,MeteoHub /api/observations,ERA5_sampled_at_coordinate,DPC_regional_observation,True,True,False,True,,observed_in_snapshot; observed_snapshots=3. Official DPC/regional station observed in at least one selected MeteoHub time window; an offline station may be absent.
LAND::MH::dpcn-umbria::79abd137d836,Morrano,42.75891,12.1259,physical_land,dpcn-umbria,MeteoHub /api/observations,ERA5_sampled_at_coordinate,DPC_regional_observation,True,True,False,True,,observed_in_snapshot; observed_snapshots=3. Official DPC/regional station observed in at least one selected MeteoHub time window; an offline station may be absent.
LAND::MH::dpcn-marche::3ba615eb8796,Piscina Acquasanta Terme,42.76832,13.40897,physical_land,dpcn-marche,MeteoHub /api/observations,ERA5_sampled_at_coordinate,DPC_regional_observation,True,True,False,True,,observed_in_snapshot; observed_snapshots=3. Official DPC/regional station observed in at least one selected MeteoHub time window; an offline station may be absent.
LAND::MH::dpcn-umbria::15a8bb707a4f,Allerona,42.77278,12.039,physical_land,dpcn-umbria,MeteoHub /api/observations,ERA5_sampled_at_coordinate,DPC_regional_observation,True,True,False,True,,observed_in_snapshot; observed_snapshots=3. Official DPC/regional station observed in at least one selected MeteoHub time window; an offline station may be absent.
LAND::MH::dpcn-umbria::7162604891e8,Cassa Pian di Morrano,42.77308,12.11892,physical_land,dpcn-umbria,MeteoHub /api/observations,ERA5_sampled_at_coordinate,DPC_regional_observation,True,True,False,True,,observed_in_snapshot; observed_snapshots=3. Official DPC/regional station observed in at least one selected MeteoHub time window; an offline station may be absent.
LAND::MH::dpcn-umbria::66f3db165647,Massa Martana,42.77472,12.52389,physical_land,dpcn-umbria,MeteoHub /api/observations,ERA5_sampled_at_coordinate,DPC_regional_observation,True,True,False,True,,observed_in_snapshot; observed_snapshots=3. Official DPC/regional station observed in at least one selected MeteoHub time window; an offline station may be absent.
LAND::MH::dpcn-umbria::2094a95d0c61,Todi,42.77694,12.405,physical_land,dpcn-umbria,MeteoHub /api/observations,ERA5_sampled_at_coordinate,DPC_regional_observation,True,True,False,True,,observed_in_snapshot; observed_snapshots=3. Official DPC/regional station observed in at least one selected MeteoHub time window; an offline station may be absent.
LAND::MH::dpcn-marche::9feca6150cf6,Arquata del Tronto,42.77782,13.29545,physical_land,dpcn-marche,MeteoHub /api/observations,ERA5_sampled_at_coordinate,DPC_regional_observation,True,True,False,True,,observed_in_snapshot; observed_snapshots=3. Official DPC/regional station observed in at least one selected MeteoHub time window; an offline station may be absent.
LAND::MH::dpcn-umbria::1270c3718ed5,Serravalle,42.77853,13.01771,physical_land,dpcn-umbria,MeteoHub /api/observations,ERA5_sampled_at_coordinate,DPC_regional_observation,True,True,False,True,,observed_in_snapshot; observed_snapshots=3. Official DPC/regional station observed in at least one selected MeteoHub time window; an offline station may be absent.
LAND::ABR::POLARIS::119,TORTORETO,42.7878549,13.92954385,physical_land,regione-abruzzo-polaris,Regione Abruzzo Agroambiente station API,ERA5_sampled_at_coordinate,DPC_regional_observation,True,True,False,True,,official_public_subset; observed_snapshots=6. Official Polaris-linked station. This public endpoint exposes 47 of the 119 stations stated for the full Abruzzo telemetered network.
LAND::MH::dpcn-umbria::062d0a3168ad,Montemartano,42.78806,12.59444,physical_land,dpcn-umbria,MeteoHub /api/observations,ERA5_sampled_at_coordinate,DPC_regional_observation,True,True,False,True,,observed_in_snapshot; observed_snapshots=3. Official DPC/regional station observed in at least one selected MeteoHub time window; an offline station may be absent.
LAND::MH::dpcn-umbria::049dae843266,Norcia,42.78861,13.09944,physical_land,dpcn-umbria,MeteoHub /api/observations,ERA5_sampled_at_coordinate,DPC_regional_observation,True,True,False,True,,observed_in_snapshot; observed_snapshots=3. Official DPC/regional station observed in at least one selected MeteoHub time window; an offline station may be absent.
LAND::MH::dpcn-umbria::b868892ddb7c,Cassa Molino di Bagni,42.79042,12.11868,physical_land,dpcn-umbria,MeteoHub /api/observations,ERA5_sampled_at_coordinate,DPC_regional_observation,True,True,False,True,,observed_in_snapshot; observed_snapshots=3. Official DPC/regional station observed in at least one selected MeteoHub time window; an offline station may be absent.
LAND::MH::dpcn-umbria::b7e634fe1d91,Monte Molino 2,42.79129,12.39311,physical_land,dpcn-umbria,MeteoHub /api/observations,ERA5_sampled_at_coordinate,DPC_regional_observation,True,True,False,True,,observed_in_snapshot; observed_snapshots=3. Official DPC/regional station observed in at least one selected MeteoHub time window; an offline station may be absent.
LAND::MH::dpcn-marche::622e34fe7693,Ponte Arli,42.79809,13.46123,physical_land,dpcn-marche,MeteoHub /api/observations,ERA5_sampled_at_coordinate,DPC_regional_observation,True,True,False,True,,observed_in_snapshot; observed_snapshots=3. Official DPC/regional station observed in at least one selected MeteoHub time window; an offline station may be absent.
LAND::MH::dpcn-umbria::4f52be98fdc9,Forsivo,42.80278,13.01472,physical_land,dpcn-umbria,MeteoHub /api/observations,ERA5_sampled_at_coordinate,DPC_regional_observation,True,True,False,True,,observed_in_snapshot; observed_snapshots=3. Official DPC/regional station observed in at least one selected MeteoHub time window; an offline station may be absent.
LAND::MH::dpcn-umbria::8635f699da7b,La Bruna,42.82,12.68833,physical_land,dpcn-umbria,MeteoHub /api/observations,ERA5_sampled_at_coordinate,DPC_regional_observation,True,True,False,True,,observed_in_snapshot; observed_snapshots=3. Official DPC/regional station observed in at least one selected MeteoHub time window; an offline station may be absent.
LAND::ABR::POLARIS::118,CORROPOLI,42.82407126,13.83292204,physical_land,regione-abruzzo-polaris,Regione Abruzzo Agroambiente station API,ERA5_sampled_at_coordinate,DPC_regional_observation,True,True,False,True,,official_public_subset; observed_snapshots=6. Official Polaris-linked station. This public endpoint exposes 47 of the 119 stations stated for the full Abruzzo telemetered network.
LAND::MH::dpcn-umbria::9fc604839eb9,Azzano,42.8267,12.75892,physical_land,dpcn-umbria,MeteoHub /api/observations,ERA5_sampled_at_coordinate,DPC_regional_observation,True,True,False,True,,observed_in_snapshot; observed_snapshots=3. Official DPC/regional station observed in at least one selected MeteoHub time window; an offline station may be absent.
LAND::ABR::POLARIS::8,ANCARANO,42.83360556,13.75531389,physical_land,regione-abruzzo-polaris,Regione Abruzzo Agroambiente station API,ERA5_sampled_at_coordinate,DPC_regional_observation,True,True,False,True,,official_public_subset; observed_snapshots=6. Official Polaris-linked station. This public endpoint exposes 47 of the 119 stations stated for the full Abruzzo telemetered network.
LAND::MH::dpcn-umbria::87a10727c0f2,Ripalvella,42.83806,12.3,physical_land,dpcn-umbria,MeteoHub /api/observations,ERA5_sampled_at_coordinate,DPC_regional_observation,True,True,False,True,,observed_in_snapshot; observed_snapshots=3. Official DPC/regional station observed in at least one selected MeteoHub time window; an offline station may be absent.
LAND::MH::dpcn-umbria::ac92d90edd56,Ponte Buggianino,42.83983,12.9477,physical_land,dpcn-umbria,MeteoHub /api/observations,ERA5_sampled_at_coordinate,DPC_regional_observation,True,True,False,True,,observed_in_snapshot; observed_snapshots=3. Official DPC/regional station observed in at least one selected MeteoHub time window; an offline station may be absent.
LAND::MH::dpcn-marche::0c15648d2522,Porta Cartara,42.84925,13.57102,physical_land,dpcn-marche,MeteoHub /api/observations,ERA5_sampled_at_coordinate,DPC_regional_observation,True,True,False,True,,observed_in_snapshot; observed_snapshots=3. Official DPC/regional station observed in at least one selected MeteoHub time window; an offline station may be absent.
LAND::MH::dpcn-marche::e67e8fcdd2d4,Mozzano,42.84965,13.53753,physical_land,dpcn-marche,MeteoHub /api/observations,ERA5_sampled_at_coordinate,DPC_regional_observation,True,True,False,True,,observed_in_snapshot; observed_snapshots=3. Official DPC/regional station observed in at least one selected MeteoHub time window; an offline station may be absent.
LAND::MH::dpcn-marche::5cb398cdf6f8,Tronto,42.85223,13.65146,physical_land,dpcn-marche,MeteoHub /api/observations,ERA5_sampled_at_coordinate,DPC_regional_observation,True,True,False,True,,observed_in_snapshot; observed_snapshots=3. Official DPC/regional station observed in at least one selected MeteoHub time window; an offline station may be absent.
LAND::ABR::POLARIS::94,COLONNELLA,42.86441667,13.82212778,physical_land,regione-abruzzo-polaris,Regione Abruzzo Agroambiente station API,ERA5_sampled_at_coordinate,DPC_regional_observation,True,True,False,True,,official_public_subset; observed_snapshots=6. Official Polaris-linked station. This public endpoint exposes 47 of the 119 stations stated for the full Abruzzo telemetered network.
LAND::MH::dpcn-umbria::d2fca930b22b,Bastardo,42.8675,12.55833,physical_land,dpcn-umbria,MeteoHub /api/observations,ERA5_sampled_at_coordinate,DPC_regional_observation,True,True,False,True,,observed_in_snapshot; observed_snapshots=3. Official DPC/regional station observed in at least one selected MeteoHub time window; an offline station may be absent.
LAND::MH::dpcn-marche::2f72e5740cf0,Monte Prata,42.8736,13.205,physical_land,dpcn-marche,MeteoHub /api/observations,ERA5_sampled_at_coordinate,DPC_regional_observation,True,True,False,True,,observed_in_snapshot; observed_snapshots=3. Official DPC/regional station observed in at least one selected MeteoHub time window; an offline station may be absent.
LAND::MH::dpcn-umbria::2832ca632d79,Ponte Osteria,42.8737,12.0559,physical_land,dpcn-umbria,MeteoHub /api/observations,ERA5_sampled_at_coordinate,DPC_regional_observation,True,True,False,True,,observed_in_snapshot; observed_snapshots=3. Official DPC/regional station observed in at least one selected MeteoHub time window; an offline station may be absent.
LAND::MH::dpcn-umbria::f8dbce31cb5f,Pornello,42.87556,12.20056,physical_land,dpcn-umbria,MeteoHub /api/observations,ERA5_sampled_at_coordinate,DPC_regional_observation,True,True,False,True,,observed_in_snapshot; observed_snapshots=3. Official DPC/regional station observed in at least one selected MeteoHub time window; an offline station may be absent.
LAND::MH::dpcn-marche::b63ede20ff3f,San Giorgio Isola,42.88433,13.35693,physical_land,dpcn-marche,MeteoHub /api/observations,ERA5_sampled_at_coordinate,DPC_regional_observation,True,True,False,True,,observed_in_snapshot; observed_snapshots=3. Official DPC/regional station observed in at least one selected MeteoHub time window; an offline station may be absent.
LAND::MH::dpcn-marche::55726ed2e45b,Gualdo,42.88622,13.16578,physical_land,dpcn-marche,MeteoHub /api/observations,ERA5_sampled_at_coordinate,DPC_regional_observation,True,True,False,True,,observed_in_snapshot; observed_snapshots=3. Official DPC/regional station observed in at least one selected MeteoHub time window; an offline station may be absent.
LAND::MH::dpcn-marche::79447d6d3ce6,Nocelleto,42.88655,13.15192,physical_land,dpcn-marche,MeteoHub /api/observations,ERA5_sampled_at_coordinate,DPC_regional_observation,True,True,False,True,,observed_in_snapshot; observed_snapshots=3. Official DPC/regional station observed in at least one selected MeteoHub time window; an offline station may be absent.
LAND::MH::dpcn-marche::d652eedff07d,Briglia Volpi,42.89038,13.87938,physical_land,dpcn-marche,MeteoHub /api/observations,ERA5_sampled_at_coordinate,DPC_regional_observation,True,True,False,True,,observed_in_snapshot; observed_snapshots=3. Official DPC/regional station observed in at least one selected MeteoHub time window; an offline station may be absent.
LAND::MH::dpcn-marche::766a006d71b8,Castel S.Angelo,42.89458,13.15208,physical_land,dpcn-marche,MeteoHub /api/observations,ERA5_sampled_at_coordinate,DPC_regional_observation,True,True,False,True,,observed_in_snapshot; observed_snapshots=3. Official DPC/regional station observed in at least one selected MeteoHub time window; an offline station may be absent.
LAND::MH::dpcn-marche::197dbd7411e6,Sibilla,42.895,13.27,physical_land,dpcn-marche,MeteoHub /api/observations,ERA5_sampled_at_coordinate,DPC_regional_observation,True,True,False,True,,observed_in_snapshot; observed_snapshots=3. Official DPC/regional station observed in at least one selected MeteoHub time window; an offline station may be absent.
LAND::MH::dpcn-umbria::9066d10d1e0c,Ponte S.Maria,42.89595,12.02092,physical_land,dpcn-umbria,MeteoHub /api/observations,ERA5_sampled_at_coordinate,DPC_regional_observation,True,True,False,True,,observed_in_snapshot; observed_snapshots=3. Official DPC/regional station observed in at least one selected MeteoHub time window; an offline station may be absent.
LAND::MH::dpcn-marche::e16eac6d6548,Montemonaco,42.8997,13.3253,physical_land,dpcn-marche,MeteoHub /api/observations,ERA5_sampled_at_coordinate,DPC_regional_observation,True,True,False,True,,observed_in_snapshot; observed_snapshots=3. Official DPC/regional station observed in at least one selected MeteoHub time window; an offline station may be absent.
LAND::MH::dpcn-marche::296e8d02b50d,Ponte Tavola,42.90445,13.13805,physical_land,dpcn-marche,MeteoHub /api/observations,ERA5_sampled_at_coordinate,DPC_regional_observation,True,True,False,True,,observed_in_snapshot; observed_snapshots=3. Official DPC/regional station observed in at least one selected MeteoHub time window; an offline station may be absent.
LAND::MH::dpcn-marche::1d81d7d77cab,Illice,42.90522,13.40683,physical_land,dpcn-marche,MeteoHub /api/observations,ERA5_sampled_at_coordinate,DPC_regional_observation,True,True,False,True,,observed_in_snapshot; observed_snapshots=3. Official DPC/regional station observed in at least one selected MeteoHub time window; an offline station may be absent.
LAND::MH::dpcn-marche::89144dc4d75b,Monte Bove Sud,42.9119,13.1892,physical_land,dpcn-marche,MeteoHub /api/observations,ERA5_sampled_at_coordinate,DPC_regional_observation,True,True,False,True,,observed_in_snapshot; observed_snapshots=3. Official DPC/regional station observed in at least one selected MeteoHub time window; an offline station may be absent.
LAND::MH::dpcn-umbria::ab03ada823d1,Marsciano,42.91649,12.33732,physical_land,dpcn-umbria,MeteoHub /api/observations,ERA5_sampled_at_coordinate,DPC_regional_observation,True,True,False,True,,observed_in_snapshot; observed_snapshots=3. Official DPC/regional station observed in at least one selected MeteoHub time window; an offline station may be absent.
LAND::MH::dpcn-marche::3423b76ba798,Isola San Biagio,42.9181,13.2989,physical_land,dpcn-marche,MeteoHub /api/observations,ERA5_sampled_at_coordinate,DPC_regional_observation,True,True,False,True,,observed_in_snapshot; observed_snapshots=3. Official DPC/regional station observed in at least one selected MeteoHub time window; an offline station may be absent.
LAND::MH::dpcn-marche::c5662a4f997d,Endesa,42.92618,13.09863,physical_land,dpcn-marche,MeteoHub /api/observations,ERA5_sampled_at_coordinate,DPC_regional_observation,True,True,False,True,,observed_in_snapshot; observed_snapshots=3. Official DPC/regional station observed in at least one selected MeteoHub time window; an offline station may be absent.
LAND::MH::dpcn-umbria::d7a13d6b50e2,Collepepe,42.92985,12.40601,physical_land,dpcn-umbria,MeteoHub /api/observations,ERA5_sampled_at_coordinate,DPC_regional_observation,True,True,False,True,,observed_in_snapshot; observed_snapshots=3. Official DPC/regional station observed in at least one selected MeteoHub time window; an offline station may be absent.
LAND::MH::dpcn-marche::0f999c31c526,Visso,42.932,13.08147,physical_land,dpcn-marche,MeteoHub /api/observations,ERA5_sampled_at_coordinate,DPC_regional_observation,True,True,False,True,,observed_in_snapshot; observed_snapshots=3. Official DPC/regional station observed in at least one selected MeteoHub time window; an offline station may be absent.
LAND::MH::dpcn-marche::5b2f428cb313,San Benedetto,42.9333,13.8892,physical_land,dpcn-marche,MeteoHub /api/observations,ERA5_sampled_at_coordinate,DPC_regional_observation,True,True,False,True,,observed_in_snapshot; observed_snapshots=3. Official DPC/regional station observed in at least one selected MeteoHub time window; an offline station may be absent.
LAND::MH::dpcn-marche::3f97593006b9,Madonna dell'Uccelletto,42.93472,13.10763,physical_land,dpcn-marche,MeteoHub /api/observations,ERA5_sampled_at_coordinate,DPC_regional_observation,True,True,False,True,,observed_in_snapshot; observed_snapshots=3. Official DPC/regional station observed in at least one selected MeteoHub time window; an offline station may be absent.
LAND::MH::dpcn-umbria::781fb4ab2281,Campogrande,42.93889,12.0275,physical_land,dpcn-umbria,MeteoHub /api/observations,ERA5_sampled_at_coordinate,DPC_regional_observation,True,True,False,True,,observed_in_snapshot; observed_snapshots=3. Official DPC/regional station observed in at least one selected MeteoHub time window; an offline station may be absent.
LAND::MH::dpcn-umbria::af19adc3257e,Compignano,42.94194,12.28806,physical_land,dpcn-umbria,MeteoHub /api/observations,ERA5_sampled_at_coordinate,DPC_regional_observation,True,True,False,True,,observed_in_snapshot; observed_snapshots=3. Official DPC/regional station observed in at least one selected MeteoHub time window; an offline station may be absent.
LAND::MH::dpcn-marche::cc11047f2e33,Ussita,42.9436,13.1425,physical_land,dpcn-marche,MeteoHub /api/observations,ERA5_sampled_at_coordinate,DPC_regional_observation,True,True,False,True,,observed_in_snapshot; observed_snapshots=3. Official DPC/regional station observed in at least one selected MeteoHub time window; an offline station may be absent.
LAND::MH::dpcn-umbria::7abadf15afbb,Bevagna,42.94403,12.63867,physical_land,dpcn-umbria,MeteoHub /api/observations,ERA5_sampled_at_coordinate,DPC_regional_observation,True,True,False,True,,observed_in_snapshot; observed_snapshots=3. Official DPC/regional station observed in at least one selected MeteoHub time window; an offline station may be absent.
LAND::MH::dpcn-umbria::a2233064e4ad,Foligno,42.94992,12.69172,physical_land,dpcn-umbria,MeteoHub /api/observations,ERA5_sampled_at_coordinate,DPC_regional_observation,True,True,False,True,,observed_in_snapshot; observed_snapshots=3. Official DPC/regional station observed in at least one selected MeteoHub time window; an offline station may be absent.
LAND::MH::dpcn-marche::61e3d7b822aa,Pizzo Tre Vescovi,42.9539,13.205,physical_land,dpcn-marche,MeteoHub /api/observations,ERA5_sampled_at_coordinate,DPC_regional_observation,True,True,False,True,,observed_in_snapshot; observed_snapshots=3. Official DPC/regional station observed in at least one selected MeteoHub time window; an offline station may be absent.
LAND::MH::dpcn-marche::b51ee4d16529,Rotella,42.9542,13.5686,physical_land,dpcn-marche,MeteoHub /api/observations,ERA5_sampled_at_coordinate,DPC_regional_observation,True,True,False,True,,observed_in_snapshot; observed_snapshots=3. Official DPC/regional station observed in at least one selected MeteoHub time window; an offline station may be absent.
LAND::MH::dpcn-umbria::a828215246e8,Cantalupo,42.95592,12.59718,physical_land,dpcn-umbria,MeteoHub /api/observations,ERA5_sampled_at_coordinate,DPC_regional_observation,True,True,False,True,,observed_in_snapshot; observed_snapshots=3. Official DPC/regional station observed in at least one selected MeteoHub time window; an offline station may be absent.
LAND::MH::dpcn-marche::e7aee3e4b03f,Force,42.9628,13.4897,physical_land,dpcn-marche,MeteoHub /api/observations,ERA5_sampled_at_coordinate,DPC_regional_observation,True,True,False,True,,observed_in_snapshot; observed_snapshots=3. Official DPC/regional station observed in at least one selected MeteoHub time window; an offline station may be absent.
LAND::MH::dpcn-marche::aa0b4cdc75f0,Tesino,42.96805,13.71175,physical_land,dpcn-marche,MeteoHub /api/observations,ERA5_sampled_at_coordinate,DPC_regional_observation,True,True,False,True,,observed_in_snapshot; observed_snapshots=3. Official DPC/regional station observed in at least one selected MeteoHub time window; an offline station may be absent.
LAND::MH::dpcn-umbria::61485ecd1753,Palazzetta,42.96955,12.29143,physical_land,dpcn-umbria,MeteoHub /api/observations,ERA5_sampled_at_coordinate,DPC_regional_observation,True,True,False,True,,observed_in_snapshot; observed_snapshots=3. Official DPC/regional station observed in at least one selected MeteoHub time window; an offline station may be absent.
LAND::MH::dpcn-umbria::adc89610bda6,Mercatello,42.974,12.26626,physical_land,dpcn-umbria,MeteoHub /api/observations,ERA5_sampled_at_coordinate,DPC_regional_observation,True,True,False,True,,observed_in_snapshot; observed_snapshots=3. Official DPC/regional station observed in at least one selected MeteoHub time window; an offline station may be absent.
LAND::MH::dpcn-marche::c007f1337e8b,Foce Tesino,42.97552,13.86875,physical_land,dpcn-marche,MeteoHub /api/observations,ERA5_sampled_at_coordinate,DPC_regional_observation,True,True,False,True,,observed_in_snapshot; observed_snapshots=3. Official DPC/regional station observed in at least one selected MeteoHub time window; an offline station may be absent.
LAND::MH::dpcn-marche::7da8c6890c55,Amandola,42.97638,13.35133,physical_land,dpcn-marche,MeteoHub /api/observations,ERA5_sampled_at_coordinate,DPC_regional_observation,True,True,False,True,,observed_in_snapshot; observed_snapshots=3. Official DPC/regional station observed in at least one selected MeteoHub time window; an offline station may be absent.
LAND::MH::dpcn-marche::4fe064149956,Montecavallo,42.98368,12.99405,physical_land,dpcn-marche,MeteoHub /api/observations,ERA5_sampled_at_coordinate,DPC_regional_observation,True,True,False,True,,observed_in_snapshot; observed_snapshots=3. Official DPC/regional station observed in at least one selected MeteoHub time window; an offline station may be absent.
LAND::MH::dpcn-umbria::bd7a3ba15ec5,Pale,42.98383,12.78921,physical_land,dpcn-umbria,MeteoHub /api/observations,ERA5_sampled_at_coordinate,DPC_regional_observation,True,True,False,True,,observed_in_snapshot; observed_snapshots=3. Official DPC/regional station observed in at least one selected MeteoHub time window; an offline station may be absent.
LAND::MH::dpcn-marche::684176e9878a,Pintura di Bolognola,42.9911,13.2392,physical_land,dpcn-marche,MeteoHub /api/observations,ERA5_sampled_at_coordinate,DPC_regional_observation,True,True,False,True,,observed_in_snapshot; observed_snapshots=3. Official DPC/regional station observed in at least one selected MeteoHub time window; an offline station may be absent.
LAND::MH::dpcn-marche::26b2974cd07d,Ripatransone,42.99213,13.785,physical_land,dpcn-marche,MeteoHub /api/observations,ERA5_sampled_at_coordinate,DPC_regional_observation,True,True,False,True,,observed_in_snapshot; observed_snapshots=3. Official DPC/regional station observed in at least one selected MeteoHub time window; an offline station may be absent.
LAND::MH::dpcn-umbria::7800c49d573b,Cannara,42.99573,12.5839,physical_land,dpcn-umbria,MeteoHub /api/observations,ERA5_sampled_at_coordinate,DPC_regional_observation,True,True,False,True,,observed_in_snapshot; observed_snapshots=3. Official DPC/regional station observed in at least one selected MeteoHub time window; an offline station may be absent.
LAND::MH::dpcn-marche::825b29c019bc,Monte Valvasseto,43.00013,13.23803,physical_land,dpcn-marche,MeteoHub /api/observations,ERA5_sampled_at_coordinate,DPC_regional_observation,True,True,False,True,,observed_in_snapshot; observed_snapshots=3. Official DPC/regional station observed in at least one selected MeteoHub time window; an offline station may be absent.
LAND::MH::dpcn-marche::f65593f235ef,Sassotetto,43.0067,13.2417,physical_land,dpcn-marche,MeteoHub /api/observations,ERA5_sampled_at_coordinate,DPC_regional_observation,True,True,False,True,,observed_in_snapshot; observed_snapshots=3. Official DPC/regional station observed in at least one selected MeteoHub time window; an offline station may be absent.
LAND::MH::dpcn-marche::945ee5eaa435,Friano,43.00722,13.37888,physical_land,dpcn-marche,MeteoHub /api/observations,ERA5_sampled_at_coordinate,DPC_regional_observation,True,True,False,True,,observed_in_snapshot; observed_snapshots=3. Official DPC/regional station observed in at least one selected MeteoHub time window; an offline station may be absent.
LAND::MH::dpcn-umbria::f2b882050af7,Ponte Nuovo di Torg.,43.0089,12.42546,physical_land,dpcn-umbria,MeteoHub /api/observations,ERA5_sampled_at_coordinate,DPC_regional_observation,True,True,False,True,,observed_in_snapshot; observed_snapshots=3. Official DPC/regional station observed in at least one selected MeteoHub time window; an offline station may be absent.
LAND::MH::dpcn-marche::dead75631099,San. Ruffino,43.01021,13.40041,physical_land,dpcn-marche,MeteoHub /api/observations,ERA5_sampled_at_coordinate,DPC_regional_observation,True,True,False,True,,observed_in_snapshot; observed_snapshots=3. Official DPC/regional station observed in at least one selected MeteoHub time window; an offline station may be absent.
LAND::MH::dpcn-umbria::51da4303a80b,Moiano 2,43.01047,12.01327,physical_land,dpcn-umbria,MeteoHub /api/observations,ERA5_sampled_at_coordinate,DPC_regional_observation,True,True,False,True,,observed_in_snapshot; observed_snapshots=3. Official DPC/regional station observed in at least one selected MeteoHub time window; an offline station may be absent.
LAND::MH::dpcn-umbria::c28b0ee7ec50,Moiano,43.01064,12.03136,physical_land,dpcn-umbria,MeteoHub /api/observations,ERA5_sampled_at_coordinate,DPC_regional_observation,True,True,False,True,,observed_in_snapshot; observed_snapshots=3. Official DPC/regional station observed in at least one selected MeteoHub time window; an offline station may be absent.
LAND::MH::dpcn-umbria::eff228fd7886,S.Biagio della Valle,43.01389,12.27306,physical_land,dpcn-umbria,MeteoHub /api/observations,ERA5_sampled_at_coordinate,DPC_regional_observation,True,True,False,True,,observed_in_snapshot; observed_snapshots=3. Official DPC/regional station observed in at least one selected MeteoHub time window; an offline station may be absent.
LAND::MH::dpcn-umbria::a918b44a3481,Monticelli,43.01599,12.26178,physical_land,dpcn-umbria,MeteoHub /api/observations,ERA5_sampled_at_coordinate,DPC_regional_observation,True,True,False,True,,observed_in_snapshot; observed_snapshots=3. Official DPC/regional station observed in at least one selected MeteoHub time window; an offline station may be absent.
LAND::MH::dpcn-umbria::1ef335b1a6ac,Passaggio di Bettona,43.01723,12.54157,physical_land,dpcn-umbria,MeteoHub /api/observations,ERA5_sampled_at_coordinate,DPC_regional_observation,True,True,False,True,,observed_in_snapshot; observed_snapshots=3. Official DPC/regional station observed in at least one selected MeteoHub time window; an offline station may be absent.
LAND::MH::dpcn-marche::5604e8920253,Aso,43.02143,13.61847,physical_land,dpcn-marche,MeteoHub /api/observations,ERA5_sampled_at_coordinate,DPC_regional_observation,True,True,False,True,,observed_in_snapshot; observed_snapshots=3. Official DPC/regional station observed in at least one selected MeteoHub time window; an offline station may be absent.
LAND::MH::dpcn-umbria::7636fba1d80d,Ponte Rosciano,43.02223,12.43879,physical_land,dpcn-umbria,MeteoHub /api/observations,ERA5_sampled_at_coordinate,DPC_regional_observation,True,True,False,True,,observed_in_snapshot; observed_snapshots=3. Official DPC/regional station observed in at least one selected MeteoHub time window; an offline station may be absent.
LAND::MH::dpcn-marche::453a44434e87,Carassai,43.02597,13.64595,physical_land,dpcn-marche,MeteoHub /api/observations,ERA5_sampled_at_coordinate,DPC_regional_observation,True,True,False,True,,observed_in_snapshot; observed_snapshots=3. Official DPC/regional station observed in at least one selected MeteoHub time window; an offline station may be absent.
LAND::MH::dpcn-marche::40225d302b05,Serravalle di Chienti,43.03055,12.9175,physical_land,dpcn-marche,MeteoHub /api/observations,ERA5_sampled_at_coordinate,DPC_regional_observation,True,True,False,True,,observed_in_snapshot; observed_snapshots=3. Official DPC/regional station observed in at least one selected MeteoHub time window; an offline station may be absent.
LAND::MH::dpcn-marche::d330d0d406ac,Fiastra Tribbio,43.0347,13.156,physical_land,dpcn-marche,MeteoHub /api/observations,ERA5_sampled_at_coordinate,DPC_regional_observation,True,True,False,True,,observed_in_snapshot; observed_snapshots=3. Official DPC/regional station observed in at least one selected MeteoHub time window; an offline station may be absent.
LAND::MH::dpcn-umbria::af3a43631070,Rio Maggiore,43.03902,12.03416,physical_land,dpcn-umbria,MeteoHub /api/observations,ERA5_sampled_at_coordinate,DPC_regional_observation,True,True,False,True,,observed_in_snapshot; observed_snapshots=3. Official DPC/regional station observed in at least one selected MeteoHub time window; an offline station may be absent.
LAND::MH::dpcn-umbria::fd29820042f2,Anguillara,43.04101,12.05005,physical_land,dpcn-umbria,MeteoHub /api/observations,ERA5_sampled_at_coordinate,DPC_regional_observation,True,True,False,True,,observed_in_snapshot; observed_snapshots=3. Official DPC/regional station observed in at least one selected MeteoHub time window; an offline station may be absent.
LAND::MH::dpcn-marche::0dc29a9737d7,Valmir,43.0413,13.67875,physical_land,dpcn-marche,MeteoHub /api/observations,ERA5_sampled_at_coordinate,DPC_regional_observation,True,True,False,True,,observed_in_snapshot; observed_snapshots=3. Official DPC/regional station observed in at least one selected MeteoHub time window; an offline station may be absent.
LAND::MH::dpcn-umbria::c337d104d46c,La Bolsella,43.04444,12.65833,physical_land,dpcn-umbria,MeteoHub /api/observations,ERA5_sampled_at_coordinate,DPC_regional_observation,True,True,False,True,,observed_in_snapshot; observed_snapshots=3. Official DPC/regional station observed in at least one selected MeteoHub time window; an offline station may be absent.
LAND::MH::dpcn-umbria::59ca97ae0835,Valtopina,43.04668,12.75646,physical_land,dpcn-umbria,MeteoHub /api/observations,ERA5_sampled_at_coordinate,DPC_regional_observation,True,True,False,True,,observed_in_snapshot; observed_snapshots=3. Official DPC/regional station observed in at least one selected MeteoHub time window; an offline station may be absent.
LAND::MH::dpcn-marche::ceee71cecdb8,Tennacola,43.04682,13.45151,physical_land,dpcn-marche,MeteoHub /api/observations,ERA5_sampled_at_coordinate,DPC_regional_observation,True,True,False,True,,observed_in_snapshot; observed_snapshots=3. Official DPC/regional station observed in at least one selected MeteoHub time window; an offline station may be absent.
LAND::MH::dpcn-umbria::96c580dcb2ca,Tresa,43.04889,12.05917,physical_land,dpcn-umbria,MeteoHub /api/observations,ERA5_sampled_at_coordinate,DPC_regional_observation,True,True,False,True,,observed_in_snapshot; observed_snapshots=3. Official DPC/regional station observed in at least one selected MeteoHub time window; an offline station may be absent.
LAND::MH::dpcn-umbria::ad597c2cb6d2,Bastia Umbra,43.06102,12.54195,physical_land,dpcn-umbria,MeteoHub /api/observations,ERA5_sampled_at_coordinate,DPC_regional_observation,True,True,False,True,,observed_in_snapshot; observed_snapshots=3. Official DPC/regional station observed in at least one selected MeteoHub time window; an offline station may be absent.
LAND::MH::dpcn-umbria::3007bb293b8f,Armenzano,43.06806,12.69861,physical_land,dpcn-umbria,MeteoHub /api/observations,ERA5_sampled_at_coordinate,DPC_regional_observation,True,True,False,True,,observed_in_snapshot; observed_snapshots=3. Official DPC/regional station observed in at least one selected MeteoHub time window; an offline station may be absent.
LAND::MH::dpcn-marche::1872f8fbf216,Pievebovigliana,43.07257,13.0869,physical_land,dpcn-marche,MeteoHub /api/observations,ERA5_sampled_at_coordinate,DPC_regional_observation,True,True,False,True,,observed_in_snapshot; observed_snapshots=3. Official DPC/regional station observed in at least one selected MeteoHub time window; an offline station may be absent.
LAND::MH::dpcn-marche::6922d644532c,Pontelatrave,43.0786,13.08068,physical_land,dpcn-marche,MeteoHub /api/observations,ERA5_sampled_at_coordinate,DPC_regional_observation,True,True,False,True,,observed_in_snapshot; observed_snapshots=3. Official DPC/regional station observed in at least one selected MeteoHub time window; an offline station may be absent.
LAND::MH::dpcn-marche::6db0774658d7,Pian di Pieca,43.08003,13.28157,physical_land,dpcn-marche,MeteoHub /api/observations,ERA5_sampled_at_coordinate,DPC_regional_observation,True,True,False,True,,observed_in_snapshot; observed_snapshots=3. Official DPC/regional station observed in at least one selected MeteoHub time window; an offline station may be absent.
LAND::MH::dpcn-marche::c2bc6155b393,Tenna,43.08581,13.49795,physical_land,dpcn-marche,MeteoHub /api/observations,ERA5_sampled_at_coordinate,DPC_regional_observation,True,True,False,True,,observed_in_snapshot; observed_snapshots=3. Official DPC/regional station observed in at least one selected MeteoHub time window; an offline station may be absent.
LAND::MH::dpcn-umbria::5859e562a23d,Nocera Scalo,43.0987,12.76745,physical_land,dpcn-umbria,MeteoHub /api/observations,ERA5_sampled_at_coordinate,DPC_regional_observation,True,True,False,True,,observed_in_snapshot; observed_snapshots=3. Official DPC/regional station observed in at least one selected MeteoHub time window; an offline station may be absent.
LAND::MH::dpcn-marche::c736667faf7e,Foce Aso,43.1019,13.8375,physical_land,dpcn-marche,MeteoHub /api/observations,ERA5_sampled_at_coordinate,DPC_regional_observation,True,True,False,True,,observed_in_snapshot; observed_snapshots=3. Official DPC/regional station observed in at least one selected MeteoHub time window; an offline station may be absent.
LAND::MH::dpcn-umbria::41a238925e34,Petrignano,43.10277,12.53751,physical_land,dpcn-umbria,MeteoHub /api/observations,ERA5_sampled_at_coordinate,DPC_regional_observation,True,True,False,True,,observed_in_snapshot; observed_snapshots=3. Official DPC/regional station observed in at least one selected MeteoHub time window; an offline station may be absent.
LAND::MH::dpcn-marche::227342b8cd43,Sant Angelo in Pontano,43.104,13.399,physical_land,dpcn-marche,MeteoHub /api/observations,ERA5_sampled_at_coordinate,DPC_regional_observation,True,True,False,True,,observed_in_snapshot; observed_snapshots=3. Official DPC/regional station observed in at least one selected MeteoHub time window; an offline station may be absent.
LAND::MH::dpcn-umbria::6d6297991c2a,Perugia Sede,43.105,12.37194,physical_land,dpcn-umbria,MeteoHub /api/observations,ERA5_sampled_at_coordinate,DPC_regional_observation,True,True,False,True,,observed_in_snapshot; observed_snapshots=3. Official DPC/regional station observed in at least one selected MeteoHub time window; an offline station may be absent.
LAND::MH::dpcn-marche::8edbd0ebf693,Grottazzolina,43.1061,13.5986,physical_land,dpcn-marche,MeteoHub /api/observations,ERA5_sampled_at_coordinate,DPC_regional_observation,True,True,False,True,,observed_in_snapshot; observed_snapshots=3. Official DPC/regional station observed in at least one selected MeteoHub time window; an offline station may be absent.
LAND::MH::dpcn-umbria::b198bca462fd,S.Savino,43.10639,12.18444,physical_land,dpcn-umbria,MeteoHub /api/observations,ERA5_sampled_at_coordinate,DPC_regional_observation,True,True,False,True,,observed_in_snapshot; observed_snapshots=3. Official DPC/regional station observed in at least one selected MeteoHub time window; an offline station may be absent.
LAND::MH::dpcn-umbria::87fe76ecdb6c,Perugia Campo Sportivo,43.1072,12.4356,physical_land,dpcn-umbria,MeteoHub /api/observations,ERA5_sampled_at_coordinate,DPC_regional_observation,True,True,False,True,,observed_in_snapshot; observed_snapshots=3. Official DPC/regional station observed in at least one selected MeteoHub time window; an offline station may be absent.
LAND::MH::dpcn-umbria::ddbac621b292,Nocera Umbra,43.11333,12.785,physical_land,dpcn-umbria,MeteoHub /api/observations,ERA5_sampled_at_coordinate,DPC_regional_observation,True,True,False,True,,observed_in_snapshot; observed_snapshots=3. Official DPC/regional station observed in at least one selected MeteoHub time window; an offline station may be absent.
LAND::MH::dpcn-umbria::ef34395509db,Perugia Santa Giuliana,43.11361,12.37667,physical_land,dpcn-umbria,MeteoHub /api/observations,ERA5_sampled_at_coordinate,DPC_regional_observation,True,True,False,True,,observed_in_snapshot; observed_snapshots=3. Official DPC/regional station observed in at least one selected MeteoHub time window; an offline station may be absent.
LAND::MH::dpcn-umbria::cc08d5cd4e6a,Polvese 1,43.11639,12.13694,physical_land,dpcn-umbria,MeteoHub /api/observations,ERA5_sampled_at_coordinate,DPC_regional_observation,True,True,False,True,,observed_in_snapshot; observed_snapshots=3. Official DPC/regional station observed in at least one selected MeteoHub time window; an offline station may be absent.
LAND::MH::dpcn-umbria::9a7e4c82e8ee,Polvese 2 La Villa,43.1167,12.1417,physical_land,dpcn-umbria,MeteoHub /api/observations,ERA5_sampled_at_coordinate,DPC_regional_observation,True,True,False,True,,observed_in_snapshot; observed_snapshots=3. Official DPC/regional station observed in at least one selected MeteoHub time window; an offline station may be absent.
LAND::MH::dpcn-marche::49683b1483cb,Sorti,43.11957,12.95295,physical_land,dpcn-marche,MeteoHub /api/observations,ERA5_sampled_at_coordinate,DPC_regional_observation,True,True,False,True,,observed_in_snapshot; observed_snapshots=3. Official DPC/regional station observed in at least one selected MeteoHub time window; an offline station may be absent.
LAND::MH::dpcn-umbria::231eda51ffe8,Castiglione del Lago,43.12556,12.04028,physical_land,dpcn-umbria,MeteoHub /api/observations,ERA5_sampled_at_coordinate,DPC_regional_observation,True,True,False,True,,observed_in_snapshot; observed_snapshots=3. Official DPC/regional station observed in at least one selected MeteoHub time window; an offline station may be absent.
LAND::MH::dpcn-umbria::1498292bd150,Ponte Felcino,43.12695,12.43469,physical_land,dpcn-umbria,MeteoHub /api/observations,ERA5_sampled_at_coordinate,DPC_regional_observation,True,True,False,True,,observed_in_snapshot; observed_snapshots=3. Official DPC/regional station observed in at least one selected MeteoHub time window; an offline station may be absent.
LAND::MH::dpcn-marche::1d28cc35dfb7,Ete Vivo,43.1358,13.7131,physical_land,dpcn-marche,MeteoHub /api/observations,ERA5_sampled_at_coordinate,DPC_regional_observation,True,True,False,True,,observed_in_snapshot; observed_snapshots=3. Official DPC/regional station observed in at least one selected MeteoHub time window; an offline station may be absent.
LAND::MH::dpcn-umbria::727d27962a40,Pianello,43.14401,12.56509,physical_land,dpcn-umbria,MeteoHub /api/observations,ERA5_sampled_at_coordinate,DPC_regional_observation,True,True,False,True,,observed_in_snapshot; observed_snapshots=3. Official DPC/regional station observed in at least one selected MeteoHub time window; an offline station may be absent.
LAND::MH::dpcn-marche::eb14d86977b4,Fiastrone,43.1456,13.2614,physical_land,dpcn-marche,MeteoHub /api/observations,ERA5_sampled_at_coordinate,DPC_regional_observation,True,True,False,True,,observed_in_snapshot; observed_snapshots=3. Official DPC/regional station observed in at least one selected MeteoHub time window; an offline station may be absent.
LAND::MH::dpcn-marche::6e29948bd246,Camerino,43.1461,13.0661,physical_land,dpcn-marche,MeteoHub /api/observations,ERA5_sampled_at_coordinate,DPC_regional_observation,True,True,False,True,,observed_in_snapshot; observed_snapshots=3. Official DPC/regional station observed in at least one selected MeteoHub time window; an offline station may be absent.
LAND::MH::dpcn-marche::d9512702c69f,Fermo,43.1575,13.7144,physical_land,dpcn-marche,MeteoHub /api/observations,ERA5_sampled_at_coordinate,DPC_regional_observation,True,True,False,True,,observed_in_snapshot; observed_snapshots=3. Official DPC/regional station observed in at least one selected MeteoHub time window; an offline station may be absent.
LAND::MH::dpcn-marche::4706a73f6bb2,Sefro,43.15903,12.97075,physical_land,dpcn-marche,MeteoHub /api/observations,ERA5_sampled_at_coordinate,DPC_regional_observation,True,True,False,True,,observed_in_snapshot; observed_snapshots=3. Official DPC/regional station observed in at least one selected MeteoHub time window; an offline station may be absent.
LAND::MH::dpcn-marche::27ce6c7a74d7,Loro Piceno,43.16,13.4036,physical_land,dpcn-marche,MeteoHub /api/observations,ERA5_sampled_at_coordinate,DPC_regional_observation,True,True,False,True,,observed_in_snapshot; observed_snapshots=3. Official DPC/regional station observed in at least one selected MeteoHub time window; an offline station may be absent.
LAND::MH::dpcn-umbria::83eb4145d05a,Casa Castalda,43.17722,12.65972,physical_land,dpcn-umbria,MeteoHub /api/observations,ERA5_sampled_at_coordinate,DPC_regional_observation,True,True,False,True,,observed_in_snapshot; observed_snapshots=3. Official DPC/regional station observed in at least one selected MeteoHub time window; an offline station may be absent.
LAND::MH::dpcn-marche::f496893853a2,Pioraco,43.17916,12.98463,physical_land,dpcn-marche,MeteoHub /api/observations,ERA5_sampled_at_coordinate,DPC_regional_observation,True,True,False,True,,observed_in_snapshot; observed_snapshots=3. Official DPC/regional station observed in at least one selected MeteoHub time window; an offline station may be absent.
LAND::MH::dpcn-umbria::db80cba5e491,Compresso,43.18,12.33833,physical_land,dpcn-umbria,MeteoHub /api/observations,ERA5_sampled_at_coordinate,DPC_regional_observation,True,True,False,True,,observed_in_snapshot; observed_snapshots=3. Official DPC/regional station observed in at least one selected MeteoHub time window; an offline station may be absent.
LAND::MH::dpcn-marche::5e32bda51cf6,Pioraco 2,43.18112,12.97333,physical_land,dpcn-marche,MeteoHub /api/observations,ERA5_sampled_at_coordinate,DPC_regional_observation,True,True,False,True,,observed_in_snapshot; observed_snapshots=3. Official DPC/regional station observed in at least one selected MeteoHub time window; an offline station may be absent.
LAND::MH::dpcn-umbria::b0060422cb38,Passignano Alta,43.18333,12.14167,physical_land,dpcn-umbria,MeteoHub /api/observations,ERA5_sampled_at_coordinate,DPC_regional_observation,True,True,False,True,,observed_in_snapshot; observed_snapshots=3. Official DPC/regional station observed in at least one selected MeteoHub time window; an offline station may be absent.
LAND::MH::dpcn-umbria::f7b6c8dbb284,Casanuova,43.18806,12.59611,physical_land,dpcn-umbria,MeteoHub /api/observations,ERA5_sampled_at_coordinate,DPC_regional_observation,True,True,False,True,,observed_in_snapshot; observed_snapshots=3. Official DPC/regional station observed in at least one selected MeteoHub time window; an offline station may be absent.
LAND::MH::dpcn-marche::bb0f088433c9,Spindoli,43.19405,12.90042,physical_land,dpcn-marche,MeteoHub /api/observations,ERA5_sampled_at_coordinate,DPC_regional_observation,True,True,False,True,,observed_in_snapshot; observed_snapshots=3. Official DPC/regional station observed in at least one selected MeteoHub time window; an offline station may be absent.
LAND::MH::dpcn-marche::7372e732c325,Tolentino,43.20922,13.29552,physical_land,dpcn-marche,MeteoHub /api/observations,ERA5_sampled_at_coordinate,DPC_regional_observation,True,True,False,True,,observed_in_snapshot; observed_snapshots=3. Official DPC/regional station observed in at least one selected MeteoHub time window; an offline station may be absent.
LAND::MH::dpcn-marche::78cdf4e78a55,Fiastra,43.2258,13.4028,physical_land,dpcn-marche,MeteoHub /api/observations,ERA5_sampled_at_coordinate,DPC_regional_observation,True,True,False,True,,observed_in_snapshot; observed_snapshots=3. Official DPC/regional station observed in at least one selected MeteoHub time window; an offline station may be absent.
LAND::MH::dpcn-marche::588eac823e6b,Potenza 1,43.22954,13.18845,physical_land,dpcn-marche,MeteoHub /api/observations,ERA5_sampled_at_coordinate,DPC_regional_observation,True,True,False,True,,observed_in_snapshot; observed_snapshots=3. Official DPC/regional station observed in at least one selected MeteoHub time window; an offline station may be absent.
LAND::MH::dpcn-marche::8bc9609ce7ac,Chienti 1,43.2325,13.3711,physical_land,dpcn-marche,MeteoHub /api/observations,ERA5_sampled_at_coordinate,DPC_regional_observation,True,True,False,True,,observed_in_snapshot; observed_snapshots=3. Official DPC/regional station observed in at least one selected MeteoHub time window; an offline station may be absent.
LAND::MH::dpcn-marche::b738a6e21c00,Porto S.Elpidio,43.23261,13.77223,physical_land,dpcn-marche,MeteoHub /api/observations,ERA5_sampled_at_coordinate,DPC_regional_observation,True,True,False,True,,observed_in_snapshot; observed_snapshots=3. Official DPC/regional station observed in at least one selected MeteoHub time window; an offline station may be absent.
LAND::MH::dpcn-marche::2ddc53ead8f4,Ete Morto,43.2364,13.6719,physical_land,dpcn-marche,MeteoHub /api/observations,ERA5_sampled_at_coordinate,DPC_regional_observation,True,True,False,True,,observed_in_snapshot; observed_snapshots=3. Official DPC/regional station observed in at least one selected MeteoHub time window; an offline station may be absent.
LAND::MH::dpcn-umbria::172b08c93fe3,Gualdo Tadino,43.24083,12.78139,physical_land,dpcn-umbria,MeteoHub /api/observations,ERA5_sampled_at_coordinate,DPC_regional_observation,True,True,False,True,,observed_in_snapshot; observed_snapshots=3. Official DPC/regional station observed in at least one selected MeteoHub time window; an offline station may be absent.
LAND::MH::dpcn-marche::f37c8d0fa724,Esanatoglia2,43.25313,12.94332,physical_land,dpcn-marche,MeteoHub /api/observations,ERA5_sampled_at_coordinate,DPC_regional_observation,True,True,False,True,,observed_in_snapshot; observed_snapshots=3. Official DPC/regional station observed in at least one selected MeteoHub time window; an offline station may be absent.
LAND::MH::dpcn-umbria::50d25d25b621,Pierantonio,43.25977,12.38177,physical_land,dpcn-umbria,MeteoHub /api/observations,ERA5_sampled_at_coordinate,DPC_regional_observation,True,True,False,True,,observed_in_snapshot; observed_snapshots=3. Official DPC/regional station observed in at least one selected MeteoHub time window; an offline station may be absent.
LAND::MH::dpcn-umbria::6d2889041f90,Branca,43.26028,12.68083,physical_land,dpcn-umbria,MeteoHub /api/observations,ERA5_sampled_at_coordinate,DPC_regional_observation,True,True,False,True,,observed_in_snapshot; observed_snapshots=3. Official DPC/regional station observed in at least one selected MeteoHub time window; an offline station may be absent.
LAND::MH::dpcn-marche::4387fff0c9da,Chienti 2,43.2608,13.59,physical_land,dpcn-marche,MeteoHub /api/observations,ERA5_sampled_at_coordinate,DPC_regional_observation,True,True,False,True,,observed_in_snapshot; observed_snapshots=3. Official DPC/regional station observed in at least one selected MeteoHub time window; an offline station may be absent.
LAND::MH::dpcn-umbria::bea4466a14bf,Carestello Meteo,43.28472,12.53056,physical_land,dpcn-umbria,MeteoHub /api/observations,ERA5_sampled_at_coordinate,DPC_regional_observation,True,True,False,True,,observed_in_snapshot; observed_snapshots=3. Official DPC/regional station observed in at least one selected MeteoHub time window; an offline station may be absent.
LAND::MH::dpcn-marche::6e6af748ce18,Macerata Montalbano,43.29223,13.4187,physical_land,dpcn-marche,MeteoHub /api/observations,ERA5_sampled_at_coordinate,DPC_regional_observation,True,True,False,True,,observed_in_snapshot; observed_snapshots=3. Official DPC/regional station observed in at least one selected MeteoHub time window; an offline station may be absent.
LAND::MH::dpcn-marche::ba82e5485bd1,Foce Chienti,43.2972,13.72883,physical_land,dpcn-marche,MeteoHub /api/observations,ERA5_sampled_at_coordinate,DPC_regional_observation,True,True,False,True,,observed_in_snapshot; observed_snapshots=3. Official DPC/regional station observed in at least one selected MeteoHub time window; an offline station may be absent.
LAND::MH::dpcn-marche::c68251176e7d,Fabriano 2,43.30065,12.88497,physical_land,dpcn-marche,MeteoHub /api/observations,ERA5_sampled_at_coordinate,DPC_regional_observation,True,True,False,True,,observed_in_snapshot; observed_snapshots=3. Official DPC/regional station observed in at least one selected MeteoHub time window; an offline station may be absent.
LAND::MH::dpcn-umbria::25f691f90071,Migianella,43.30342,12.2489,physical_land,dpcn-umbria,MeteoHub /api/observations,ERA5_sampled_at_coordinate,DPC_regional_observation,True,True,False,True,,observed_in_snapshot; observed_snapshots=3. Official DPC/regional station observed in at least one selected MeteoHub time window; an offline station may be absent.
LAND::MH::dpcn-umbria::d7914b5e3114,Montelovesco,43.305,12.41917,physical_land,dpcn-umbria,MeteoHub /api/observations,ERA5_sampled_at_coordinate,DPC_regional_observation,True,True,False,True,,observed_in_snapshot; observed_snapshots=3. Official DPC/regional station observed in at least one selected MeteoHub time window; an offline station may be absent.
LAND::MH::dpcn-marche::3e9cfe68a550,Campodiegoli,43.3103,12.8242,physical_land,dpcn-marche,MeteoHub /api/observations,ERA5_sampled_at_coordinate,DPC_regional_observation,True,True,False,True,,observed_in_snapshot; observed_snapshots=3. Official DPC/regional station observed in at least one selected MeteoHub time window; an offline station may be absent.
LAND::MH::dpcn-marche::9c93ea939b57,Serralta,43.3158,13.1886,physical_land,dpcn-marche,MeteoHub /api/observations,ERA5_sampled_at_coordinate,DPC_regional_observation,True,True,False,True,,observed_in_snapshot; observed_snapshots=3. Official DPC/regional station observed in at least one selected MeteoHub time window; an offline station may be absent.
LAND::MH::dpcn-umbria::e389a48360c5,Santa Maria di Sette,43.31847,12.31362,physical_land,dpcn-umbria,MeteoHub /api/observations,ERA5_sampled_at_coordinate,DPC_regional_observation,True,True,False,True,,observed_in_snapshot; observed_snapshots=3. Official DPC/regional station observed in at least one selected MeteoHub time window; an offline station may be absent.
LAND::MH::dpcn-umbria::c5e232b91086,Torre dell'Olmo,43.31861,12.695,physical_land,dpcn-umbria,MeteoHub /api/observations,ERA5_sampled_at_coordinate,DPC_regional_observation,True,True,False,True,,observed_in_snapshot; observed_snapshots=3. Official DPC/regional station observed in at least one selected MeteoHub time window; an offline station may be absent.
LAND::MH::dpcn-marche::010b8f07c3bf,Villa Potenza,43.32726,13.42604,physical_land,dpcn-marche,MeteoHub /api/observations,ERA5_sampled_at_coordinate,DPC_regional_observation,True,True,False,True,,observed_in_snapshot; observed_snapshots=3. Official DPC/regional station observed in at least one selected MeteoHub time window; an offline station may be absent.
LAND::MH::dpcn-marche::365f51412777,Fabriano Centro,43.33027,12.90403,physical_land,dpcn-marche,MeteoHub /api/observations,ERA5_sampled_at_coordinate,DPC_regional_observation,True,True,False,True,,observed_in_snapshot; observed_snapshots=3. Official DPC/regional station observed in at least one selected MeteoHub time window; an offline station may be absent.
LAND::MH::dpcn-umbria::29329ede0f4c,Serrapartucci,43.33445,12.41284,physical_land,dpcn-umbria,MeteoHub /api/observations,ERA5_sampled_at_coordinate,DPC_regional_observation,True,True,False,True,,observed_in_snapshot; observed_snapshots=3. Official DPC/regional station observed in at least one selected MeteoHub time window; an offline station may be absent.
LAND::MH::dpcn-marche::1f8f9914ac92,Fabriano,43.33846,12.96607,physical_land,dpcn-marche,MeteoHub /api/observations,ERA5_sampled_at_coordinate,DPC_regional_observation,True,True,False,True,,observed_in_snapshot; observed_snapshots=3. Official DPC/regional station observed in at least one selected MeteoHub time window; an offline station may be absent.
LAND::MH::dpcn-umbria::bfda5834b017,Gubbio,43.34667,12.56583,physical_land,dpcn-umbria,MeteoHub /api/observations,ERA5_sampled_at_coordinate,DPC_regional_observation,True,True,False,True,,observed_in_snapshot; observed_snapshots=3. Official DPC/regional station observed in at least one selected MeteoHub time window; an offline station may be absent.
LAND::MH::dpcn-umbria::a7460509fbb6,Petrelle,43.3475,12.15917,physical_land,dpcn-umbria,MeteoHub /api/observations,ERA5_sampled_at_coordinate,DPC_regional_observation,True,True,False,True,,observed_in_snapshot; observed_snapshots=3. Official DPC/regional station observed in at least one selected MeteoHub time window; an offline station may be absent.
LAND::MH::dpcn-umbria::068e8a5a47ec,Trestina,43.35944,12.23306,physical_land,dpcn-umbria,MeteoHub /api/observations,ERA5_sampled_at_coordinate,DPC_regional_observation,True,True,False,True,,observed_in_snapshot; observed_snapshots=3. Official DPC/regional station observed in at least one selected MeteoHub time window; an offline station may be absent.
LAND::MH::dpcn-marche::4e90fc3972b0,Cingoli,43.36223,13.19233,physical_land,dpcn-marche,MeteoHub /api/observations,ERA5_sampled_at_coordinate,DPC_regional_observation,True,True,False,True,,observed_in_snapshot; observed_snapshots=3. Official DPC/regional station observed in at least one selected MeteoHub time window; an offline station may be absent.
LAND::MH::dpcn-marche::92cc06e7381f,Monocchia,43.36286,13.50756,physical_land,dpcn-marche,MeteoHub /api/observations,ERA5_sampled_at_coordinate,DPC_regional_observation,True,True,False,True,,observed_in_snapshot; observed_snapshots=3. Official DPC/regional station observed in at least one selected MeteoHub time window; an offline station may be absent.
LAND::MH::dpcn-marche::a0601a5d9b16,Appignano,43.3642,13.3431,physical_land,dpcn-marche,MeteoHub /api/observations,ERA5_sampled_at_coordinate,DPC_regional_observation,True,True,False,True,,observed_in_snapshot; observed_snapshots=3. Official DPC/regional station observed in at least one selected MeteoHub time window; an offline station may be absent.
LAND::MH::dpcn-marche::6ae00920b079,Potenza 2,43.36473,13.55058,physical_land,dpcn-marche,MeteoHub /api/observations,ERA5_sampled_at_coordinate,DPC_regional_observation,True,True,False,True,,observed_in_snapshot; observed_snapshots=3. Official DPC/regional station observed in at least one selected MeteoHub time window; an offline station may be absent.
LAND::MH::dpcn-marche::3237c8badf80,Poggio San Vicino,43.36842,13.07953,physical_land,dpcn-marche,MeteoHub /api/observations,ERA5_sampled_at_coordinate,DPC_regional_observation,True,True,False,True,,observed_in_snapshot; observed_snapshots=3. Official DPC/regional station observed in at least one selected MeteoHub time window; an offline station may be absent.
LAND::MH::dpcn-umbria::61803d468b77,Mocaiana,43.37124,12.45853,physical_land,dpcn-umbria,MeteoHub /api/observations,ERA5_sampled_at_coordinate,DPC_regional_observation,True,True,False,True,,observed_in_snapshot; observed_snapshots=3. Official DPC/regional station observed in at least one selected MeteoHub time window; an offline station may be absent.
LAND::MH::dpcn-umbria::c0d58fde564f,Monte Cucco,43.375,12.72917,physical_land,dpcn-umbria,MeteoHub /api/observations,ERA5_sampled_at_coordinate,DPC_regional_observation,True,True,False,True,,observed_in_snapshot; observed_snapshots=3. Official DPC/regional station observed in at least one selected MeteoHub time window; an offline station may be absent.
LAND::MH::dpcn-marche::96bede171db0,Recanati,43.3836,13.5933,physical_land,dpcn-marche,MeteoHub /api/observations,ERA5_sampled_at_coordinate,DPC_regional_observation,True,True,False,True,,observed_in_snapshot; observed_snapshots=3. Official DPC/regional station observed in at least one selected MeteoHub time window; an offline station may be absent.
LAND::MH::dpcn-marche::d2b637589d13,San Giovanni,43.3886,13.0417,physical_land,dpcn-marche,MeteoHub /api/observations,ERA5_sampled_at_coordinate,DPC_regional_observation,True,True,False,True,,observed_in_snapshot; observed_snapshots=3. Official DPC/regional station observed in at least one selected MeteoHub time window; an offline station may be absent.
LAND::MH::dpcn-marche::087707281b7c,San Vettore,43.39968,13.19107,physical_land,dpcn-marche,MeteoHub /api/observations,ERA5_sampled_at_coordinate,DPC_regional_observation,True,True,False,True,,observed_in_snapshot; observed_snapshots=3. Official DPC/regional station observed in at least one selected MeteoHub time window; an offline station may be absent.
LAND::MH::dpcn-marche::6dc6ba256d4c,San Vittore,43.40238,12.97163,physical_land,dpcn-marche,MeteoHub /api/observations,ERA5_sampled_at_coordinate,DPC_regional_observation,True,True,False,True,,observed_in_snapshot; observed_snapshots=3. Official DPC/regional station observed in at least one selected MeteoHub time window; an offline station may be absent.
LAND::MH::dpcn-marche::488c56dcac91,Camponocecchio,43.40635,12.98029,physical_land,dpcn-marche,MeteoHub /api/observations,ERA5_sampled_at_coordinate,DPC_regional_observation,True,True,False,True,,observed_in_snapshot; observed_snapshots=3. Official DPC/regional station observed in at least one selected MeteoHub time window; an offline station may be absent.
LAND::MH::dpcn-umbria::80b197848f7b,Scheggia,43.4064,12.6589,physical_land,dpcn-umbria,MeteoHub /api/observations,ERA5_sampled_at_coordinate,DPC_regional_observation,True,True,False,True,,observed_in_snapshot; observed_snapshots=3. Official DPC/regional station observed in at least one selected MeteoHub time window; an offline station may be absent.
LAND::MH::dpcn-marche::938a23bbc689,Montefano,43.4094,13.4369,physical_land,dpcn-marche,MeteoHub /api/observations,ERA5_sampled_at_coordinate,DPC_regional_observation,True,True,False,True,,observed_in_snapshot; observed_snapshots=3. Official DPC/regional station observed in at least one selected MeteoHub time window; an offline station may be absent.
LAND::MH::dpcn-marche::ec60f1eff25e,Porto Recanati,43.41521,13.65162,physical_land,dpcn-marche,MeteoHub /api/observations,ERA5_sampled_at_coordinate,DPC_regional_observation,True,True,False,True,,observed_in_snapshot; observed_snapshots=3. Official DPC/regional station observed in at least one selected MeteoHub time window; an offline station may be absent.
LAND::MH::dpcn-umbria::d62e08fb6932,S.Lucia,43.42175,12.23938,physical_land,dpcn-umbria,MeteoHub /api/observations,ERA5_sampled_at_coordinate,DPC_regional_observation,True,True,False,True,,observed_in_snapshot; observed_snapshots=3. Official DPC/regional station observed in at least one selected MeteoHub time window; an offline station may be absent.
LAND::MH::dpcn-marche::bc6f203ac47b,Sassoferrato,43.42498,12.85635,physical_land,dpcn-marche,MeteoHub /api/observations,ERA5_sampled_at_coordinate,DPC_regional_observation,True,True,False,True,,observed_in_snapshot; observed_snapshots=3. Official DPC/regional station observed in at least one selected MeteoHub time window; an offline station may be absent.
LAND::MH::dpcn-umbria::ed0c5a9e4505,Pieve di Saddi,43.42694,12.36167,physical_land,dpcn-umbria,MeteoHub /api/observations,ERA5_sampled_at_coordinate,DPC_regional_observation,True,True,False,True,,observed_in_snapshot; observed_snapshots=3. Official DPC/regional station observed in at least one selected MeteoHub time window; an offline station may be absent.
LAND::MH::dpcn-umbria::7999d88cc74c,S.Benedetto Vecchio,43.43194,12.46111,physical_land,dpcn-umbria,MeteoHub /api/observations,ERA5_sampled_at_coordinate,DPC_regional_observation,True,True,False,True,,observed_in_snapshot; observed_snapshots=3. Official DPC/regional station observed in at least one selected MeteoHub time window; an offline station may be absent.
LAND::MH::dpcn-marche::277de999b230,Colleponi,43.43372,12.90434,physical_land,dpcn-marche,MeteoHub /api/observations,ERA5_sampled_at_coordinate,DPC_regional_observation,True,True,False,True,,observed_in_snapshot; observed_snapshots=3. Official DPC/regional station observed in at least one selected MeteoHub time window; an offline station may be absent.
LAND::MH::dpcn-marche::b480cef512bd,Loreto,43.43578,13.61955,physical_land,dpcn-marche,MeteoHub /api/observations,ERA5_sampled_at_coordinate,DPC_regional_observation,True,True,False,True,,observed_in_snapshot; observed_snapshots=3. Official DPC/regional station observed in at least one selected MeteoHub time window; an offline station may be absent.
LAND::MH::dpcn-marche::a76c1ba93810,Rostighello,43.43805,13.53805,physical_land,dpcn-marche,MeteoHub /api/observations,ERA5_sampled_at_coordinate,DPC_regional_observation,True,True,False,True,,observed_in_snapshot; observed_snapshots=3. Official DPC/regional station observed in at least one selected MeteoHub time window; an offline station may be absent.
LAND::MH::dpcn-marche::5e185febd011,Cupramontana,43.44538,13.11565,physical_land,dpcn-marche,MeteoHub /api/observations,ERA5_sampled_at_coordinate,DPC_regional_observation,True,True,False,True,,observed_in_snapshot; observed_snapshots=3. Official DPC/regional station observed in at least one selected MeteoHub time window; an offline station may be absent.
LAND::MH::dpcn-marche::28f62c68c686,Passatempo,43.44728,13.4492,physical_land,dpcn-marche,MeteoHub /api/observations,ERA5_sampled_at_coordinate,DPC_regional_observation,True,True,False,True,,observed_in_snapshot; observed_snapshots=3. Official DPC/regional station observed in at least one selected MeteoHub time window; an offline station may be absent.
LAND::MH::dpcn-umbria::8b930adec085,Citta'di Castello,43.45667,12.23833,physical_land,dpcn-umbria,MeteoHub /api/observations,ERA5_sampled_at_coordinate,DPC_regional_observation,True,True,False,True,,observed_in_snapshot; observed_snapshots=3. Official DPC/regional station observed in at least one selected MeteoHub time window; an offline station may be absent.
LAND::MH::dpcn-marche::226acc8a69ec,Cantiano,43.46707,12.64052,physical_land,dpcn-marche,MeteoHub /api/observations,ERA5_sampled_at_coordinate,DPC_regional_observation,True,True,False,True,,observed_in_snapshot; observed_snapshots=3. Official DPC/regional station observed in at least one selected MeteoHub time window; an offline station may be absent.
LAND::MH::dpcn-marche::0fbd420bcc45,Fonte Avellana,43.4711,12.7264,physical_land,dpcn-marche,MeteoHub /api/observations,ERA5_sampled_at_coordinate,DPC_regional_observation,True,True,False,True,,observed_in_snapshot; observed_snapshots=3. Official DPC/regional station observed in at least one selected MeteoHub time window; an offline station may be absent.
LAND::MH::dpcn-marche::726fc555cbad,Foce Musone,43.47352,13.63888,physical_land,dpcn-marche,MeteoHub /api/observations,ERA5_sampled_at_coordinate,DPC_regional_observation,True,True,False,True,,observed_in_snapshot; observed_snapshots=3. Official DPC/regional station observed in at least one selected MeteoHub time window; an offline station may be absent.
LAND::MH::dpcn-marche::13c1a83002d2,Svarchi,43.47547,13.59435,physical_land,dpcn-marche,MeteoHub /api/observations,ERA5_sampled_at_coordinate,DPC_regional_observation,True,True,False,True,,observed_in_snapshot; observed_snapshots=3. Official DPC/regional station observed in at least one selected MeteoHub time window; an offline station may be absent.
LAND::MH::dpcn-marche::4b4a9f7399a2,Musone,43.4756,13.38844,physical_land,dpcn-marche,MeteoHub /api/observations,ERA5_sampled_at_coordinate,DPC_regional_observation,True,True,False,True,,observed_in_snapshot; observed_snapshots=3. Official DPC/regional station observed in at least one selected MeteoHub time window; an offline station may be absent.
LAND::MH::dpcn-umbria::a2b4d155adeb,Lupo,43.48222,12.18361,physical_land,dpcn-umbria,MeteoHub /api/observations,ERA5_sampled_at_coordinate,DPC_regional_observation,True,True,False,True,,observed_in_snapshot; observed_snapshots=3. Official DPC/regional station observed in at least one selected MeteoHub time window; an offline station may be absent.
LAND::MH::dpcn-marche::3839327543e4,Pontedazzo,43.48895,12.62047,physical_land,dpcn-marche,MeteoHub /api/observations,ERA5_sampled_at_coordinate,DPC_regional_observation,True,True,False,True,,observed_in_snapshot; observed_snapshots=3. Official DPC/regional station observed in at least one selected MeteoHub time window; an offline station may be absent.
LAND::MH::dpcn-marche::f20c7d063dd5,Osimo Monteragolo,43.49232,13.50175,physical_land,dpcn-marche,MeteoHub /api/observations,ERA5_sampled_at_coordinate,DPC_regional_observation,True,True,False,True,,observed_in_snapshot; observed_snapshots=3. Official DPC/regional station observed in at least one selected MeteoHub time window; an offline station may be absent.
LAND::MH::dpcn-marche::fdb08f19e790,Aspio 2,43.49395,13.56658,physical_land,dpcn-marche,MeteoHub /api/observations,ERA5_sampled_at_coordinate,DPC_regional_observation,True,True,False,True,,observed_in_snapshot; observed_snapshots=3. Official DPC/regional station observed in at least one selected MeteoHub time window; an offline station may be absent.
LAND::MH::dpcn-marche::389476991b8d,Moie,43.49617,13.12579,physical_land,dpcn-marche,MeteoHub /api/observations,ERA5_sampled_at_coordinate,DPC_regional_observation,True,True,False,True,,observed_in_snapshot; observed_snapshots=3. Official DPC/regional station observed in at least one selected MeteoHub time window; an offline station may be absent.
LAND::MH::dpcn-umbria::063a2a07f6a8,Pistrino,43.49667,12.16083,physical_land,dpcn-umbria,MeteoHub /api/observations,ERA5_sampled_at_coordinate,DPC_regional_observation,True,True,False,True,,observed_in_snapshot; observed_snapshots=3. Official DPC/regional station observed in at least one selected MeteoHub time window; an offline station may be absent.
LAND::MH::dpcn-marche::16e1b1cf6826,Arcevia,43.4975,12.9367,physical_land,dpcn-marche,MeteoHub /api/observations,ERA5_sampled_at_coordinate,DPC_regional_observation,True,True,False,True,,observed_in_snapshot; observed_snapshots=3. Official DPC/regional station observed in at least one selected MeteoHub time window; an offline station may be absent.
LAND::MH::dpcn-umbria::0c07445b6dca,Cerbara,43.50806,12.23167,physical_land,dpcn-umbria,MeteoHub /api/observations,ERA5_sampled_at_coordinate,DPC_regional_observation,True,True,False,True,,observed_in_snapshot; observed_snapshots=3. Official DPC/regional station observed in at least one selected MeteoHub time window; an offline station may be absent.
LAND::MH::dpcn-marche::ec4a6468c2cd,Pianello di Cagli,43.51215,12.55335,physical_land,dpcn-marche,MeteoHub /api/observations,ERA5_sampled_at_coordinate,DPC_regional_observation,True,True,False,True,,observed_in_snapshot; observed_snapshots=3. Official DPC/regional station observed in at least one selected MeteoHub time window; an offline station may be absent.
LAND::MH::dpcn-marche::d5585c31948d,Monte Petrano,43.5153,12.62183,physical_land,dpcn-marche,MeteoHub /api/observations,ERA5_sampled_at_coordinate,DPC_regional_observation,True,True,False,True,,observed_in_snapshot; observed_snapshots=3. Official DPC/regional station observed in at least one selected MeteoHub time window; an offline station may be absent.
LAND::MH::dpcn-umbria::b3bed30e574e,Bocca Serriola,43.51592,12.35595,physical_land,dpcn-umbria,MeteoHub /api/observations,ERA5_sampled_at_coordinate,DPC_regional_observation,True,True,False,True,,observed_in_snapshot; observed_snapshots=3. Official DPC/regional station observed in at least one selected MeteoHub time window; an offline station may be absent.
LAND::MH::dpcn-marche::eb8cf656b14b,Aspio,43.51722,13.53285,physical_land,dpcn-marche,MeteoHub /api/observations,ERA5_sampled_at_coordinate,DPC_regional_observation,True,True,False,True,,observed_in_snapshot; observed_snapshots=3. Official DPC/regional station observed in at least one selected MeteoHub time window; an offline station may be absent.
LAND::MH::dpcn-marche::95df3eba5f2d,Jesi,43.5319,13.23,physical_land,dpcn-marche,MeteoHub /api/observations,ERA5_sampled_at_coordinate,DPC_regional_observation,True,True,False,True,,observed_in_snapshot; observed_snapshots=3. Official DPC/regional station observed in at least one selected MeteoHub time window; an offline station may be absent.
LAND::MH::dpcn-marche::4fe5a90ec688,Colle,43.5347,13.0564,physical_land,dpcn-marche,MeteoHub /api/observations,ERA5_sampled_at_coordinate,DPC_regional_observation,True,True,False,True,,observed_in_snapshot; observed_snapshots=3. Official DPC/regional station observed in at least one selected MeteoHub time window; an offline station may be absent.
LAND::MH::dpcn-marche::4c7b4537d0f5,Cagli Ponte Cavour,43.54255,12.64875,physical_land,dpcn-marche,MeteoHub /api/observations,ERA5_sampled_at_coordinate,DPC_regional_observation,True,True,False,True,,observed_in_snapshot; observed_snapshots=3. Official DPC/regional station observed in at least one selected MeteoHub time window; an offline station may be absent.
LAND::MH::dpcn-marche::1e201ff6d532,Agugliano,43.5433,13.3806,physical_land,dpcn-marche,MeteoHub /api/observations,ERA5_sampled_at_coordinate,DPC_regional_observation,True,True,False,True,,observed_in_snapshot; observed_snapshots=3. Official DPC/regional station observed in at least one selected MeteoHub time window; an offline station may be absent.
LAND::MH::dpcn-marche::08468488cee2,Cagli Civita,43.5468,12.64387,physical_land,dpcn-marche,MeteoHub /api/observations,ERA5_sampled_at_coordinate,DPC_regional_observation,True,True,False,True,,observed_in_snapshot; observed_snapshots=3. Official DPC/regional station observed in at least one selected MeteoHub time window; an offline station may be absent.
LAND::MH::dpcn-marche::869129252703,Serra dei Conti,43.54798,13.02809,physical_land,dpcn-marche,MeteoHub /api/observations,ERA5_sampled_at_coordinate,DPC_regional_observation,True,True,False,True,,observed_in_snapshot; observed_snapshots=3. Official DPC/regional station observed in at least one selected MeteoHub time window; an offline station may be absent.
LAND::MH::dpcn-marche::66c3e6796345,Serravalle di Carda,43.54828,12.48647,physical_land,dpcn-marche,MeteoHub /api/observations,ERA5_sampled_at_coordinate,DPC_regional_observation,True,True,False,True,,observed_in_snapshot; observed_snapshots=3. Official DPC/regional station observed in at least one selected MeteoHub time window; an offline station may be absent.
LAND::MH::dpcn-marche::e64a7c599833,Monte Nerone,43.55328,12.52087,physical_land,dpcn-marche,MeteoHub /api/observations,ERA5_sampled_at_coordinate,DPC_regional_observation,True,True,False,True,,observed_in_snapshot; observed_snapshots=3. Official DPC/regional station observed in at least one selected MeteoHub time window; an offline station may be absent.
LAND::MH::dpcn-marche::f96f9334e2fe,Biscubio,43.56204,12.4304,physical_land,dpcn-marche,MeteoHub /api/observations,ERA5_sampled_at_coordinate,DPC_regional_observation,True,True,False,True,,observed_in_snapshot; observed_snapshots=3. Official DPC/regional station observed in at least one selected MeteoHub time window; an offline station may be absent.
LAND::MH::dpcn-marche::dee5d1f10c12,Pergola,43.56863,12.84411,physical_land,dpcn-marche,MeteoHub /api/observations,ERA5_sampled_at_coordinate,DPC_regional_observation,True,True,False,True,,observed_in_snapshot; observed_snapshots=3. Official DPC/regional station observed in at least one selected MeteoHub time window; an offline station may be absent.
LAND::MH::dpcn-marche::006ea0f88bf6,Baraccola,43.57445,13.52388,physical_land,dpcn-marche,MeteoHub /api/observations,ERA5_sampled_at_coordinate,DPC_regional_observation,True,True,False,True,,observed_in_snapshot; observed_snapshots=3. Official DPC/regional station observed in at least one selected MeteoHub time window; an offline station may be absent.
LAND::MH::dpcn-marche::74d9943d3442,Barbara,43.58027,13.02907,physical_land,dpcn-marche,MeteoHub /api/observations,ERA5_sampled_at_coordinate,DPC_regional_observation,True,True,False,True,,observed_in_snapshot; observed_snapshots=3. Official DPC/regional station observed in at least one selected MeteoHub time window; an offline station may be absent.
LAND::MH::dpcn-marche::07a2b348ae66,Piobbico,43.58673,12.5152,physical_land,dpcn-marche,MeteoHub /api/observations,ERA5_sampled_at_coordinate,DPC_regional_observation,True,True,False,True,,observed_in_snapshot; observed_snapshots=3. Official DPC/regional station observed in at least one selected MeteoHub time window; an offline station may be absent.
LAND::MH::dpcn-marche::492306fb36f7,San Lorenzo in Campo,43.605,12.95333,physical_land,dpcn-marche,MeteoHub /api/observations,ERA5_sampled_at_coordinate,DPC_regional_observation,True,True,False,True,,observed_in_snapshot; observed_snapshots=3. Official DPC/regional station observed in at least one selected MeteoHub time window; an offline station may be absent.
LAND::MH::dpcn-marche::9c7408e1afe2,Monte San Vito,43.60927,13.29086,physical_land,dpcn-marche,MeteoHub /api/observations,ERA5_sampled_at_coordinate,DPC_regional_observation,True,True,False,True,,observed_in_snapshot; observed_snapshots=3. Official DPC/regional station observed in at least one selected MeteoHub time window; an offline station may be absent.
LAND::MH::dpcn-marche::ee28b7fb66ee,Ancona Regione,43.6103,13.5083,physical_land,dpcn-marche,MeteoHub /api/observations,ERA5_sampled_at_coordinate,DPC_regional_observation,True,True,False,True,,observed_in_snapshot; observed_snapshots=3. Official DPC/regional station observed in at least one selected MeteoHub time window; an offline station may be absent.
LAND::MH::dpcn-marche::95781f3ab475,Ancona Torrette,43.61095,13.4498,physical_land,dpcn-marche,MeteoHub /api/observations,ERA5_sampled_at_coordinate,DPC_regional_observation,True,True,False,True,,observed_in_snapshot; observed_snapshots=3. Official DPC/regional station observed in at least one selected MeteoHub time window; an offline station may be absent.
LAND::MH::dpcn-marche::101b7b974c9d,Pianello di Ostra,43.62458,13.12703,physical_land,dpcn-marche,MeteoHub /api/observations,ERA5_sampled_at_coordinate,DPC_regional_observation,True,True,False,True,,observed_in_snapshot; observed_snapshots=3. Official DPC/regional station observed in at least one selected MeteoHub time window; an offline station may be absent.
LAND::MH::dpcn-marche::ba30edec5514,Monte Paganuccio,43.6281,12.75872,physical_land,dpcn-marche,MeteoHub /api/observations,ERA5_sampled_at_coordinate,DPC_regional_observation,True,True,False,True,,observed_in_snapshot; observed_snapshots=3. Official DPC/regional station observed in at least one selected MeteoHub time window; an offline station may be absent.
LAND::MH::dpcn-marche::c48d4be27ed0,Acqualagna,43.62819,12.68448,physical_land,dpcn-marche,MeteoHub /api/observations,ERA5_sampled_at_coordinate,DPC_regional_observation,True,True,False,True,,observed_in_snapshot; observed_snapshots=3. Official DPC/regional station observed in at least one selected MeteoHub time window; an offline station may be absent.
LAND::MH::dpcn-marche::f946a97dfcd5,Fiumesino,43.62947,13.37233,physical_land,dpcn-marche,MeteoHub /api/observations,ERA5_sampled_at_coordinate,DPC_regional_observation,True,True,False,True,,observed_in_snapshot; observed_snapshots=3. Official DPC/regional station observed in at least one selected MeteoHub time window; an offline station may be absent.
LAND::MH::dpcn-marche::e5a18b29a68f,Nevola,43.63852,13.0769,physical_land,dpcn-marche,MeteoHub /api/observations,ERA5_sampled_at_coordinate,DPC_regional_observation,True,True,False,True,,observed_in_snapshot; observed_snapshots=3. Official DPC/regional station observed in at least one selected MeteoHub time window; an offline station may be absent.
LAND::MH::dpcn-marche::4b30ece76f74,Marina di Montemarciano,43.6463,13.34047,physical_land,dpcn-marche,MeteoHub /api/observations,ERA5_sampled_at_coordinate,DPC_regional_observation,True,True,False,True,,observed_in_snapshot; observed_snapshots=3. Official DPC/regional station observed in at least one selected MeteoHub time window; an offline station may be absent.
LAND::MH::dpcn-marche::a39833358df4,Urbania,43.65342,12.55213,physical_land,dpcn-marche,MeteoHub /api/observations,ERA5_sampled_at_coordinate,DPC_regional_observation,True,True,False,True,,observed_in_snapshot; observed_snapshots=3. Official DPC/regional station observed in at least one selected MeteoHub time window; an offline station may be absent.
LAND::MH::dpcn-marche::9bcb8877b6a1,Corinaldo,43.6605,13.04638,physical_land,dpcn-marche,MeteoHub /api/observations,ERA5_sampled_at_coordinate,DPC_regional_observation,True,True,False,True,,observed_in_snapshot; observed_snapshots=3. Official DPC/regional station observed in at least one selected MeteoHub time window; an offline station may be absent.
LAND::MH::dpcn-marche::8909bd7fffab,Misa,43.66254,13.16497,physical_land,dpcn-marche,MeteoHub /api/observations,ERA5_sampled_at_coordinate,DPC_regional_observation,True,True,False,True,,observed_in_snapshot; observed_snapshots=3. Official DPC/regional station observed in at least one selected MeteoHub time window; an offline station may be absent.
LAND::MH::dpcn-marche::f186bdcc9baf,Cesano,43.6649,13.01444,physical_land,dpcn-marche,MeteoHub /api/observations,ERA5_sampled_at_coordinate,DPC_regional_observation,True,True,False,True,,observed_in_snapshot; observed_snapshots=3. Official DPC/regional station observed in at least one selected MeteoHub time window; an offline station may be absent.
LAND::MH::dpcn-marche::774b5f1b2068,S.Angelo in Vado 2,43.66567,12.41175,physical_land,dpcn-marche,MeteoHub /api/observations,ERA5_sampled_at_coordinate,DPC_regional_observation,True,True,False,True,,observed_in_snapshot; observed_snapshots=3. Official DPC/regional station observed in at least one selected MeteoHub time window; an offline station may be absent.
LAND::MH::dpcn-marche::c29ac8568a3a,Sant Angelo in Vado,43.66678,12.4102,physical_land,dpcn-marche,MeteoHub /api/observations,ERA5_sampled_at_coordinate,DPC_regional_observation,True,True,False,True,,observed_in_snapshot; observed_snapshots=3. Official DPC/regional station observed in at least one selected MeteoHub time window; an offline station may be absent.
LAND::MH::dpcn-marche::eff8fa3d8ef8,Fossombrone,43.68252,12.7984,physical_land,dpcn-marche,MeteoHub /api/observations,ERA5_sampled_at_coordinate,DPC_regional_observation,True,True,False,True,,observed_in_snapshot; observed_snapshots=3. Official DPC/regional station observed in at least one selected MeteoHub time window; an offline station may be absent.
LAND::MH::dpcn-marche::6689c40ce66f,Ghilardino,43.6869,12.86079,physical_land,dpcn-marche,MeteoHub /api/observations,ERA5_sampled_at_coordinate,DPC_regional_observation,True,True,False,True,,observed_in_snapshot; observed_snapshots=3. Official DPC/regional station observed in at least one selected MeteoHub time window; an offline station may be absent.
LAND::MH::simnbo::cd23034b69ca,Badia Tedalda,43.69223,12.13623,physical_land,simnbo,MeteoHub /api/observations,ERA5_sampled_at_coordinate,DPC_regional_observation,True,True,False,True,,observed_in_snapshot; observed_snapshots=3. Official DPC/regional station observed in at least one selected MeteoHub time window; an offline station may be absent.
LAND::MH::dpcn-marche::16763308e8b4,Cesane Foresta,43.6926,12.7675,physical_land,dpcn-marche,MeteoHub /api/observations,ERA5_sampled_at_coordinate,DPC_regional_observation,True,True,False,True,,observed_in_snapshot; observed_snapshots=3. Official DPC/regional station observed in at least one selected MeteoHub time window; an offline station may be absent.
LAND::MH::dpcn-marche::73546d2b9873,Senigallia,43.70103,13.20577,physical_land,dpcn-marche,MeteoHub /api/observations,ERA5_sampled_at_coordinate,DPC_regional_observation,True,True,False,True,,observed_in_snapshot; observed_snapshots=3. Official DPC/regional station observed in at least one selected MeteoHub time window; an offline station may be absent.
LAND::MH::dpcn-marche::edd371bdb3a6,Urbino,43.7233,12.6369,physical_land,dpcn-marche,MeteoHub /api/observations,ERA5_sampled_at_coordinate,DPC_regional_observation,True,True,False,True,,observed_in_snapshot; observed_snapshots=3. Official DPC/regional station observed in at least one selected MeteoHub time window; an offline station may be absent.
LAND::MH::dpcn-marche::10b908b4b6b6,Piagge,43.7375,12.96922,physical_land,dpcn-marche,MeteoHub /api/observations,ERA5_sampled_at_coordinate,DPC_regional_observation,True,True,False,True,,observed_in_snapshot; observed_snapshots=3. Official DPC/regional station observed in at least one selected MeteoHub time window; an offline station may be absent.
LAND::MH::dpcn-marche::b2ad5d3cbbec,Foce Cesano,43.74958,13.17091,physical_land,dpcn-marche,MeteoHub /api/observations,ERA5_sampled_at_coordinate,DPC_regional_observation,True,True,False,True,,observed_in_snapshot; observed_snapshots=3. Official DPC/regional station observed in at least one selected MeteoHub time window; an offline station may be absent.
LAND::MH::dpcn-marche::5095eaf8898e,Frontino,43.75863,12.357,physical_land,dpcn-marche,MeteoHub /api/observations,ERA5_sampled_at_coordinate,DPC_regional_observation,True,True,False,True,,observed_in_snapshot; observed_snapshots=3. Official DPC/regional station observed in at least one selected MeteoHub time window; an offline station may be absent.
LAND::MH::dpcn-marche::29bc6beb8023,Metauro,43.76256,12.96747,physical_land,dpcn-marche,MeteoHub /api/observations,ERA5_sampled_at_coordinate,DPC_regional_observation,True,True,False,True,,observed_in_snapshot; observed_snapshots=3. Official DPC/regional station observed in at least one selected MeteoHub time window; an offline station may be absent.
LAND::MH::dpcn-marche::068def7776a2,Mercatale,43.76715,12.4639,physical_land,dpcn-marche,MeteoHub /api/observations,ERA5_sampled_at_coordinate,DPC_regional_observation,True,True,False,True,,observed_in_snapshot; observed_snapshots=3. Official DPC/regional station observed in at least one selected MeteoHub time window; an offline station may be absent.
LAND::MH::dpcn-marche::a1150249d744,Carpegna,43.78058,12.34062,physical_land,dpcn-marche,MeteoHub /api/observations,ERA5_sampled_at_coordinate,DPC_regional_observation,True,True,False,True,,observed_in_snapshot; observed_snapshots=3. Official DPC/regional station observed in at least one selected MeteoHub time window; an offline station may be absent.
LAND::MH::dpcn-marche::1773741d3786,Gallo,43.78148,12.70724,physical_land,dpcn-marche,MeteoHub /api/observations,ERA5_sampled_at_coordinate,DPC_regional_observation,True,True,False,True,,observed_in_snapshot; observed_snapshots=2. Official DPC/regional station observed in at least one selected MeteoHub time window; an offline station may be absent.
LAND::MH::simnbo::8dd75839fb78,Casteldelci,43.78817,12.14274,physical_land,simnbo,MeteoHub /api/observations,ERA5_sampled_at_coordinate,DPC_regional_observation,True,True,False,True,,observed_in_snapshot; observed_snapshots=3. Official DPC/regional station observed in at least one selected MeteoHub time window; an offline station may be absent.
LAND::MH::dpcn-marche::f5211c92c619,Casteldelci,43.79056,12.13194,physical_land,dpcn-marche,MeteoHub /api/observations,ERA5_sampled_at_coordinate,DPC_regional_observation,True,True,False,True,,observed_in_snapshot; observed_snapshots=3. Official DPC/regional station observed in at least one selected MeteoHub time window; an offline station may be absent.
LAND::MH::simnbo::46c44b05b508,Verghereto,43.79417,12.00472,physical_land,simnbo,MeteoHub /api/observations,ERA5_sampled_at_coordinate,DPC_regional_observation,True,True,False,True,,observed_in_snapshot; observed_snapshots=3. Official DPC/regional station observed in at least one selected MeteoHub time window; an offline station may be absent.
LAND::MH::dpcn-marche::5c4a7c61f5fd,Foglia 1,43.79423,12.6188,physical_land,dpcn-marche,MeteoHub /api/observations,ERA5_sampled_at_coordinate,DPC_regional_observation,True,True,False,True,,observed_in_snapshot; observed_snapshots=3. Official DPC/regional station observed in at least one selected MeteoHub time window; an offline station may be absent.
LAND::MH::dpcn-marche::6c6c00e491af,Monte Carpegna,43.80088,12.32015,physical_land,dpcn-marche,MeteoHub /api/observations,ERA5_sampled_at_coordinate,DPC_regional_observation,True,True,False,True,,observed_in_snapshot; observed_snapshots=3. Official DPC/regional station observed in at least one selected MeteoHub time window; an offline station may be absent.
LAND::MH::dpcn-marche::14c81a63867f,Bronzo,43.80855,12.51255,physical_land,dpcn-marche,MeteoHub /api/observations,ERA5_sampled_at_coordinate,DPC_regional_observation,True,True,False,True,,observed_in_snapshot; observed_snapshots=3. Official DPC/regional station observed in at least one selected MeteoHub time window; an offline station may be absent.
LAND::MH::dpcn-marche::d075ca789f17,Pennabilli,43.81972,12.27417,physical_land,dpcn-marche,MeteoHub /api/observations,ERA5_sampled_at_coordinate,DPC_regional_observation,True,True,False,True,,observed_in_snapshot; observed_snapshots=3. Official DPC/regional station observed in at least one selected MeteoHub time window; an offline station may be absent.
LAND::MH::simnbo::aa00d42b1bdd,Pennabilli,43.81986,12.27411,physical_land,simnbo,MeteoHub /api/observations,ERA5_sampled_at_coordinate,DPC_regional_observation,True,True,False,True,,observed_in_snapshot; observed_snapshots=3. Official DPC/regional station observed in at least one selected MeteoHub time window; an offline station may be absent.
LAND::MH::simnbo::d6175fdc9ddb,Ponte Messa,43.82639,12.25194,physical_land,simnbo,MeteoHub /api/observations,ERA5_sampled_at_coordinate,DPC_regional_observation,True,True,False,True,,observed_in_snapshot; observed_snapshots=3. Official DPC/regional station observed in at least one selected MeteoHub time window; an offline station may be absent.
LAND::MH::dpcn-marche::398e07751e20,Foce Metauro,43.82704,13.05262,physical_land,dpcn-marche,MeteoHub /api/observations,ERA5_sampled_at_coordinate,DPC_regional_observation,True,True,False,True,,observed_in_snapshot; observed_snapshots=3. Official DPC/regional station observed in at least one selected MeteoHub time window; an offline station may be absent.
LAND::MH::dpcn-marche::b07946f4b0fd,Arzilla,43.84,12.8947,physical_land,dpcn-marche,MeteoHub /api/observations,ERA5_sampled_at_coordinate,DPC_regional_observation,True,True,False,True,,observed_in_snapshot; observed_snapshots=3. Official DPC/regional station observed in at least one selected MeteoHub time window; an offline station may be absent.
LAND::MH::dpcn-marche::8e076a8579bf,Tavoleto,43.84342,12.5911,physical_land,dpcn-marche,MeteoHub /api/observations,ERA5_sampled_at_coordinate,DPC_regional_observation,True,True,False,True,,observed_in_snapshot; observed_snapshots=3. Official DPC/regional station observed in at least one selected MeteoHub time window; an offline station may be absent.
LAND::MH::spdsra::9d166b9a970f,Corsicchie,43.84597,12.03572,physical_land,spdsra,MeteoHub /api/observations,ERA5_sampled_at_coordinate,DPC_regional_observation,True,True,False,True,,observed_in_snapshot; observed_snapshots=3. Official DPC/regional station observed in at least one selected MeteoHub time window; an offline station may be absent.
LAND::MH::dpcn-marche::47d9180dcdd8,Foglia 2,43.85179,12.7868,physical_land,dpcn-marche,MeteoHub /api/observations,ERA5_sampled_at_coordinate,DPC_regional_observation,True,True,False,True,,observed_in_snapshot; observed_snapshots=3. Official DPC/regional station observed in at least one selected MeteoHub time window; an offline station may be absent.
LAND::MH::dpcn-marche::39776a688b5d,Conca 1,43.8711,12.4956,physical_land,dpcn-marche,MeteoHub /api/observations,ERA5_sampled_at_coordinate,DPC_regional_observation,True,True,False,True,,observed_in_snapshot; observed_snapshots=3. Official DPC/regional station observed in at least one selected MeteoHub time window; an offline station may be absent.
LAND::MH::simnbo::5d2f6a8ff10b,Saludecio,43.87389,12.66972,physical_land,simnbo,MeteoHub /api/observations,ERA5_sampled_at_coordinate,DPC_regional_observation,True,True,False,True,,observed_in_snapshot; observed_snapshots=3. Official DPC/regional station observed in at least one selected MeteoHub time window; an offline station may be absent.
LAND::MH::dpcn-marche::6338346c8bdf,Conca 2,43.8839,12.5289,physical_land,dpcn-marche,MeteoHub /api/observations,ERA5_sampled_at_coordinate,DPC_regional_observation,True,True,False,True,,observed_in_snapshot; observed_snapshots=3. Official DPC/regional station observed in at least one selected MeteoHub time window; an offline station may be absent.
LAND::MH::dpcn-marche::8e8c478988f1,Villa Fastiggi,43.8906,12.8694,physical_land,dpcn-marche,MeteoHub /api/observations,ERA5_sampled_at_coordinate,DPC_regional_observation,True,True,False,True,,observed_in_snapshot; observed_snapshots=3. Official DPC/regional station observed in at least one selected MeteoHub time window; an offline station may be absent.
LAND::MH::simnbo::eed3f62002a4,DIga di Quarto,43.89078,12.08634,physical_land,simnbo,MeteoHub /api/observations,ERA5_sampled_at_coordinate,DPC_regional_observation,True,True,False,True,,observed_in_snapshot; observed_snapshots=3. Official DPC/regional station observed in at least one selected MeteoHub time window; an offline station may be absent.
LAND::MH::spdsra::8be99352dba3,Quarto,43.89215,12.09518,physical_land,spdsra,MeteoHub /api/observations,ERA5_sampled_at_coordinate,DPC_regional_observation,True,True,False,True,,observed_in_snapshot; observed_snapshots=3. Official DPC/regional station observed in at least one selected MeteoHub time window; an offline station may be absent.
LAND::MH::spdsra::b4d5f8073f25,Maiano,43.89269,12.19345,physical_land,spdsra,MeteoHub /api/observations,ERA5_sampled_at_coordinate,DPC_regional_observation,True,True,False,True,,observed_in_snapshot; observed_snapshots=3. Official DPC/regional station observed in at least one selected MeteoHub time window; an offline station may be absent.
LAND::MH::simnbo::222f7d2f75e0,Novafeltria,43.90111,12.28611,physical_land,simnbo,MeteoHub /api/observations,ERA5_sampled_at_coordinate,DPC_regional_observation,True,True,False,True,,observed_in_snapshot; observed_snapshots=3. Official DPC/regional station observed in at least one selected MeteoHub time window; an offline station may be absent.
LAND::MH::dpcn-marche::b1c5c8a80820,Foglia 3,43.90758,12.89751,physical_land,dpcn-marche,MeteoHub /api/observations,ERA5_sampled_at_coordinate,DPC_regional_observation,True,True,False,True,,observed_in_snapshot; observed_snapshots=3. Official DPC/regional station observed in at least one selected MeteoHub time window; an offline station may be absent.
LAND::MH::simnbo::5ac069a1cdcf,Morciano di Romagna,43.91441,12.64204,physical_land,simnbo,MeteoHub /api/observations,ERA5_sampled_at_coordinate,DPC_regional_observation,True,True,False,True,,observed_in_snapshot; observed_snapshots=3. Official DPC/regional station observed in at least one selected MeteoHub time window; an offline station may be absent.
LAND::MH::simnbo::bfa3f23ef23a,Monte Colombo,43.92705,12.58065,physical_land,simnbo,MeteoHub /api/observations,ERA5_sampled_at_coordinate,DPC_regional_observation,True,True,False,True,,observed_in_snapshot; observed_snapshots=3. Official DPC/regional station observed in at least one selected MeteoHub time window; an offline station may be absent.
LAND::MH::simnbo::f610fd893a86,S. Marino,43.93753,12.44649,physical_land,simnbo,MeteoHub /api/observations,ERA5_sampled_at_coordinate,DPC_regional_observation,True,True,False,True,,observed_in_snapshot; observed_snapshots=3. Official DPC/regional station observed in at least one selected MeteoHub time window; an offline station may be absent.
LAND::MH::spdsra::639eda92042c,Rullato,43.94648,12.07693,physical_land,spdsra,MeteoHub /api/observations,ERA5_sampled_at_coordinate,DPC_regional_observation,True,True,False,True,,observed_in_snapshot; observed_snapshots=3. Official DPC/regional station observed in at least one selected MeteoHub time window; an offline station may be absent.
LAND::MH::spdsra::2a0bbd30a6f1,Mercato Saraceno,43.95814,12.1966,physical_land,spdsra,MeteoHub /api/observations,ERA5_sampled_at_coordinate,DPC_regional_observation,True,True,False,True,,observed_in_snapshot; observed_snapshots=3. Official DPC/regional station observed in at least one selected MeteoHub time window; an offline station may be absent.
LAND::MH::spdsra::9ea92a63bd8e,Conca Diga,43.95818,12.70026,physical_land,spdsra,MeteoHub /api/observations,ERA5_sampled_at_coordinate,DPC_regional_observation,True,True,False,True,,observed_in_snapshot; observed_snapshots=3. Official DPC/regional station observed in at least one selected MeteoHub time window; an offline station may be absent.
LAND::MH::simnbo::1860f6bdc972,Cattolica,43.95847,12.7394,physical_land,simnbo,MeteoHub /api/observations,ERA5_sampled_at_coordinate,DPC_regional_observation,True,True,False,True,,observed_in_snapshot; observed_snapshots=3. Official DPC/regional station observed in at least one selected MeteoHub time window; an offline station may be absent.
LAND::MH::boa::a126d939a199,Cattolica Porto,43.97027,12.75067,physical_land,boa,MeteoHub /api/observations,ERA5_sampled_at_coordinate,DPC_regional_observation,True,True,False,True,,observed_in_snapshot; observed_snapshots=3. Official DPC/regional station observed in at least one selected MeteoHub time window; an offline station may be absent.
LAND::MH::boa::2bb2ab382da0,Cattolica Porto radar,43.97027,12.75068,physical_land,boa,MeteoHub /api/observations,ERA5_sampled_at_coordinate,DPC_regional_observation,True,True,False,True,,observed_in_snapshot; observed_snapshots=3. Official DPC/regional station observed in at least one selected MeteoHub time window; an offline station may be absent.
LAND::MH::simnbo::10e135c92eea,Ponte Uso,43.97765,12.30275,physical_land,simnbo,MeteoHub /api/observations,ERA5_sampled_at_coordinate,DPC_regional_observation,True,True,False,True,,observed_in_snapshot; observed_snapshots=3. Official DPC/regional station observed in at least one selected MeteoHub time window; an offline station may be absent.
LAND::MH::simnbo::c150e298e287,Ponte Verucchio,43.9829,12.40511,physical_land,simnbo,MeteoHub /api/observations,ERA5_sampled_at_coordinate,DPC_regional_observation,True,True,False,True,,observed_in_snapshot; observed_snapshots=3. Official DPC/regional station observed in at least one selected MeteoHub time window; an offline station may be absent.
LAND::MH::spdsra::5d7c33708916,Monte Iottone,43.99691,12.16866,physical_land,spdsra,MeteoHub /api/observations,ERA5_sampled_at_coordinate,DPC_regional_observation,True,True,False,True,,observed_in_snapshot; observed_snapshots=3. Official DPC/regional station observed in at least one selected MeteoHub time window; an offline station may be absent.
LAND::MH::simnbo::80571de00f35,Linaro,44.00078,12.11278,physical_land,simnbo,MeteoHub /api/observations,ERA5_sampled_at_coordinate,DPC_regional_observation,True,True,False,True,,observed_in_snapshot; observed_snapshots=3. Official DPC/regional station observed in at least one selected MeteoHub time window; an offline station may be absent.
LAND::MH::spdsra::c0fe89f601b8,Voltre,44.03248,12.04326,physical_land,spdsra,MeteoHub /api/observations,ERA5_sampled_at_coordinate,DPC_regional_observation,True,True,False,True,,observed_in_snapshot; observed_snapshots=3. Official DPC/regional station observed in at least one selected MeteoHub time window; an offline station may be absent.
LAND::MH::agrmet::a555f8e2069e,Vergiano,44.03456,12.5005,physical_land,agrmet,MeteoHub /api/observations,ERA5_sampled_at_coordinate,DPC_regional_observation,True,True,False,True,,observed_in_snapshot; observed_snapshots=3. Official DPC/regional station observed in at least one selected MeteoHub time window; an offline station may be absent.
LAND::MH::spdsra::31a992b181ed,S. Paola,44.03806,12.29306,physical_land,spdsra,MeteoHub /api/observations,ERA5_sampled_at_coordinate,DPC_regional_observation,True,True,False,True,,observed_in_snapshot; observed_snapshots=3. Official DPC/regional station observed in at least one selected MeteoHub time window; an offline station may be absent.
LAND::MH::simnbo::aa6eed7097de,Cusercoli Idro,44.04414,12.00597,physical_land,simnbo,MeteoHub /api/observations,ERA5_sampled_at_coordinate,DPC_regional_observation,True,True,False,True,,observed_in_snapshot; observed_snapshots=3. Official DPC/regional station observed in at least one selected MeteoHub time window; an offline station may be absent.
LAND::MH::spdsra::9a00244601fb,Borello,44.05077,12.17701,physical_land,spdsra,MeteoHub /api/observations,ERA5_sampled_at_coordinate,DPC_regional_observation,True,True,False,True,,observed_in_snapshot; observed_snapshots=3. Official DPC/regional station observed in at least one selected MeteoHub time window; an offline station may be absent.
LAND::MH::simnbo::82580a6c5a44,Rimini Ausa,44.05651,12.54549,physical_land,simnbo,MeteoHub /api/observations,ERA5_sampled_at_coordinate,DPC_regional_observation,True,True,False,True,,observed_in_snapshot; observed_snapshots=3. Official DPC/regional station observed in at least one selected MeteoHub time window; an offline station may be absent.
LAND::MH::urbane::09f34ba4f8b2,Rimini urbana,44.05919,12.57354,physical_land,urbane,MeteoHub /api/observations,ERA5_sampled_at_coordinate,DPC_regional_observation,True,True,False,True,,observed_in_snapshot; observed_snapshots=3. Official DPC/regional station observed in at least one selected MeteoHub time window; an offline station may be absent.
LAND::MH::simnbo::52a2cdf8c3d4,Rimini SS16,44.06141,12.54197,physical_land,simnbo,MeteoHub /api/observations,ERA5_sampled_at_coordinate,DPC_regional_observation,True,True,False,True,,observed_in_snapshot; observed_snapshots=3. Official DPC/regional station observed in at least one selected MeteoHub time window; an offline station may be absent.
LAND::MH::simnbo::417ddafb4996,Santarcangelo di Romagna,44.06832,12.43751,physical_land,simnbo,MeteoHub /api/observations,ERA5_sampled_at_coordinate,DPC_regional_observation,True,True,False,True,,observed_in_snapshot; observed_snapshots=3. Official DPC/regional station observed in at least one selected MeteoHub time window; an offline station may be absent.
LAND::MH::spdsra::e76869bf86f5,Roversano,44.08571,12.20682,physical_land,spdsra,MeteoHub /api/observations,ERA5_sampled_at_coordinate,DPC_regional_observation,True,True,False,True,,observed_in_snapshot; observed_snapshots=3. Official DPC/regional station observed in at least one selected MeteoHub time window; an offline station may be absent.
LAND::MH::agrmet::5e7f0458de15,Carpineta,44.08903,12.27459,physical_land,agrmet,MeteoHub /api/observations,ERA5_sampled_at_coordinate,DPC_regional_observation,True,True,False,True,,observed_in_snapshot; observed_snapshots=3. Official DPC/regional station observed in at least one selected MeteoHub time window; an offline station may be absent.
LAND::MH::spdsra::8e0cc74df8f2,S. Carlo,44.09098,12.19984,physical_land,spdsra,MeteoHub /api/observations,ERA5_sampled_at_coordinate,DPC_regional_observation,True,True,False,True,,observed_in_snapshot; observed_snapshots=3. Official DPC/regional station observed in at least one selected MeteoHub time window; an offline station may be absent.
LAND::MH::spdsra::adb03889bab8,Teodorano,44.09148,12.08492,physical_land,spdsra,MeteoHub /api/observations,ERA5_sampled_at_coordinate,DPC_regional_observation,True,True,False,True,,observed_in_snapshot; observed_snapshots=3. Official DPC/regional station observed in at least one selected MeteoHub time window; an offline station may be absent.
LAND::MH::spdsra::8e535ff1a37e,Savignano,44.09379,12.39636,physical_land,spdsra,MeteoHub /api/observations,ERA5_sampled_at_coordinate,DPC_regional_observation,True,True,False,True,,observed_in_snapshot; observed_snapshots=3. Official DPC/regional station observed in at least one selected MeteoHub time window; an offline station may be absent.
LAND::MH::spdsra::b6a09a433a03,Calisese,44.11339,12.29599,physical_land,spdsra,MeteoHub /api/observations,ERA5_sampled_at_coordinate,DPC_regional_observation,True,True,False,True,,observed_in_snapshot; observed_snapshots=3. Official DPC/regional station observed in at least one selected MeteoHub time window; an offline station may be absent.
LAND::MH::spdsra::ac327d3c3ed5,Caminate,44.11438,12.00404,physical_land,spdsra,MeteoHub /api/observations,ERA5_sampled_at_coordinate,DPC_regional_observation,True,True,False,True,,observed_in_snapshot; observed_snapshots=3. Official DPC/regional station observed in at least one selected MeteoHub time window; an offline station may be absent.
LAND::MH::spdsra::8f69fe6f7afc,Meldola,44.12146,12.06155,physical_land,spdsra,MeteoHub /api/observations,ERA5_sampled_at_coordinate,DPC_regional_observation,True,True,False,True,,observed_in_snapshot; observed_snapshots=3. Official DPC/regional station observed in at least one selected MeteoHub time window; an offline station may be absent.
LAND::MH::spdsra::00e1b0bcbaa0,Cesena,44.13971,12.23505,physical_land,spdsra,MeteoHub /api/observations,ERA5_sampled_at_coordinate,DPC_regional_observation,True,True,False,True,,observed_in_snapshot; observed_snapshots=3. Official DPC/regional station observed in at least one selected MeteoHub time window; an offline station may be absent.
LAND::MH::spdsra::8bdbeef91a2f,Bertinoro,44.15206,12.14217,physical_land,spdsra,MeteoHub /api/observations,ERA5_sampled_at_coordinate,DPC_regional_observation,True,True,False,True,,observed_in_snapshot; observed_snapshots=3. Official DPC/regional station observed in at least one selected MeteoHub time window; an offline station may be absent.
LAND::MH::spdsra::1c965ecd2b9d,Ponte Calanca,44.16385,12.00957,physical_land,spdsra,MeteoHub /api/observations,ERA5_sampled_at_coordinate,DPC_regional_observation,True,True,False,True,,observed_in_snapshot; observed_snapshots=3. Official DPC/regional station observed in at least one selected MeteoHub time window; an offline station may be absent.
LAND::MH::spdsra::e02db82cdedb,Due Tigli,44.16415,12.39269,physical_land,spdsra,MeteoHub /api/observations,ERA5_sampled_at_coordinate,DPC_regional_observation,True,True,False,True,,observed_in_snapshot; observed_snapshots=3. Official DPC/regional station observed in at least one selected MeteoHub time window; an offline station may be absent.
LAND::MH::spdsra::2d63f153d09f,Mesola,44.19069,12.34962,physical_land,spdsra,MeteoHub /api/observations,ERA5_sampled_at_coordinate,DPC_regional_observation,True,True,False,True,,observed_in_snapshot; observed_snapshots=3. Official DPC/regional station observed in at least one selected MeteoHub time window; an offline station may be absent.
LAND::MH::spdsra::865471505bc8,Museo della marineria,44.19897,12.39488,physical_land,spdsra,MeteoHub /api/observations,ERA5_sampled_at_coordinate,DPC_regional_observation,True,True,False,True,,observed_in_snapshot; observed_snapshots=3. Official DPC/regional station observed in at least one selected MeteoHub time window; an offline station may be absent.
LAND::MH::spdsra::68d811e822c8,Museo della marineria,44.19901,12.39485,physical_land,spdsra,MeteoHub /api/observations,ERA5_sampled_at_coordinate,DPC_regional_observation,True,True,False,True,,observed_in_snapshot; observed_snapshots=3. Official DPC/regional station observed in at least one selected MeteoHub time window; an offline station may be absent.
LAND::MH::spdsra::b3186546b1b3,Ronco,44.20306,12.08668,physical_land,spdsra,MeteoHub /api/observations,ERA5_sampled_at_coordinate,DPC_regional_observation,True,True,False,True,,observed_in_snapshot; observed_snapshots=3. Official DPC/regional station observed in at least one selected MeteoHub time window; an offline station may be absent.
LAND::MH::spdsra::cb232ec05823,Cesenatico porto,44.20645,12.40132,physical_land,spdsra,MeteoHub /api/observations,ERA5_sampled_at_coordinate,DPC_regional_observation,True,True,False,True,,observed_in_snapshot; observed_snapshots=3. Official DPC/regional station observed in at least one selected MeteoHub time window; an offline station may be absent.
LAND::MH::boa::4b091b931c3f,Nausicaa 2,44.21458,12.47587,physical_land,boa,MeteoHub /api/observations,ERA5_sampled_at_coordinate,DPC_regional_observation,True,True,False,True,,observed_in_snapshot; observed_snapshots=3. Official DPC/regional station observed in at least one selected MeteoHub time window; an offline station may be absent.
LAND::MH::spdsra::5059d084c552,S. Maria Nova,44.21506,12.16992,physical_land,spdsra,MeteoHub /api/observations,ERA5_sampled_at_coordinate,DPC_regional_observation,True,True,False,True,,observed_in_snapshot; observed_snapshots=3. Official DPC/regional station observed in at least one selected MeteoHub time window; an offline station may be absent.
LAND::MH::spdsra::5c1452356a64,Forli',44.22698,12.02757,physical_land,spdsra,MeteoHub /api/observations,ERA5_sampled_at_coordinate,DPC_regional_observation,True,True,False,True,,observed_in_snapshot; observed_snapshots=3. Official DPC/regional station observed in at least one selected MeteoHub time window; an offline station may be absent.
LAND::MH::spdsra::e236646716f4,Matellica,44.23218,12.23401,physical_land,spdsra,MeteoHub /api/observations,ERA5_sampled_at_coordinate,DPC_regional_observation,True,True,False,True,,observed_in_snapshot; observed_snapshots=3. Official DPC/regional station observed in at least one selected MeteoHub time window; an offline station may be absent.
LAND::MH::spdsra::f8f5632ffbe7,S. Zaccaria,44.25728,12.21407,physical_land,spdsra,MeteoHub /api/observations,ERA5_sampled_at_coordinate,DPC_regional_observation,True,True,False,True,,observed_in_snapshot; observed_snapshots=3. Official DPC/regional station observed in at least one selected MeteoHub time window; an offline station may be absent.
LAND::MH::spdsra::de92eaf1984e,Castiglione,44.25901,12.2609,physical_land,spdsra,MeteoHub /api/observations,ERA5_sampled_at_coordinate,DPC_regional_observation,True,True,False,True,,observed_in_snapshot; observed_snapshots=3. Official DPC/regional station observed in at least one selected MeteoHub time window; an offline station may be absent.
LAND::MH::boa::15070855aa5c,Cervia Porto,44.26714,12.35751,physical_land,boa,MeteoHub /api/observations,ERA5_sampled_at_coordinate,DPC_regional_observation,True,True,False,True,,observed_in_snapshot; observed_snapshots=3. Official DPC/regional station observed in at least one selected MeteoHub time window; an offline station may be absent.
LAND::MH::boa::396335aa9517,Cervia Porto radar,44.26714,12.35752,physical_land,boa,MeteoHub /api/observations,ERA5_sampled_at_coordinate,DPC_regional_observation,True,True,False,True,,observed_in_snapshot; observed_snapshots=3. Official DPC/regional station observed in at least one selected MeteoHub time window; an offline station may be absent.
LAND::MH::spdsra::554e28ec2873,Coccolia,44.29769,12.11085,physical_land,spdsra,MeteoHub /api/observations,ERA5_sampled_at_coordinate,DPC_regional_observation,True,True,False,True,,observed_in_snapshot; observed_snapshots=3. Official DPC/regional station observed in at least one selected MeteoHub time window; an offline station may be absent.
LAND::MH::spdsra::8010679174b0,Savio,44.30563,12.29549,physical_land,spdsra,MeteoHub /api/observations,ERA5_sampled_at_coordinate,DPC_regional_observation,True,True,False,True,,observed_in_snapshot; observed_snapshots=3. Official DPC/regional station observed in at least one selected MeteoHub time window; an offline station may be absent.
LAND::MH::agrmet::961d46e49b22,S. Pietro in Vincoli,44.31392,12.1602,physical_land,agrmet,MeteoHub /api/observations,ERA5_sampled_at_coordinate,DPC_regional_observation,True,True,False,True,,observed_in_snapshot; observed_snapshots=3. Official DPC/regional station observed in at least one selected MeteoHub time window; an offline station may be absent.
LAND::MH::spdsra::d688e8f91922,Bevano Adriatica,44.3245,12.27984,physical_land,spdsra,MeteoHub /api/observations,ERA5_sampled_at_coordinate,DPC_regional_observation,True,True,False,True,,observed_in_snapshot; observed_snapshots=3. Official DPC/regional station observed in at least one selected MeteoHub time window; an offline station may be absent.
LAND::MH::spdsra::da543b3bb9a6,Ponte Vico,44.33002,12.03134,physical_land,spdsra,MeteoHub /api/observations,ERA5_sampled_at_coordinate,DPC_regional_observation,True,True,False,True,,observed_in_snapshot; observed_snapshots=3. Official DPC/regional station observed in at least one selected MeteoHub time window; an offline station may be absent.
LAND::MH::simnbo::a2d2fe0f64e1,Idrovora Fosso Ghiaia,44.35313,12.26505,physical_land,simnbo,MeteoHub /api/observations,ERA5_sampled_at_coordinate,DPC_regional_observation,True,True,False,True,,observed_in_snapshot; observed_snapshots=3. Official DPC/regional station observed in at least one selected MeteoHub time window; an offline station may be absent.
LAND::MH::spdsra::f3fb43498388,S. Bartolo,44.36791,12.17268,physical_land,spdsra,MeteoHub /api/observations,ERA5_sampled_at_coordinate,DPC_regional_observation,True,True,False,True,,observed_in_snapshot; observed_snapshots=3. Official DPC/regional station observed in at least one selected MeteoHub time window; an offline station may be absent.
LAND::MH::spdsra::88c0d7b8e682,S. Marco,44.38896,12.16847,physical_land,spdsra,MeteoHub /api/observations,ERA5_sampled_at_coordinate,DPC_regional_observation,True,True,False,True,,observed_in_snapshot; observed_snapshots=3. Official DPC/regional station observed in at least one selected MeteoHub time window; an offline station may be absent.
LAND::MH::spdsra::86d9406ba700,Rasponi,44.39398,12.27311,physical_land,spdsra,MeteoHub /api/observations,ERA5_sampled_at_coordinate,DPC_regional_observation,True,True,False,True,,observed_in_snapshot; observed_snapshots=3. Official DPC/regional station observed in at least one selected MeteoHub time window; an offline station may be absent.
LAND::MH::boa::6b202997b3d0,Calipso,44.42867,12.52183,physical_land,boa,MeteoHub /api/observations,ERA5_sampled_at_coordinate,DPC_regional_observation,True,True,False,True,,observed_in_snapshot; observed_snapshots=3. Official DPC/regional station observed in at least one selected MeteoHub time window; an offline station may be absent.
LAND::MH::spdsra::c0404d8708c8,Mezzano,44.46959,12.08286,physical_land,spdsra,MeteoHub /api/observations,ERA5_sampled_at_coordinate,DPC_regional_observation,True,True,False,True,,observed_in_snapshot; observed_snapshots=3. Official DPC/regional station observed in at least one selected MeteoHub time window; an offline station may be absent.
LAND::MH::simnbo::1bf29cf54b21,Marina di Ravenna,44.48044,12.27744,physical_land,simnbo,MeteoHub /api/observations,ERA5_sampled_at_coordinate,DPC_regional_observation,True,True,False,True,,observed_in_snapshot; observed_snapshots=3. Official DPC/regional station observed in at least one selected MeteoHub time window; an offline station may be absent.
LAND::MH::simnbo::35b96a2e734d,Alfonsine,44.50393,12.04777,physical_land,simnbo,MeteoHub /api/observations,ERA5_sampled_at_coordinate,DPC_regional_observation,True,True,False,True,,observed_in_snapshot; observed_snapshots=3. Official DPC/regional station observed in at least one selected MeteoHub time window; an offline station may be absent.
LAND::MH::simnbo::56aeb0b697d8,Umana,44.57337,12.10134,physical_land,simnbo,MeteoHub /api/observations,ERA5_sampled_at_coordinate,DPC_regional_observation,True,True,False,True,,observed_in_snapshot; observed_snapshots=3. Official DPC/regional station observed in at least one selected MeteoHub time window; an offline station may be absent.
LAND::MH::marefe::7a2a1b698d6b,Bellocchio,44.62028,12.23556,physical_land,marefe,MeteoHub /api/observations,ERA5_sampled_at_coordinate,DPC_regional_observation,True,True,False,True,,observed_in_snapshot; observed_snapshots=3. Official DPC/regional station observed in at least one selected MeteoHub time window; an offline station may be absent.
LAND::MH::marefe::a6183d188fc4,Logonovo,44.66889,12.21806,physical_land,marefe,MeteoHub /api/observations,ERA5_sampled_at_coordinate,DPC_regional_observation,True,True,False,True,,observed_in_snapshot; observed_snapshots=3. Official DPC/regional station observed in at least one selected MeteoHub time window; an offline station may be absent.
LAND::MH::marefe::20b85f55b0d6,Porto Garibaldi,44.67667,12.24944,physical_land,marefe,MeteoHub /api/observations,ERA5_sampled_at_coordinate,DPC_regional_observation,True,True,False,True,,observed_in_snapshot; observed_snapshots=3. Official DPC/regional station observed in at least one selected MeteoHub time window; an offline station may be absent.
LAND::MH::marefe::8023ed551d77,Porto Garibaldi Encoder,44.67667,12.24945,physical_land,marefe,MeteoHub /api/observations,ERA5_sampled_at_coordinate,DPC_regional_observation,True,True,False,True,,observed_in_snapshot; observed_snapshots=3. Official DPC/regional station observed in at least one selected MeteoHub time window; an offline station may be absent.
LAND::MH::simnbo::1a848d255777,Guagnino,44.6884,12.21161,physical_land,simnbo,MeteoHub /api/observations,ERA5_sampled_at_coordinate,DPC_regional_observation,True,True,False,True,,observed_in_snapshot; observed_snapshots=3. Official DPC/regional station observed in at least one selected MeteoHub time window; an offline station may be absent.
LAND::MH::marefe::007d6afa5c95,Manufatto,44.79074,12.39236,physical_land,marefe,MeteoHub /api/observations,ERA5_sampled_at_coordinate,DPC_regional_observation,True,True,False,True,,observed_in_snapshot; observed_snapshots=3. Official DPC/regional station observed in at least one selected MeteoHub time window; an offline station may be absent.
LAND::MH::marefe::1034f39e1ea1,Faro,44.7914,12.39532,physical_land,marefe,MeteoHub /api/observations,ERA5_sampled_at_coordinate,DPC_regional_observation,True,True,False,True,,observed_in_snapshot; observed_snapshots=3. Official DPC/regional station observed in at least one selected MeteoHub time window; an offline station may be absent.
LAND::MH::simnbo::3f65f03746ee,GIRALDA meteo,44.81376,12.24834,physical_land,simnbo,MeteoHub /api/observations,ERA5_sampled_at_coordinate,DPC_regional_observation,True,True,False,True,,observed_in_snapshot; observed_snapshots=3. Official DPC/regional station observed in at least one selected MeteoHub time window; an offline station may be absent.
LAND::MH::marefe::4d5cdb2a8f3c,Punta Volano,44.81472,12.28889,physical_land,marefe,MeteoHub /api/observations,ERA5_sampled_at_coordinate,DPC_regional_observation,True,True,False,True,,observed_in_snapshot; observed_snapshots=3. Official DPC/regional station observed in at least one selected MeteoHub time window; an offline station may be absent.
LAND::MH::marefe::a2c8028188a7,Gorino 2,44.81531,12.32449,physical_land,marefe,MeteoHub /api/observations,ERA5_sampled_at_coordinate,DPC_regional_observation,True,True,False,True,,observed_in_snapshot; observed_snapshots=3. Official DPC/regional station observed in at least one selected MeteoHub time window; an offline station may be absent.
LAND::MH::simnbo::045ad709ec43,Codigoro,44.82999,12.10704,physical_land,simnbo,MeteoHub /api/observations,ERA5_sampled_at_coordinate,DPC_regional_observation,True,True,False,True,,observed_in_snapshot; observed_snapshots=3. Official DPC/regional station observed in at least one selected MeteoHub time window; an offline station may be absent.
LAND::MH::simnbo::86107063d7fb,Codigoro,44.83504,12.09804,physical_land,simnbo,MeteoHub /api/observations,ERA5_sampled_at_coordinate,DPC_regional_observation,True,True,False,True,,observed_in_snapshot; observed_snapshots=3. Official DPC/regional station observed in at least one selected MeteoHub time window; an offline station may be absent.
LAND::MH::marefe::c2c5080a220f,Po di Goro,44.83593,12.34395,physical_land,marefe,MeteoHub /api/observations,ERA5_sampled_at_coordinate,DPC_regional_observation,True,True,False,True,,observed_in_snapshot; observed_snapshots=3. Official DPC/regional station observed in at least one selected MeteoHub time window; an offline station may be absent.
LAND::MH::dpcn-veneto::61b7a7acda54,Porto Barricata,44.84861,12.465,physical_land,dpcn-veneto,MeteoHub /api/observations,ERA5_sampled_at_coordinate,DPC_regional_observation,True,True,False,True,,observed_in_snapshot; observed_snapshots=3. Official DPC/regional station observed in at least one selected MeteoHub time window; an offline station may be absent.
LAND::MH::dpcn-veneto::2f4aa3ec9c79,Pradon CMT,44.91734,12.3691,physical_land,dpcn-veneto,MeteoHub /api/observations,ERA5_sampled_at_coordinate,DPC_regional_observation,True,True,False,True,,observed_in_snapshot; observed_snapshots=3. Official DPC/regional station observed in at least one selected MeteoHub time window; an offline station may be absent.
LAND::MH::simnpr::60d27ec1e6cd,Ariano,44.9429,12.12215,physical_land,simnpr,MeteoHub /api/observations,ERA5_sampled_at_coordinate,DPC_regional_observation,True,True,False,True,,observed_in_snapshot; observed_snapshots=3. Official DPC/regional station observed in at least one selected MeteoHub time window; an offline station may be absent.
LAND::MH::dpcn-veneto::c543b4ccfb4a,Ariano,44.94389,12.12194,physical_land,dpcn-veneto,MeteoHub /api/observations,ERA5_sampled_at_coordinate,DPC_regional_observation,True,True,False,True,,observed_in_snapshot; observed_snapshots=3. Official DPC/regional station observed in at least one selected MeteoHub time window; an offline station may be absent.
LAND::MH::simnpr::9ea03afd8587,Ariano SIAP,44.9484,12.11756,physical_land,simnpr,MeteoHub /api/observations,ERA5_sampled_at_coordinate,DPC_regional_observation,True,True,False,True,,observed_in_snapshot; observed_snapshots=3. Official DPC/regional station observed in at least one selected MeteoHub time window; an offline station may be absent.
LAND::MH::simnpr::f5b22137d205,Cavanella SIAP,45.02769,12.15202,physical_land,simnpr,MeteoHub /api/observations,ERA5_sampled_at_coordinate,DPC_regional_observation,True,True,False,True,,observed_in_snapshot; observed_snapshots=3. Official DPC/regional station observed in at least one selected MeteoHub time window; an offline station may be absent.
LAND::MH::dpcn-veneto::79559cf26111,Porto Levante,45.0481,12.36196,physical_land,dpcn-veneto,MeteoHub /api/observations,ERA5_sampled_at_coordinate,DPC_regional_observation,True,True,False,True,,observed_in_snapshot; observed_snapshots=3. Official DPC/regional station observed in at least one selected MeteoHub time window; an offline station may be absent.
LAND::MH::dpcn-veneto::7baacb0a5156,Pettorazza - Botti Barbarighe CM,45.11639,12.02444,physical_land,dpcn-veneto,MeteoHub /api/observations,ERA5_sampled_at_coordinate,DPC_regional_observation,True,True,False,True,,observed_in_snapshot; observed_snapshots=3. Official DPC/regional station observed in at least one selected MeteoHub time window; an offline station may be absent.
LAND::MH::dpcn-veneto::d2e618e555a9,Cavarzere,45.13833,12.08186,physical_land,dpcn-veneto,MeteoHub /api/observations,ERA5_sampled_at_coordinate,DPC_regional_observation,True,True,False,True,,observed_in_snapshot; observed_snapshots=3. Official DPC/regional station observed in at least one selected MeteoHub time window; an offline station may be absent.
LAND::MH::dpcn-veneto::5fe7e65212b8,Chioggia S.Anna CMT,45.14466,12.27579,physical_land,dpcn-veneto,MeteoHub /api/observations,ERA5_sampled_at_coordinate,DPC_regional_observation,True,True,False,True,,observed_in_snapshot; observed_snapshots=3. Official DPC/regional station observed in at least one selected MeteoHub time window; an offline station may be absent.
LAND::MH::dpcn-veneto::f21d799c4de8,Gesia-Cavarzere CMT,45.1615,12.0872,physical_land,dpcn-veneto,MeteoHub /api/observations,ERA5_sampled_at_coordinate,DPC_regional_observation,True,True,False,True,,observed_in_snapshot; observed_snapshots=3. Official DPC/regional station observed in at least one selected MeteoHub time window; an offline station may be absent.
LAND::MH::dpcn-veneto::08e720c67d9b,Chioggia CMT,45.21813,12.28305,physical_land,dpcn-veneto,MeteoHub /api/observations,ERA5_sampled_at_coordinate,DPC_regional_observation,True,True,False,True,,observed_in_snapshot; observed_snapshots=3. Official DPC/regional station observed in at least one selected MeteoHub time window; an offline station may be absent.
LAND::MH::dpcn-veneto::cc633ecd5922,Stru00e0 CMT,45.41067,12.00851,physical_land,dpcn-veneto,MeteoHub /api/observations,ERA5_sampled_at_coordinate,DPC_regional_observation,True,True,False,True,,observed_in_snapshot; observed_snapshots=3. Official DPC/regional station observed in at least one selected MeteoHub time window; an offline station may be absent.
LAND::MH::dpcn-veneto::49a4895d3e55,Mira CMT,45.43596,12.11748,physical_land,dpcn-veneto,MeteoHub /api/observations,ERA5_sampled_at_coordinate,DPC_regional_observation,True,True,False,True,,observed_in_snapshot; observed_snapshots=3. Official DPC/regional station observed in at least one selected MeteoHub time window; an offline station may be absent.
LAND::MH::dpcn-veneto::24018eecb525,Venezia-Treporti CMT,45.45872,12.48626,physical_land,dpcn-veneto,MeteoHub /api/observations,ERA5_sampled_at_coordinate,DPC_regional_observation,True,True,False,True,,observed_in_snapshot; observed_snapshots=3. Official DPC/regional station observed in at least one selected MeteoHub time window; an offline station may be absent.
LAND::MH::dpcn-veneto::30b3f292c4ec,Cortellazzo CMT,45.53585,12.65882,physical_land,dpcn-veneto,MeteoHub /api/observations,ERA5_sampled_at_coordinate,DPC_regional_observation,True,True,False,True,,observed_in_snapshot; observed_snapshots=3. Official DPC/regional station observed in at least one selected MeteoHub time window; an offline station may be absent.
LAND::MH::dpcn-veneto::2054e6a7e1d3,Zuccarello CMT,45.53739,12.37831,physical_land,dpcn-veneto,MeteoHub /api/observations,ERA5_sampled_at_coordinate,DPC_regional_observation,True,True,False,True,,observed_in_snapshot; observed_snapshots=3. Official DPC/regional station observed in at least one selected MeteoHub time window; an offline station may be absent.
LAND::MH::dpcn-veneto::a0023f1d93b4,Eraclea,45.57362,12.67387,physical_land,dpcn-veneto,MeteoHub /api/observations,ERA5_sampled_at_coordinate,DPC_regional_observation,True,True,False,True,,observed_in_snapshot; observed_snapshots=3. Official DPC/regional station observed in at least one selected MeteoHub time window; an offline station may be absent.
LAND::MH::dpcn-veneto::d7b4884092c3,Mogliano Veneto CMT,45.58074,12.30779,physical_land,dpcn-veneto,MeteoHub /api/observations,ERA5_sampled_at_coordinate,DPC_regional_observation,True,True,False,True,,observed_in_snapshot; observed_snapshots=3. Official DPC/regional station observed in at least one selected MeteoHub time window; an offline station may be absent.
LAND::MH::arpafvg::e4312ac52f52,Muggia TP,45.60064,13.77578,physical_land,arpafvg,MeteoHub /api/observations,ERA5_sampled_at_coordinate,DPC_regional_observation,True,True,False,True,,observed_in_snapshot; observed_snapshots=3. Official DPC/regional station observed in at least one selected MeteoHub time window; an offline station may be absent.
LAND::MH::dpcn-veneto::5a81c83da11f,Eraclea CMT,45.60317,12.70706,physical_land,dpcn-veneto,MeteoHub /api/observations,ERA5_sampled_at_coordinate,DPC_regional_observation,True,True,False,True,,observed_in_snapshot; observed_snapshots=3. Official DPC/regional station observed in at least one selected MeteoHub time window; an offline station may be absent.
LAND::MH::arpafvg::ccc940f24080,Muggia,45.61048,13.75263,physical_land,arpafvg,MeteoHub /api/observations,ERA5_sampled_at_coordinate,DPC_regional_observation,True,True,False,True,,observed_in_snapshot; observed_snapshots=3. Official DPC/regional station observed in at least one selected MeteoHub time window; an offline station may be absent.
LAND::MH::dpcn-veneto::c84a4d8b78c1,S.Dona'di Piave,45.62541,12.56309,physical_land,dpcn-veneto,MeteoHub /api/observations,ERA5_sampled_at_coordinate,DPC_regional_observation,True,True,False,True,,observed_in_snapshot; observed_snapshots=3. Official DPC/regional station observed in at least one selected MeteoHub time window; an offline station may be absent.
LAND::MH::arpafvg::a326e4777fbc,Trieste Cattinara,45.63543,13.83317,physical_land,arpafvg,MeteoHub /api/observations,ERA5_sampled_at_coordinate,DPC_regional_observation,True,True,False,True,,observed_in_snapshot; observed_snapshots=3. Official DPC/regional station observed in at least one selected MeteoHub time window; an offline station may be absent.
LAND::MH::dpcn-veneto::5eea91b2ada3,Bibione CMT,45.64137,13.07747,physical_land,dpcn-veneto,MeteoHub /api/observations,ERA5_sampled_at_coordinate,DPC_regional_observation,True,True,False,True,,observed_in_snapshot; observed_snapshots=3. Official DPC/regional station observed in at least one selected MeteoHub time window; an offline station may be absent.
LAND::MH::arpafvg::9fdbb9d7b23e,Trieste Ist. Nautico,45.64739,13.76454,physical_land,arpafvg,MeteoHub /api/observations,ERA5_sampled_at_coordinate,DPC_regional_observation,True,True,False,True,,observed_in_snapshot; observed_snapshots=3. Official DPC/regional station observed in at least one selected MeteoHub time window; an offline station may be absent.
LAND::MH::arpafvg::dba70820e0fe,Trieste molo F.lli Bandiera,45.65,13.75224,physical_land,arpafvg,MeteoHub /api/observations,ERA5_sampled_at_coordinate,DPC_regional_observation,True,True,False,True,,observed_in_snapshot; observed_snapshots=3. Official DPC/regional station observed in at least one selected MeteoHub time window; an offline station may be absent.
LAND::MH::dpcn-veneto::caaff0685441,La Salute di Livenza,45.65563,12.80028,physical_land,dpcn-veneto,MeteoHub /api/observations,ERA5_sampled_at_coordinate,DPC_regional_observation,True,True,False,True,,observed_in_snapshot; observed_snapshots=3. Official DPC/regional station observed in at least one selected MeteoHub time window; an offline station may be absent.
LAND::MH::dpcn-veneto::733580dd0906,Noventa di Piave CMT,45.66841,12.58851,physical_land,dpcn-veneto,MeteoHub /api/observations,ERA5_sampled_at_coordinate,DPC_regional_observation,True,True,False,True,,observed_in_snapshot; observed_snapshots=3. Official DPC/regional station observed in at least one selected MeteoHub time window; an offline station may be absent.
LAND::MH::arpafvg::46e0ccaf6b2b,Grado Meteo,45.68035,13.37329,physical_land,arpafvg,MeteoHub /api/observations,ERA5_sampled_at_coordinate,DPC_regional_observation,True,True,False,True,,observed_in_snapshot; observed_snapshots=3. Official DPC/regional station observed in at least one selected MeteoHub time window; an offline station may be absent.
LAND::MH::dpcn-veneto::b0c170fff70f,Treviso Citta' CMT,45.68093,12.22155,physical_land,dpcn-veneto,MeteoHub /api/observations,ERA5_sampled_at_coordinate,DPC_regional_observation,True,True,False,True,,observed_in_snapshot; observed_snapshots=3. Official DPC/regional station observed in at least one selected MeteoHub time window; an offline station may be absent.
LAND::MH::arpafvg::3defec6409f9,Grado Marea,45.68316,13.38343,physical_land,arpafvg,MeteoHub /api/observations,ERA5_sampled_at_coordinate,DPC_regional_observation,True,True,False,True,,observed_in_snapshot; observed_snapshots=3. Official DPC/regional station observed in at least one selected MeteoHub time window; an offline station may be absent.
LAND::MH::arpafvg::9c98297a8a34,Lignano Sabbiadoro PCR,45.68652,13.12113,physical_land,arpafvg,MeteoHub /api/observations,ERA5_sampled_at_coordinate,DPC_regional_observation,True,True,False,True,,observed_in_snapshot; observed_snapshots=3. Official DPC/regional station observed in at least one selected MeteoHub time window; an offline station may be absent.
LAND::MH::arpafvg::d6f17e8d87f1,Lignano Sabbiadoro,45.70191,13.14708,physical_land,arpafvg,MeteoHub /api/observations,ERA5_sampled_at_coordinate,DPC_regional_observation,True,True,False,True,,observed_in_snapshot; observed_snapshots=3. Official DPC/regional station observed in at least one selected MeteoHub time window; an offline station may be absent.
LAND::MH::arpafvg::148491e3f8c0,Prosecco,45.70394,13.75672,physical_land,arpafvg,MeteoHub /api/observations,ERA5_sampled_at_coordinate,DPC_regional_observation,True,True,False,True,,observed_in_snapshot; observed_snapshots=3. Official DPC/regional station observed in at least one selected MeteoHub time window; an offline station may be absent.
LAND::MH::dpcn-veneto::416672aef3b8,Lugugnana di Portogruaro CMT,45.70491,12.94669,physical_land,dpcn-veneto,MeteoHub /api/observations,ERA5_sampled_at_coordinate,DPC_regional_observation,True,True,False,True,,observed_in_snapshot; observed_snapshots=3. Official DPC/regional station observed in at least one selected MeteoHub time window; an offline station may be absent.
LAND::MH::dpcn-veneto::f865f8d011e3,Ponte di Piave,45.71127,12.45465,physical_land,dpcn-veneto,MeteoHub /api/observations,ERA5_sampled_at_coordinate,DPC_regional_observation,True,True,False,True,,observed_in_snapshot; observed_snapshots=3. Official DPC/regional station observed in at least one selected MeteoHub time window; an offline station may be absent.
LAND::MH::arpafvg::97ea1f2362a7,Fossalon,45.71477,13.45886,physical_land,arpafvg,MeteoHub /api/observations,ERA5_sampled_at_coordinate,DPC_regional_observation,True,True,False,True,,observed_in_snapshot; observed_snapshots=3. Official DPC/regional station observed in at least one selected MeteoHub time window; an offline station may be absent.
LAND::MH::dpcn-veneto::80ce1014a6e0,Ponte di Piave CMT,45.71712,12.52394,physical_land,dpcn-veneto,MeteoHub /api/observations,ERA5_sampled_at_coordinate,DPC_regional_observation,True,True,False,True,,observed_in_snapshot; observed_snapshots=3. Official DPC/regional station observed in at least one selected MeteoHub time window; an offline station may be absent.
LAND::MH::dpcn-veneto::a6992a4577a0,Cessalto,45.7337,12.67472,physical_land,dpcn-veneto,MeteoHub /api/observations,ERA5_sampled_at_coordinate,DPC_regional_observation,True,True,False,True,,observed_in_snapshot; observed_snapshots=3. Official DPC/regional station observed in at least one selected MeteoHub time window; an offline station may be absent.
LAND::MH::arpafvg::0ea49cd656d2,Gorgo,45.73623,13.0219,physical_land,arpafvg,MeteoHub /api/observations,ERA5_sampled_at_coordinate,DPC_regional_observation,True,True,False,True,,observed_in_snapshot; observed_snapshots=3. Official DPC/regional station observed in at least one selected MeteoHub time window; an offline station may be absent.
LAND::MH::arpafvg::92a4d4785303,Sgonico-Zgonik,45.738,13.74206,physical_land,arpafvg,MeteoHub /api/observations,ERA5_sampled_at_coordinate,DPC_regional_observation,True,True,False,True,,observed_in_snapshot; observed_snapshots=3. Official DPC/regional station observed in at least one selected MeteoHub time window; an offline station may be absent.
LAND::MH::dpcn-veneto::9363f034f205,Portogruaro CMT,45.74549,12.76129,physical_land,dpcn-veneto,MeteoHub /api/observations,ERA5_sampled_at_coordinate,DPC_regional_observation,True,True,False,True,,observed_in_snapshot; observed_snapshots=3. Official DPC/regional station observed in at least one selected MeteoHub time window; an offline station may be absent.
LAND::MH::dpcn-veneto::135f658a5ce6,Latisana,45.75583,12.9975,physical_land,dpcn-veneto,MeteoHub /api/observations,ERA5_sampled_at_coordinate,DPC_regional_observation,True,True,False,True,,observed_in_snapshot; observed_snapshots=3. Official DPC/regional station observed in at least one selected MeteoHub time window; an offline station may be absent.
LAND::MH::arpafvg::8cdacf6d0706,San Pelagio,45.76547,13.6868,physical_land,arpafvg,MeteoHub /api/observations,ERA5_sampled_at_coordinate,DPC_regional_observation,True,True,False,True,,observed_in_snapshot; observed_snapshots=3. Official DPC/regional station observed in at least one selected MeteoHub time window; an offline station may be absent.
LAND::MH::arpafvg::25423d97fda4,San Lorenzo,45.76609,13.40485,physical_land,arpafvg,MeteoHub /api/observations,ERA5_sampled_at_coordinate,DPC_regional_observation,True,True,False,True,,observed_in_snapshot; observed_snapshots=3. Official DPC/regional station observed in at least one selected MeteoHub time window; an offline station may be absent.
LAND::MH::dpcn-veneto::6127b39a3f0e,Montebelluna - loc. Contea,45.7715,12.00576,physical_land,dpcn-veneto,MeteoHub /api/observations,ERA5_sampled_at_coordinate,DPC_regional_observation,True,True,False,True,,observed_in_snapshot; observed_snapshots=3. Official DPC/regional station observed in at least one selected MeteoHub time window; an offline station may be absent.
LAND::MH::dpcn-veneto::fe78a87cd77f,Motta di Livenza,45.77437,12.61655,physical_land,dpcn-veneto,MeteoHub /api/observations,ERA5_sampled_at_coordinate,DPC_regional_observation,True,True,False,True,,observed_in_snapshot; observed_snapshots=3. Official DPC/regional station observed in at least one selected MeteoHub time window; an offline station may be absent.
LAND::MH::dpcn-veneto::dc91bc84a811,Fossalta di Portogruaro CMT,45.77567,12.89394,physical_land,dpcn-veneto,MeteoHub /api/observations,ERA5_sampled_at_coordinate,DPC_regional_observation,True,True,False,True,,observed_in_snapshot; observed_snapshots=3. Official DPC/regional station observed in at least one selected MeteoHub time window; an offline station may be absent.
LAND::MH::arpafvg::6aeb0d993d80,Monfalcone,45.78141,13.54884,physical_land,arpafvg,MeteoHub /api/observations,ERA5_sampled_at_coordinate,DPC_regional_observation,True,True,False,True,,observed_in_snapshot; observed_snapshots=3. Official DPC/regional station observed in at least one selected MeteoHub time window; an offline station may be absent.
LAND::MH::dpcn-veneto::8cef971f6101,Oderzo,45.78346,12.49397,physical_land,dpcn-veneto,MeteoHub /api/observations,ERA5_sampled_at_coordinate,DPC_regional_observation,True,True,False,True,,observed_in_snapshot; observed_snapshots=3. Official DPC/regional station observed in at least one selected MeteoHub time window; an offline station may be absent.
LAND::MH::dpcn-veneto::25b083e6b97a,Volpago CMT,45.78502,12.11305,physical_land,dpcn-veneto,MeteoHub /api/observations,ERA5_sampled_at_coordinate,DPC_regional_observation,True,True,False,True,,observed_in_snapshot; observed_snapshots=3. Official DPC/regional station observed in at least one selected MeteoHub time window; an offline station may be absent.
LAND::MH::dpcn-veneto::bf8bf27e8fd4,Gorgo Monticano,45.78572,12.53899,physical_land,dpcn-veneto,MeteoHub /api/observations,ERA5_sampled_at_coordinate,DPC_regional_observation,True,True,False,True,,observed_in_snapshot; observed_snapshots=3. Official DPC/regional station observed in at least one selected MeteoHub time window; an offline station may be absent.
LAND::MH::dpcn-veneto::0d90cce14511,Portogruaro,45.78668,12.83849,physical_land,dpcn-veneto,MeteoHub /api/observations,ERA5_sampled_at_coordinate,DPC_regional_observation,True,True,False,True,,observed_in_snapshot; observed_snapshots=3. Official DPC/regional station observed in at least one selected MeteoHub time window; an offline station may be absent.
LAND::MH::arpafvg::ce54e92dd8fa,Monfalcone pluvio,45.79651,13.51151,physical_land,arpafvg,MeteoHub /api/observations,ERA5_sampled_at_coordinate,DPC_regional_observation,True,True,False,True,,observed_in_snapshot; observed_snapshots=3. Official DPC/regional station observed in at least one selected MeteoHub time window; an offline station may be absent.
LAND::MH::dpcn-veneto::11755c26b1ca,Meduna di Livenza,45.80511,12.61058,physical_land,dpcn-veneto,MeteoHub /api/observations,ERA5_sampled_at_coordinate,DPC_regional_observation,True,True,False,True,,observed_in_snapshot; observed_snapshots=3. Official DPC/regional station observed in at least one selected MeteoHub time window; an offline station may be absent.
LAND::MH::arpafvg::456d8f8fed63,Palazzolo dello Stella,45.8057,13.0526,physical_land,arpafvg,MeteoHub /api/observations,ERA5_sampled_at_coordinate,DPC_regional_observation,True,True,False,True,,observed_in_snapshot; observed_snapshots=3. Official DPC/regional station observed in at least one selected MeteoHub time window; an offline station may be absent.
LAND::MH::dpcn-veneto::0c88e21d8d39,Vazzola CMT,45.81169,12.3419,physical_land,dpcn-veneto,MeteoHub /api/observations,ERA5_sampled_at_coordinate,DPC_regional_observation,True,True,False,True,,observed_in_snapshot; observed_snapshots=3. Official DPC/regional station observed in at least one selected MeteoHub time window; an offline station may be absent.
LAND::MH::dpcn-veneto::435060277784,Nervesa della Battaglia CMT,45.81684,12.2018,physical_land,dpcn-veneto,MeteoHub /api/observations,ERA5_sampled_at_coordinate,DPC_regional_observation,True,True,False,True,,observed_in_snapshot; observed_snapshots=3. Official DPC/regional station observed in at least one selected MeteoHub time window; an offline station may be absent.
LAND::MH::arpafvg::24b2d0557d94,Torviscosa,45.81882,13.27557,physical_land,arpafvg,MeteoHub /api/observations,ERA5_sampled_at_coordinate,DPC_regional_observation,True,True,False,True,,observed_in_snapshot; observed_snapshots=3. Official DPC/regional station observed in at least one selected MeteoHub time window; an offline station may be absent.
LAND::MH::dpcn-veneto::e09faa291667,Nervesa d.Battaglia,45.83097,12.2062,physical_land,dpcn-veneto,MeteoHub /api/observations,ERA5_sampled_at_coordinate,DPC_regional_observation,True,True,False,True,,observed_in_snapshot; observed_snapshots=3. Official DPC/regional station observed in at least one selected MeteoHub time window; an offline station may be absent.
LAND::MH::arpafvg::62f728ca0bdb,Zavattina T.Cormor,45.8336,13.15991,physical_land,arpafvg,MeteoHub /api/observations,ERA5_sampled_at_coordinate,DPC_regional_observation,True,True,False,True,,observed_in_snapshot; observed_snapshots=3. Official DPC/regional station observed in at least one selected MeteoHub time window; an offline station may be absent.
LAND::MH::dpcn-veneto::606bccf306b5,Fontanelle,45.83695,12.43992,physical_land,dpcn-veneto,MeteoHub /api/observations,ERA5_sampled_at_coordinate,DPC_regional_observation,True,True,False,True,,observed_in_snapshot; observed_snapshots=3. Official DPC/regional station observed in at least one selected MeteoHub time window; an offline station may be absent.
LAND::MH::dpcn-veneto::f8cf58e58f99,Stallis,45.83913,12.8613,physical_land,dpcn-veneto,MeteoHub /api/observations,ERA5_sampled_at_coordinate,DPC_regional_observation,True,True,False,True,,observed_in_snapshot; observed_snapshots=3. Official DPC/regional station observed in at least one selected MeteoHub time window; an offline station may be absent.
LAND::MH::arpafvg::ebba2b68a031,Mure,45.84032,12.80513,physical_land,arpafvg,MeteoHub /api/observations,ERA5_sampled_at_coordinate,DPC_regional_observation,True,True,False,True,,observed_in_snapshot; observed_snapshots=3. Official DPC/regional station observed in at least one selected MeteoHub time window; an offline station may be absent.
LAND::MH::arpafvg::2a95fdd8e55a,Doberdo',45.84298,13.5473,physical_land,arpafvg,MeteoHub /api/observations,ERA5_sampled_at_coordinate,DPC_regional_observation,True,True,False,True,,observed_in_snapshot; observed_snapshots=3. Official DPC/regional station observed in at least one selected MeteoHub time window; an offline station may be absent.
LAND::MH::arpafvg::e5c811c744eb,Squarzare,45.84396,12.61769,physical_land,arpafvg,MeteoHub /api/observations,ERA5_sampled_at_coordinate,DPC_regional_observation,True,True,False,True,,observed_in_snapshot; observed_snapshots=3. Official DPC/regional station observed in at least one selected MeteoHub time window; an offline station may be absent.
LAND::MH::arpafvg::ed01dbfad1d3,Cervignano del Friuli,45.84949,13.33702,physical_land,arpafvg,MeteoHub /api/observations,ERA5_sampled_at_coordinate,DPC_regional_observation,True,True,False,True,,observed_in_snapshot; observed_snapshots=3. Official DPC/regional station observed in at least one selected MeteoHub time window; an offline station may be absent.
LAND::MH::dpcn-veneto::456e485f5a68,Vazzola,45.85057,12.39256,physical_land,dpcn-veneto,MeteoHub /api/observations,ERA5_sampled_at_coordinate,DPC_regional_observation,True,True,False,True,,observed_in_snapshot; observed_snapshots=3. Official DPC/regional station observed in at least one selected MeteoHub time window; an offline station may be absent.
LAND::MH::dpcn-veneto::1bb667d5cede,Portobuffole',45.85067,12.53638,physical_land,dpcn-veneto,MeteoHub /api/observations,ERA5_sampled_at_coordinate,DPC_regional_observation,True,True,False,True,,observed_in_snapshot; observed_snapshots=3. Official DPC/regional station observed in at least one selected MeteoHub time window; an offline station may be absent.
LAND::MH::arpafvg::6be83b5eadbb,Villotta di Chions,45.85504,12.75757,physical_land,arpafvg,MeteoHub /api/observations,ERA5_sampled_at_coordinate,DPC_regional_observation,True,True,False,True,,observed_in_snapshot; observed_snapshots=3. Official DPC/regional station observed in at least one selected MeteoHub time window; an offline station may be absent.
LAND::MH::dpcn-veneto::2b24a4e477e5,S.Cassiano,45.8624,12.53184,physical_land,dpcn-veneto,MeteoHub /api/observations,ERA5_sampled_at_coordinate,DPC_regional_observation,True,True,False,True,,observed_in_snapshot; observed_snapshots=3. Official DPC/regional station observed in at least one selected MeteoHub time window; an offline station may be absent.
LAND::MH::arpafvg::cb879071856a,Ariis - ETPI FVG,45.87169,13.08357,physical_land,arpafvg,MeteoHub /api/observations,ERA5_sampled_at_coordinate,DPC_regional_observation,True,True,False,True,,observed_in_snapshot; observed_snapshots=3. Official DPC/regional station observed in at least one selected MeteoHub time window; an offline station may be absent.
LAND::MH::arpafvg::34a02b7fd939,Zuiano,45.87403,12.71302,physical_land,arpafvg,MeteoHub /api/observations,ERA5_sampled_at_coordinate,DPC_regional_observation,True,True,False,True,,observed_in_snapshot; observed_snapshots=3. Official DPC/regional station observed in at least one selected MeteoHub time window; an offline station may be absent.
LAND::MH::dpcn-veneto::af1273c9b7ef,Conegliano Veneto CMT,45.88132,12.28233,physical_land,dpcn-veneto,MeteoHub /api/observations,ERA5_sampled_at_coordinate,DPC_regional_observation,True,True,False,True,,observed_in_snapshot; observed_snapshots=3. Official DPC/regional station observed in at least one selected MeteoHub time window; an offline station may be absent.
LAND::MH::arpafvg::810726b70ba4,Talmassons,45.88231,13.15578,physical_land,arpafvg,MeteoHub /api/observations,ERA5_sampled_at_coordinate,DPC_regional_observation,True,True,False,True,,observed_in_snapshot; observed_snapshots=3. Official DPC/regional station observed in at least one selected MeteoHub time window; an offline station may be absent.
LAND::MH::arpafvg::390224c15045,Gradisca d'Is.,45.88979,13.48181,physical_land,arpafvg,MeteoHub /api/observations,ERA5_sampled_at_coordinate,DPC_regional_observation,True,True,False,True,,observed_in_snapshot; observed_snapshots=3. Official DPC/regional station observed in at least one selected MeteoHub time window; an offline station may be absent.
LAND::MH::dpcn-veneto::cbedec5532df,Gaiarine CMT,45.89218,12.49349,physical_land,dpcn-veneto,MeteoHub /api/observations,ERA5_sampled_at_coordinate,DPC_regional_observation,True,True,False,True,,observed_in_snapshot; observed_snapshots=3. Official DPC/regional station observed in at least one selected MeteoHub time window; an offline station may be absent.
LAND::MH::arpafvg::6b511bb5b2fa,San Vito al Tgl.,45.89566,12.81499,physical_land,arpafvg,MeteoHub /api/observations,ERA5_sampled_at_coordinate,DPC_regional_observation,True,True,False,True,,observed_in_snapshot; observed_snapshots=3. Official DPC/regional station observed in at least one selected MeteoHub time window; an offline station may be absent.
LAND::MH::arpafvg::89c6b9541fa8,Gorizia Aeroporto,45.91039,13.5955,physical_land,arpafvg,MeteoHub /api/observations,ERA5_sampled_at_coordinate,DPC_regional_observation,True,True,False,True,,observed_in_snapshot; observed_snapshots=3. Official DPC/regional station observed in at least one selected MeteoHub time window; an offline station may be absent.
LAND::MH::arpafvg::2d3fd29f356b,Palmanova,45.9109,13.33325,physical_land,arpafvg,MeteoHub /api/observations,ERA5_sampled_at_coordinate,DPC_regional_observation,True,True,False,True,,observed_in_snapshot; observed_snapshots=3. Official DPC/regional station observed in at least one selected MeteoHub time window; an offline station may be absent.
LAND::MH::arpafvg::0dbdf79c33fc,S.Andrat del Cormor,45.91442,13.1619,physical_land,arpafvg,MeteoHub /api/observations,ERA5_sampled_at_coordinate,DPC_regional_observation,True,True,False,True,,observed_in_snapshot; observed_snapshots=3. Official DPC/regional station observed in at least one selected MeteoHub time window; an offline station may be absent.
LAND::MH::arpafvg::70108a2fdb1a,Brugnera,45.91797,12.545,physical_land,arpafvg,MeteoHub /api/observations,ERA5_sampled_at_coordinate,DPC_regional_observation,True,True,False,True,,observed_in_snapshot; observed_snapshots=3. Official DPC/regional station observed in at least one selected MeteoHub time window; an offline station may be absent.
LAND::MH::arpafvg::164697885181,Porcia,45.92178,12.61419,physical_land,arpafvg,MeteoHub /api/observations,ERA5_sampled_at_coordinate,DPC_regional_observation,True,True,False,True,,observed_in_snapshot; observed_snapshots=3. Official DPC/regional station observed in at least one selected MeteoHub time window; an offline station may be absent.
LAND::MH::arpafvg::23e398ba97ee,Bicinicco,45.92881,13.24014,physical_land,arpafvg,MeteoHub /api/observations,ERA5_sampled_at_coordinate,DPC_regional_observation,True,True,False,True,,observed_in_snapshot; observed_snapshots=3. Official DPC/regional station observed in at least one selected MeteoHub time window; an offline station may be absent.
LAND::MH::arpafvg::fe9f3f881cbb,Gorizia - sede ARPA FVG,45.93043,13.62839,physical_land,arpafvg,MeteoHub /api/observations,ERA5_sampled_at_coordinate,DPC_regional_observation,True,True,False,True,,observed_in_snapshot; observed_snapshots=3. Official DPC/regional station observed in at least one selected MeteoHub time window; an offline station may be absent.
LAND::MH::dpcn-veneto::d15e751fb5a5,M.te Cesen CMT,45.94524,12.02088,physical_land,dpcn-veneto,MeteoHub /api/observations,ERA5_sampled_at_coordinate,DPC_regional_observation,True,True,False,True,,observed_in_snapshot; observed_snapshots=3. Official DPC/regional station observed in at least one selected MeteoHub time window; an offline station may be absent.
LAND::MH::dpcn-veneto::07653c27160c,Cordignano,45.94836,12.4152,physical_land,dpcn-veneto,MeteoHub /api/observations,ERA5_sampled_at_coordinate,DPC_regional_observation,True,True,False,True,,observed_in_snapshot; observed_snapshots=3. Official DPC/regional station observed in at least one selected MeteoHub time window; an offline station may be absent.
LAND::MH::arpafvg::5bd6e19ba712,Lestizza,45.9512,13.13535,physical_land,arpafvg,MeteoHub /api/observations,ERA5_sampled_at_coordinate,DPC_regional_observation,True,True,False,True,,observed_in_snapshot; observed_snapshots=3. Official DPC/regional station observed in at least one selected MeteoHub time window; an offline station may be absent.
LAND::MH::arpafvg::19b77a882559,Codroipo,45.95236,13.00274,physical_land,arpafvg,MeteoHub /api/observations,ERA5_sampled_at_coordinate,DPC_regional_observation,True,True,False,True,,observed_in_snapshot; observed_snapshots=3. Official DPC/regional station observed in at least one selected MeteoHub time window; an offline station may be absent.
LAND::MH::dpcn-veneto::7b7d10e140fa,Follina CMT,45.95703,12.11708,physical_land,dpcn-veneto,MeteoHub /api/observations,ERA5_sampled_at_coordinate,DPC_regional_observation,True,True,False,True,,observed_in_snapshot; observed_snapshots=3. Official DPC/regional station observed in at least one selected MeteoHub time window; an offline station may be absent.
LAND::MH::arpafvg::37f48aea10e6,Capriva del Friuli,45.95809,13.51233,physical_land,arpafvg,MeteoHub /api/observations,ERA5_sampled_at_coordinate,DPC_regional_observation,True,True,False,True,,observed_in_snapshot; observed_snapshots=3. Official DPC/regional station observed in at least one selected MeteoHub time window; an offline station may be absent.
LAND::MH::arpafvg::f8d8b6ca1025,Pordenone Meteo,45.95862,12.64969,physical_land,arpafvg,MeteoHub /api/observations,ERA5_sampled_at_coordinate,DPC_regional_observation,True,True,False,True,,observed_in_snapshot; observed_snapshots=3. Official DPC/regional station observed in at least one selected MeteoHub time window; an offline station may be absent.
LAND::MH::dpcn-veneto::f6638e1b0453,Borgo Campion,45.95928,12.34003,physical_land,dpcn-veneto,MeteoHub /api/observations,ERA5_sampled_at_coordinate,DPC_regional_observation,True,True,False,True,,observed_in_snapshot; observed_snapshots=3. Official DPC/regional station observed in at least one selected MeteoHub time window; an offline station may be absent.
LAND::MH::arpafvg::401030612260,Ponte Delizia,45.96492,12.90339,physical_land,arpafvg,MeteoHub /api/observations,ERA5_sampled_at_coordinate,DPC_regional_observation,True,True,False,True,,observed_in_snapshot; observed_snapshots=3. Official DPC/regional station observed in at least one selected MeteoHub time window; an offline station may be absent.
LAND::MH::arpafvg::76929f5d2fad,Cormons,45.97667,13.45356,physical_land,arpafvg,MeteoHub /api/observations,ERA5_sampled_at_coordinate,DPC_regional_observation,True,True,False,True,,observed_in_snapshot; observed_snapshots=3. Official DPC/regional station observed in at least one selected MeteoHub time window; an offline station may be absent.
LAND::MH::arpafvg::553892daf991,Scedina - San Floriano,45.97707,13.59432,physical_land,arpafvg,MeteoHub /api/observations,ERA5_sampled_at_coordinate,DPC_regional_observation,True,True,False,True,,observed_in_snapshot; observed_snapshots=3. Official DPC/regional station observed in at least one selected MeteoHub time window; an offline station may be absent.
LAND::MH::arpafvg::0129f41d4c75,Lauzacco,45.98205,13.27254,physical_land,arpafvg,MeteoHub /api/observations,ERA5_sampled_at_coordinate,DPC_regional_observation,True,True,False,True,,observed_in_snapshot; observed_snapshots=3. Official DPC/regional station observed in at least one selected MeteoHub time window; an offline station may be absent.
LAND::MH::dpcn-veneto::4c26cf7c515f,Vittorio Veneto CMT,45.98539,12.3076,physical_land,dpcn-veneto,MeteoHub /api/observations,ERA5_sampled_at_coordinate,DPC_regional_observation,True,True,False,True,,observed_in_snapshot; observed_snapshots=3. Official DPC/regional station observed in at least one selected MeteoHub time window; an offline station may be absent.
LAND::MH::dpcn-veneto::ebba6bfaeb8e,Nogarolo di Tarzo,45.98658,12.24608,physical_land,dpcn-veneto,MeteoHub /api/observations,ERA5_sampled_at_coordinate,DPC_regional_observation,True,True,False,True,,observed_in_snapshot; observed_snapshots=3. Official DPC/regional station observed in at least one selected MeteoHub time window; an offline station may be absent.
LAND::MH::dpcn-veneto::ca90db14046e,Vittorio Veneto,45.99068,12.30033,physical_land,dpcn-veneto,MeteoHub /api/observations,ERA5_sampled_at_coordinate,DPC_regional_observation,True,True,False,True,,observed_in_snapshot; observed_snapshots=3. Official DPC/regional station observed in at least one selected MeteoHub time window; an offline station may be absent.
LAND::MH::arpafvg::3de9ad0be10d,Pavia di Udine,45.99203,13.29652,physical_land,arpafvg,MeteoHub /api/observations,ERA5_sampled_at_coordinate,DPC_regional_observation,True,True,False,True,,observed_in_snapshot; observed_snapshots=3. Official DPC/regional station observed in at least one selected MeteoHub time window; an offline station may be absent.
LAND::MH::arpafvg::2ff36bdc2abd,Forcate,45.99844,12.5886,physical_land,arpafvg,MeteoHub /api/observations,ERA5_sampled_at_coordinate,DPC_regional_observation,True,True,False,True,,observed_in_snapshot; observed_snapshots=3. Official DPC/regional station observed in at least one selected MeteoHub time window; an offline station may be absent.
LAND::MH::arpafvg::8b788f0f92f7,Buttrio,46.00439,13.35599,physical_land,arpafvg,MeteoHub /api/observations,ERA5_sampled_at_coordinate,DPC_regional_observation,True,True,False,True,,observed_in_snapshot; observed_snapshots=3. Official DPC/regional station observed in at least one selected MeteoHub time window; an offline station may be absent.
LAND::MH::arpafvg::e2f0c8dff256,Cordenons,46.00923,12.70049,physical_land,arpafvg,MeteoHub /api/observations,ERA5_sampled_at_coordinate,DPC_regional_observation,True,True,False,True,,observed_in_snapshot; observed_snapshots=3. Official DPC/regional station observed in at least one selected MeteoHub time window; an offline station may be absent.
LAND::MH::arpafvg::1e99113dc775,Pantianicco,46.01419,13.03931,physical_land,arpafvg,MeteoHub /api/observations,ERA5_sampled_at_coordinate,DPC_regional_observation,True,True,False,True,,observed_in_snapshot; observed_snapshots=3. Official DPC/regional station observed in at least one selected MeteoHub time window; an offline station may be absent.
LAND::MH::arpafvg::8d6b57541130,Arzenutto,46.01659,12.87055,physical_land,arpafvg,MeteoHub /api/observations,ERA5_sampled_at_coordinate,DPC_regional_observation,True,True,False,True,,observed_in_snapshot; observed_snapshots=3. Official DPC/regional station observed in at least one selected MeteoHub time window; an offline station may be absent.
LAND::MH::arpafvg::e421513c8b9c,Udine S.O.,46.03521,13.22667,physical_land,arpafvg,MeteoHub /api/observations,ERA5_sampled_at_coordinate,DPC_regional_observation,True,True,False,True,,observed_in_snapshot; observed_snapshots=3. Official DPC/regional station observed in at least one selected MeteoHub time window; an offline station may be absent.
LAND::MH::arpafvg::d71f5ee4a6da,Pradamano,46.04425,13.30304,physical_land,arpafvg,MeteoHub /api/observations,ERA5_sampled_at_coordinate,DPC_regional_observation,True,True,False,True,,observed_in_snapshot; observed_snapshots=3. Official DPC/regional station observed in at least one selected MeteoHub time window; an offline station may be absent.
LAND::MH::arpafvg::745c82c513d3,Grions,46.04757,12.98174,physical_land,arpafvg,MeteoHub /api/observations,ERA5_sampled_at_coordinate,DPC_regional_observation,True,True,False,True,,observed_in_snapshot; observed_snapshots=3. Official DPC/regional station observed in at least one selected MeteoHub time window; an offline station may be absent.
LAND::MH::arpafvg::4528368bd364,Col della Gallina Meteo,46.05528,12.46194,physical_land,arpafvg,MeteoHub /api/observations,ERA5_sampled_at_coordinate,DPC_regional_observation,True,True,False,True,,observed_in_snapshot; observed_snapshots=3. Official DPC/regional station observed in at least one selected MeteoHub time window; an offline station may be absent.
LAND::MH::arpafvg::dc4743369351,Colloredo di Prato,46.05721,13.13957,physical_land,arpafvg,MeteoHub /api/observations,ERA5_sampled_at_coordinate,DPC_regional_observation,True,True,False,True,,observed_in_snapshot; observed_snapshots=3. Official DPC/regional station observed in at least one selected MeteoHub time window; an offline station may be absent.
LAND::MH::arpafvg::0da1ac0aaf08,Orzano,46.06173,13.35802,physical_land,arpafvg,MeteoHub /api/observations,ERA5_sampled_at_coordinate,DPC_regional_observation,True,True,False,True,,observed_in_snapshot; observed_snapshots=3. Official DPC/regional station observed in at least one selected MeteoHub time window; an offline station may be absent.
LAND::MH::arpafvg::97e5f092a701,Aviano,46.06435,12.60278,physical_land,arpafvg,MeteoHub /api/observations,ERA5_sampled_at_coordinate,DPC_regional_observation,True,True,False,True,,observed_in_snapshot; observed_snapshots=3. Official DPC/regional station observed in at least one selected MeteoHub time window; an offline station may be absent.
LAND::MH::arpafvg::f18b2f4a83a5,Udine,46.06495,13.23657,physical_land,arpafvg,MeteoHub /api/observations,ERA5_sampled_at_coordinate,DPC_regional_observation,True,True,False,True,,observed_in_snapshot; observed_snapshots=3. Official DPC/regional station observed in at least one selected MeteoHub time window; an offline station may be absent.
LAND::MH::dpcn-veneto::b6c0dc1ce998,Faverghera,46.07508,12.30125,physical_land,dpcn-veneto,MeteoHub /api/observations,ERA5_sampled_at_coordinate,DPC_regional_observation,True,True,False,True,,observed_in_snapshot; observed_snapshots=3. Official DPC/regional station observed in at least one selected MeteoHub time window; an offline station may be absent.
LAND::MH::arpafvg::c1d477407ea9,Vivaro,46.07653,12.76881,physical_land,arpafvg,MeteoHub /api/observations,ERA5_sampled_at_coordinate,DPC_regional_observation,True,True,False,True,,observed_in_snapshot; observed_snapshots=3. Official DPC/regional station observed in at least one selected MeteoHub time window; an offline station may be absent.
LAND::MH::dpcn-veneto::56706c9697f1,Cansiglio - Tramedere CMT,46.07748,12.41477,physical_land,dpcn-veneto,MeteoHub /api/observations,ERA5_sampled_at_coordinate,DPC_regional_observation,True,True,False,True,,observed_in_snapshot; observed_snapshots=3. Official DPC/regional station observed in at least one selected MeteoHub time window; an offline station may be absent.
LAND::MH::arpafvg::efed1d44ed86,Cividale del Friuli,46.08044,13.42001,physical_land,arpafvg,MeteoHub /api/observations,ERA5_sampled_at_coordinate,DPC_regional_observation,True,True,False,True,,observed_in_snapshot; observed_snapshots=3. Official DPC/regional station observed in at least one selected MeteoHub time window; an offline station may be absent.
LAND::MH::arpafvg::7047a649d3ea,Basaldella di Vivaro,46.08819,12.79055,physical_land,arpafvg,MeteoHub /api/observations,ERA5_sampled_at_coordinate,DPC_regional_observation,True,True,False,True,,observed_in_snapshot; observed_snapshots=3. Official DPC/regional station observed in at least one selected MeteoHub time window; an offline station may be absent.
LAND::MH::arpafvg::73c0a15aa7de,Cividale T.P.,46.09665,13.41836,physical_land,arpafvg,MeteoHub /api/observations,ERA5_sampled_at_coordinate,DPC_regional_observation,True,True,False,True,,observed_in_snapshot; observed_snapshots=3. Official DPC/regional station observed in at least one selected MeteoHub time window; an offline station may be absent.
LAND::MH::arpafvg::0a3c2dc417bb,Fagagna,46.10169,13.07389,physical_land,arpafvg,MeteoHub /api/observations,ERA5_sampled_at_coordinate,DPC_regional_observation,True,True,False,True,,observed_in_snapshot; observed_snapshots=3. Official DPC/regional station observed in at least one selected MeteoHub time window; an offline station may be absent.
LAND::MH::arpafvg::482a79df19ef,Spilimbergo,46.10858,12.88253,physical_land,arpafvg,MeteoHub /api/observations,ERA5_sampled_at_coordinate,DPC_regional_observation,True,True,False,True,,observed_in_snapshot; observed_snapshots=3. Official DPC/regional station observed in at least one selected MeteoHub time window; an offline station may be absent.
LAND::MH::arpafvg::4a4f31331600,San Pietro al Natisone,46.11426,13.4868,physical_land,arpafvg,MeteoHub /api/observations,ERA5_sampled_at_coordinate,DPC_regional_observation,True,True,False,True,,observed_in_snapshot; observed_snapshots=3. Official DPC/regional station observed in at least one selected MeteoHub time window; an offline station may be absent.
LAND::MH::arpafvg::3bcee3029597,Piancavallo,46.11492,12.52439,physical_land,arpafvg,MeteoHub /api/observations,ERA5_sampled_at_coordinate,DPC_regional_observation,True,True,False,True,,observed_in_snapshot; observed_snapshots=3. Official DPC/regional station observed in at least one selected MeteoHub time window; an offline station may be absent.
LAND::MH::arpafvg::f1d31dcc6cf6,Adegliacco,46.11524,13.229,physical_land,arpafvg,MeteoHub /api/observations,ERA5_sampled_at_coordinate,DPC_regional_observation,True,True,False,True,,observed_in_snapshot; observed_snapshots=3. Official DPC/regional station observed in at least one selected MeteoHub time window; an offline station may be absent.
LAND::MH::arpafvg::2b77dafc791b,Alnicco,46.11783,13.16578,physical_land,arpafvg,MeteoHub /api/observations,ERA5_sampled_at_coordinate,DPC_regional_observation,True,True,False,True,,observed_in_snapshot; observed_snapshots=3. Official DPC/regional station observed in at least one selected MeteoHub time window; an offline station may be absent.
LAND::MH::dpcn-veneto::dc519f68c76b,Casera Palantina,46.11894,12.47589,physical_land,dpcn-veneto,MeteoHub /api/observations,ERA5_sampled_at_coordinate,DPC_regional_observation,True,True,False,True,,observed_in_snapshot; observed_snapshots=3. Official DPC/regional station observed in at least one selected MeteoHub time window; an offline station may be absent.
LAND::MH::dpcn-veneto::10fb5bb2827a,Malga Col Indes CMT,46.11907,12.44016,physical_land,dpcn-veneto,MeteoHub /api/observations,ERA5_sampled_at_coordinate,DPC_regional_observation,True,True,False,True,,observed_in_snapshot; observed_snapshots=3. Official DPC/regional station observed in at least one selected MeteoHub time window; an offline station may be absent.
LAND::MH::arpafvg::9eb3a071e23e,Povoletto,46.12291,13.30914,physical_land,arpafvg,MeteoHub /api/observations,ERA5_sampled_at_coordinate,DPC_regional_observation,True,True,False,True,,observed_in_snapshot; observed_snapshots=3. Official DPC/regional station observed in at least one selected MeteoHub time window; an offline station may be absent.
LAND::MH::dpcn-veneto::4fd3eb3b5a9c,La Secca,46.12987,12.3183,physical_land,dpcn-veneto,MeteoHub /api/observations,ERA5_sampled_at_coordinate,DPC_regional_observation,True,True,False,True,,observed_in_snapshot; observed_snapshots=3. Official DPC/regional station observed in at least one selected MeteoHub time window; an offline station may be absent.
LAND::MH::dpcn-veneto::643442527e7d,Belluno,46.13422,12.21859,physical_land,dpcn-veneto,MeteoHub /api/observations,ERA5_sampled_at_coordinate,DPC_regional_observation,True,True,False,True,,observed_in_snapshot; observed_snapshots=3. Official DPC/regional station observed in at least one selected MeteoHub time window; an offline station may be absent.
LAND::MH::dpcn-veneto::0ed24971906a,Belluno 2,46.13503,12.21827,physical_land,dpcn-veneto,MeteoHub /api/observations,ERA5_sampled_at_coordinate,DPC_regional_observation,True,True,False,True,,observed_in_snapshot; observed_snapshots=3. Official DPC/regional station observed in at least one selected MeteoHub time window; an offline station may be absent.
LAND::MH::arpafvg::4a0ef6b0fdb9,Arba,46.14261,12.80824,physical_land,arpafvg,MeteoHub /api/observations,ERA5_sampled_at_coordinate,DPC_regional_observation,True,True,False,True,,observed_in_snapshot; observed_snapshots=3. Official DPC/regional station observed in at least one selected MeteoHub time window; an offline station may be absent.
LAND::MH::arpafvg::d984810ae02f,Vacile,46.1443,12.88779,physical_land,arpafvg,MeteoHub /api/observations,ERA5_sampled_at_coordinate,DPC_regional_observation,True,True,False,True,,observed_in_snapshot; observed_snapshots=3. Official DPC/regional station observed in at least one selected MeteoHub time window; an offline station may be absent.
LAND::MH::arpafvg::15e76971d88f,Tricesimo,46.15142,13.21407,physical_land,arpafvg,MeteoHub /api/observations,ERA5_sampled_at_coordinate,DPC_regional_observation,True,True,False,True,,observed_in_snapshot; observed_snapshots=3. Official DPC/regional station observed in at least one selected MeteoHub time window; an offline station may be absent.
LAND::MH::dpcn-veneto::6eafbff5b678,Ponte Mas,46.15431,12.12522,physical_land,dpcn-veneto,MeteoHub /api/observations,ERA5_sampled_at_coordinate,DPC_regional_observation,True,True,False,True,,observed_in_snapshot; observed_snapshots=3. Official DPC/regional station observed in at least one selected MeteoHub time window; an offline station may be absent.
LAND::MH::arpafvg::e67bb798c470,San Daniele del Friuli,46.15702,13.01397,physical_land,arpafvg,MeteoHub /api/observations,ERA5_sampled_at_coordinate,DPC_regional_observation,True,True,False,True,,observed_in_snapshot; observed_snapshots=3. Official DPC/regional station observed in at least one selected MeteoHub time window; an offline station may be absent.
LAND::MH::arpafvg::be68509d7cce,Pala d'Altei,46.15729,12.59772,physical_land,arpafvg,MeteoHub /api/observations,ERA5_sampled_at_coordinate,DPC_regional_observation,True,True,False,True,,observed_in_snapshot; observed_snapshots=3. Official DPC/regional station observed in at least one selected MeteoHub time window; an offline station may be absent.
LAND::MH::dpcn-veneto::c003fef260a9,Belluno Aerop. CMT,46.16468,12.24471,physical_land,dpcn-veneto,MeteoHub /api/observations,ERA5_sampled_at_coordinate,DPC_regional_observation,True,True,False,True,,observed_in_snapshot; observed_snapshots=3. Official DPC/regional station observed in at least one selected MeteoHub time window; an offline station may be absent.
LAND::MH::arpafvg::e27684a57083,S.Volfango,46.1649,13.64252,physical_land,arpafvg,MeteoHub /api/observations,ERA5_sampled_at_coordinate,DPC_regional_observation,True,True,False,True,,observed_in_snapshot; observed_snapshots=3. Official DPC/regional station observed in at least one selected MeteoHub time window; an offline station may be absent.
LAND::MH::arpafvg::77370e84fcb3,Zompitta Meteo,46.17142,13.25492,physical_land,arpafvg,MeteoHub /api/observations,ERA5_sampled_at_coordinate,DPC_regional_observation,True,True,False,True,,observed_in_snapshot; observed_snapshots=3. Official DPC/regional station observed in at least one selected MeteoHub time window; an offline station may be absent.
LAND::MH::arpafvg::b9565fa46a58,Pulfero,46.17319,13.4833,physical_land,arpafvg,MeteoHub /api/observations,ERA5_sampled_at_coordinate,DPC_regional_observation,True,True,False,True,,observed_in_snapshot; observed_snapshots=3. Official DPC/regional station observed in at least one selected MeteoHub time window; an offline station may be absent.
LAND::MH::arpafvg::c1e0d322dd8f,Maniago,46.17393,12.71869,physical_land,arpafvg,MeteoHub /api/observations,ERA5_sampled_at_coordinate,DPC_regional_observation,True,True,False,True,,observed_in_snapshot; observed_snapshots=3. Official DPC/regional station observed in at least one selected MeteoHub time window; an offline station may be absent.
LAND::MH::dpcn-veneto::8a193114b4ee,Roncadin,46.19073,12.40789,physical_land,dpcn-veneto,MeteoHub /api/observations,ERA5_sampled_at_coordinate,DPC_regional_observation,True,True,False,True,,observed_in_snapshot; observed_snapshots=3. Official DPC/regional station observed in at least one selected MeteoHub time window; an offline station may be absent.
LAND::MH::arpafvg::76aaefb3659a,Prescudin,46.19283,12.48901,physical_land,arpafvg,MeteoHub /api/observations,ERA5_sampled_at_coordinate,DPC_regional_observation,True,True,False,True,,observed_in_snapshot; observed_snapshots=3. Official DPC/regional station observed in at least one selected MeteoHub time window; an offline station may be absent.
LAND::MH::arpafvg::f1dc2114a780,Barcis,46.19284,12.56359,physical_land,arpafvg,MeteoHub /api/observations,ERA5_sampled_at_coordinate,DPC_regional_observation,True,True,False,True,,observed_in_snapshot; observed_snapshots=3. Official DPC/regional station observed in at least one selected MeteoHub time window; an offline station may be absent.
LAND::MH::arpafvg::bdc030218a30,Montemaggiore,46.19449,13.53292,physical_land,arpafvg,MeteoHub /api/observations,ERA5_sampled_at_coordinate,DPC_regional_observation,True,True,False,True,,observed_in_snapshot; observed_snapshots=3. Official DPC/regional station observed in at least one selected MeteoHub time window; an offline station may be absent.
LAND::MH::arpafvg::b345f5593801,Pala Barzana,46.19596,12.65909,physical_land,arpafvg,MeteoHub /api/observations,ERA5_sampled_at_coordinate,DPC_regional_observation,True,True,False,True,,observed_in_snapshot; observed_snapshots=3. Official DPC/regional station observed in at least one selected MeteoHub time window; an offline station may be absent.
LAND::MH::arpafvg::d4fe0141d8b0,Zeglianutto,46.19603,13.1534,physical_land,arpafvg,MeteoHub /api/observations,ERA5_sampled_at_coordinate,DPC_regional_observation,True,True,False,True,,observed_in_snapshot; observed_snapshots=3. Official DPC/regional station observed in at least one selected MeteoHub time window; an offline station may be absent.
LAND::MH::arpafvg::290bce18c3f3,Andreis,46.19888,12.61183,physical_land,arpafvg,MeteoHub /api/observations,ERA5_sampled_at_coordinate,DPC_regional_observation,True,True,False,True,,observed_in_snapshot; observed_snapshots=3. Official DPC/regional station observed in at least one selected MeteoHub time window; an offline station may be absent.
LAND::MH::arpafvg::362f3649c56e,Monte Matajur,46.21168,13.52911,physical_land,arpafvg,MeteoHub /api/observations,ERA5_sampled_at_coordinate,DPC_regional_observation,True,True,False,True,,observed_in_snapshot; observed_snapshots=3. Official DPC/regional station observed in at least one selected MeteoHub time window; an offline station may be absent.
LAND::MH::arpafvg::b5cedeb70638,Meduno,46.21791,12.77319,physical_land,arpafvg,MeteoHub /api/observations,ERA5_sampled_at_coordinate,DPC_regional_observation,True,True,False,True,,observed_in_snapshot; observed_snapshots=3. Official DPC/regional station observed in at least one selected MeteoHub time window; an offline station may be absent.
LAND::MH::arpafvg::545667803d84,Magnano in Riviera,46.22849,13.16132,physical_land,arpafvg,MeteoHub /api/observations,ERA5_sampled_at_coordinate,DPC_regional_observation,True,True,False,True,,observed_in_snapshot; observed_snapshots=3. Official DPC/regional station observed in at least one selected MeteoHub time window; an offline station may be absent.
LAND::MH::arpafvg::2716ce7b9eea,Clauzetto,46.2299,12.91797,physical_land,arpafvg,MeteoHub /api/observations,ERA5_sampled_at_coordinate,DPC_regional_observation,True,True,False,True,,observed_in_snapshot; observed_snapshots=3. Official DPC/regional station observed in at least one selected MeteoHub time window; an offline station may be absent.
LAND::MH::dpcn-veneto::b6ef2eb26e53,Fortogna CMT,46.23167,12.29032,physical_land,dpcn-veneto,MeteoHub /api/observations,ERA5_sampled_at_coordinate,DPC_regional_observation,True,True,False,True,,observed_in_snapshot; observed_snapshots=3. Official DPC/regional station observed in at least one selected MeteoHub time window; an offline station may be absent.
LAND::MH::arpafvg::b51f6e82303d,Malga Valine,46.23591,12.67612,physical_land,arpafvg,MeteoHub /api/observations,ERA5_sampled_at_coordinate,DPC_regional_observation,True,True,False,True,,observed_in_snapshot; observed_snapshots=3. Official DPC/regional station observed in at least one selected MeteoHub time window; an offline station may be absent.
LAND::MH::arpafvg::cfd11f9ce84b,Osoppo,46.23644,13.0714,physical_land,arpafvg,MeteoHub /api/observations,ERA5_sampled_at_coordinate,DPC_regional_observation,True,True,False,True,,observed_in_snapshot; observed_snapshots=3. Official DPC/regional station observed in at least one selected MeteoHub time window; an offline station may be absent.
LAND::MH::arpafvg::575aef1f4736,Tramonti Invaso,46.24056,12.75028,physical_land,arpafvg,MeteoHub /api/observations,ERA5_sampled_at_coordinate,DPC_regional_observation,True,True,False,True,,observed_in_snapshot; observed_snapshots=3. Official DPC/regional station observed in at least one selected MeteoHub time window; an offline station may be absent.
LAND::MH::arpafvg::304d3ce5c721,Monte Prat,46.2411,12.99317,physical_land,arpafvg,MeteoHub /api/observations,ERA5_sampled_at_coordinate,DPC_regional_observation,True,True,False,True,,observed_in_snapshot; observed_snapshots=3. Official DPC/regional station observed in at least one selected MeteoHub time window; an offline station may be absent.
LAND::MH::arpafvg::faedd0d510b8,Platischis,46.24283,13.38005,physical_land,arpafvg,MeteoHub /api/observations,ERA5_sampled_at_coordinate,DPC_regional_observation,True,True,False,True,,observed_in_snapshot; observed_snapshots=3. Official DPC/regional station observed in at least one selected MeteoHub time window; an offline station may be absent.
LAND::MH::arpafvg::d875517a18f5,Chievolis,46.25452,12.73404,physical_land,arpafvg,MeteoHub /api/observations,ERA5_sampled_at_coordinate,DPC_regional_observation,True,True,False,True,,observed_in_snapshot; observed_snapshots=3. Official DPC/regional station observed in at least one selected MeteoHub time window; an offline station may be absent.
LAND::MH::arpafvg::7202abea2720,Ca' Selva Invaso,46.25861,12.70056,physical_land,arpafvg,MeteoHub /api/observations,ERA5_sampled_at_coordinate,DPC_regional_observation,True,True,False,True,,observed_in_snapshot; observed_snapshots=3. Official DPC/regional station observed in at least one selected MeteoHub time window; an offline station may be absent.
LAND::MH::arpafvg::28a7d532cae0,Campone,46.25922,12.83135,physical_land,arpafvg,MeteoHub /api/observations,ERA5_sampled_at_coordinate,DPC_regional_observation,True,True,False,True,,observed_in_snapshot; observed_snapshots=3. Official DPC/regional station observed in at least one selected MeteoHub time window; an offline station may be absent.
LAND::MH::arpafvg::71b518aa58ae,Gemona del Friuli,46.2613,13.12209,physical_land,arpafvg,MeteoHub /api/observations,ERA5_sampled_at_coordinate,DPC_regional_observation,True,True,False,True,,observed_in_snapshot; observed_snapshots=3. Official DPC/regional station observed in at least one selected MeteoHub time window; an offline station may be absent.
LAND::MH::arpafvg::43121935da27,Claut Tre Pini,46.26356,12.50019,physical_land,arpafvg,MeteoHub /api/observations,ERA5_sampled_at_coordinate,DPC_regional_observation,True,True,False,True,,observed_in_snapshot; observed_snapshots=3. Official DPC/regional station observed in at least one selected MeteoHub time window; an offline station may be absent.
LAND::MH::arpafvg::3067c2805d0d,Ponte Sambo,46.26681,13.32935,physical_land,arpafvg,MeteoHub /api/observations,ERA5_sampled_at_coordinate,DPC_regional_observation,True,True,False,True,,observed_in_snapshot; observed_snapshots=3. Official DPC/regional station observed in at least one selected MeteoHub time window; an offline station may be absent.
LAND::MH::arpafvg::290851ae58ca,Erto e Casso,46.27774,12.37064,physical_land,arpafvg,MeteoHub /api/observations,ERA5_sampled_at_coordinate,DPC_regional_observation,True,True,False,True,,observed_in_snapshot; observed_snapshots=3. Official DPC/regional station observed in at least one selected MeteoHub time window; an offline station may be absent.
LAND::MH::dpcn-veneto::ee6c66a5ab00,Agordo CMT,46.27805,12.03319,physical_land,dpcn-veneto,MeteoHub /api/observations,ERA5_sampled_at_coordinate,DPC_regional_observation,True,True,False,True,,observed_in_snapshot; observed_snapshots=3. Official DPC/regional station observed in at least one selected MeteoHub time window; an offline station may be absent.
LAND::MH::arpafvg::1596949e1a25,Cimolais,46.28565,12.44085,physical_land,arpafvg,MeteoHub /api/observations,ERA5_sampled_at_coordinate,DPC_regional_observation,True,True,False,True,,observed_in_snapshot; observed_snapshots=3. Official DPC/regional station observed in at least one selected MeteoHub time window; an offline station may be absent.
LAND::MH::arpafvg::6fca44f7b2ab,Ca' Zul Invaso,46.29222,12.71611,physical_land,arpafvg,MeteoHub /api/observations,ERA5_sampled_at_coordinate,DPC_regional_observation,True,True,False,True,,observed_in_snapshot; observed_snapshots=3. Official DPC/regional station observed in at least one selected MeteoHub time window; an offline station may be absent.
LAND::MH::arpafvg::14debcc3b2a2,Casera Podestine,46.29734,12.60182,physical_land,arpafvg,MeteoHub /api/observations,ERA5_sampled_at_coordinate,DPC_regional_observation,True,True,False,True,,observed_in_snapshot; observed_snapshots=3. Official DPC/regional station observed in at least one selected MeteoHub time window; an offline station may be absent.
LAND::MH::arpafvg::0b73e17b7876,Tramonti di Sotto,46.29817,12.79312,physical_land,arpafvg,MeteoHub /api/observations,ERA5_sampled_at_coordinate,DPC_regional_observation,True,True,False,True,,observed_in_snapshot; observed_snapshots=3. Official DPC/regional station observed in at least one selected MeteoHub time window; an offline station may be absent.
LAND::MH::arpafvg::1421cf697844,Uccea,46.3065,13.40035,physical_land,arpafvg,MeteoHub /api/observations,ERA5_sampled_at_coordinate,DPC_regional_observation,True,True,False,True,,observed_in_snapshot; observed_snapshots=3. Official DPC/regional station observed in at least one selected MeteoHub time window; an offline station may be absent.
LAND::MH::arpafvg::f51b5ff39857,Musi ponte,46.30727,13.27258,physical_land,arpafvg,MeteoHub /api/observations,ERA5_sampled_at_coordinate,DPC_regional_observation,True,True,False,True,,observed_in_snapshot; observed_snapshots=3. Official DPC/regional station observed in at least one selected MeteoHub time window; an offline station may be absent.
LAND::MH::arpafvg::6c696d6afa7c,Alesso,46.30922,13.05566,physical_land,arpafvg,MeteoHub /api/observations,ERA5_sampled_at_coordinate,DPC_regional_observation,True,True,False,True,,observed_in_snapshot; observed_snapshots=3. Official DPC/regional station observed in at least one selected MeteoHub time window; an offline station may be absent.
LAND::MH::arpafvg::a2900db8be89,S.Francesco T.P.,46.31249,12.93636,physical_land,arpafvg,MeteoHub /api/observations,ERA5_sampled_at_coordinate,DPC_regional_observation,True,True,False,True,,observed_in_snapshot; observed_snapshots=3. Official DPC/regional station observed in at least one selected MeteoHub time window; an offline station may be absent.
LAND::MH::arpafvg::b2676fc60a26,Musi,46.31266,13.27468,physical_land,arpafvg,MeteoHub /api/observations,ERA5_sampled_at_coordinate,DPC_regional_observation,True,True,False,True,,observed_in_snapshot; observed_snapshots=3. Official DPC/regional station observed in at least one selected MeteoHub time window; an offline station may be absent.
LAND::MH::arpafvg::42a94acb4042,Rifugio Maniago,46.3207,12.39368,physical_land,arpafvg,MeteoHub /api/observations,ERA5_sampled_at_coordinate,DPC_regional_observation,True,True,False,True,,observed_in_snapshot; observed_snapshots=3. Official DPC/regional station observed in at least one selected MeteoHub time window; an offline station may be absent.
LAND::MH::arpafvg::4fb65c3074e6,Venzone Tagliamento,46.33526,13.1348,physical_land,arpafvg,MeteoHub /api/observations,ERA5_sampled_at_coordinate,DPC_regional_observation,True,True,False,True,,observed_in_snapshot; observed_snapshots=3. Official DPC/regional station observed in at least one selected MeteoHub time window; an offline station may be absent.
LAND::MH::arpafvg::25f95153902f,S.Simeone Meteo,46.34374,13.10505,physical_land,arpafvg,MeteoHub /api/observations,ERA5_sampled_at_coordinate,DPC_regional_observation,True,True,False,True,,observed_in_snapshot; observed_snapshots=3. Official DPC/regional station observed in at least one selected MeteoHub time window; an offline station may be absent.
LAND::MH::arpafvg::46aa90114cf1,Rifugio Pussa,46.34521,12.59097,physical_land,arpafvg,MeteoHub /api/observations,ERA5_sampled_at_coordinate,DPC_regional_observation,True,True,False,True,,observed_in_snapshot; observed_snapshots=3. Official DPC/regional station observed in at least one selected MeteoHub time window; an offline station may be absent.
LAND::MH::dpcn-veneto::a174ad3e47c7,Campo di Zoldo CMT,46.34667,12.18457,physical_land,dpcn-veneto,MeteoHub /api/observations,ERA5_sampled_at_coordinate,DPC_regional_observation,True,True,False,True,,observed_in_snapshot; observed_snapshots=3. Official DPC/regional station observed in at least one selected MeteoHub time window; an offline station may be absent.
LAND::MH::arpafvg::21c0fe1009a8,Coritis,46.34791,13.3922,physical_land,arpafvg,MeteoHub /api/observations,ERA5_sampled_at_coordinate,DPC_regional_observation,True,True,False,True,,observed_in_snapshot; observed_snapshots=3. Official DPC/regional station observed in at least one selected MeteoHub time window; an offline station may be absent.
LAND::MH::arpafvg::a8980eb2688b,Rest,46.35195,12.80256,physical_land,arpafvg,MeteoHub /api/observations,ERA5_sampled_at_coordinate,DPC_regional_observation,True,True,False,True,,observed_in_snapshot; observed_snapshots=3. Official DPC/regional station observed in at least one selected MeteoHub time window; an offline station may be absent.
LAND::MH::arpafvg::cda98496af84,Sella Chianzutan,46.3589,12.94029,physical_land,arpafvg,MeteoHub /api/observations,ERA5_sampled_at_coordinate,DPC_regional_observation,True,True,False,True,,observed_in_snapshot; observed_snapshots=3. Official DPC/regional station observed in at least one selected MeteoHub time window; an offline station may be absent.
LAND::MH::arpafvg::6a82404964df,Resia,46.3761,13.29567,physical_land,arpafvg,MeteoHub /api/observations,ERA5_sampled_at_coordinate,DPC_regional_observation,True,True,False,True,,observed_in_snapshot; observed_snapshots=3. Official DPC/regional station observed in at least one selected MeteoHub time window; an offline station may be absent.
LAND::MH::arpafvg::eb17a4ae77f2,Rifugio Pordenone,46.37867,12.4893,physical_land,arpafvg,MeteoHub /api/observations,ERA5_sampled_at_coordinate,DPC_regional_observation,True,True,False,True,,observed_in_snapshot; observed_snapshots=3. Official DPC/regional station observed in at least one selected MeteoHub time window; an offline station may be absent.
LAND::MH::arpafvg::646aee12a1f7,Sella Nevea,46.3906,13.47604,physical_land,arpafvg,MeteoHub /api/observations,ERA5_sampled_at_coordinate,DPC_regional_observation,True,True,False,True,,observed_in_snapshot; observed_snapshots=3. Official DPC/regional station observed in at least one selected MeteoHub time window; an offline station may be absent.
LAND::MH::arpafvg::4b7f9e506b25,Forni di Sotto,46.39282,12.71476,physical_land,arpafvg,MeteoHub /api/observations,ERA5_sampled_at_coordinate,DPC_regional_observation,True,True,False,True,,observed_in_snapshot; observed_snapshots=3. Official DPC/regional station observed in at least one selected MeteoHub time window; an offline station may be absent.
LAND::MH::dpcn-veneto::d1c1a1cc9cc1,Perarolo CMT,46.39415,12.35658,physical_land,dpcn-veneto,MeteoHub /api/observations,ERA5_sampled_at_coordinate,DPC_regional_observation,True,True,False,True,,observed_in_snapshot; observed_snapshots=3. Official DPC/regional station observed in at least one selected MeteoHub time window; an offline station may be absent.
LAND::MH::arpafvg::071dce28e184,Moggio Udinese,46.40013,13.1851,physical_land,arpafvg,MeteoHub /api/observations,ERA5_sampled_at_coordinate,DPC_regional_observation,True,True,False,True,,observed_in_snapshot; observed_snapshots=3. Official DPC/regional station observed in at least one selected MeteoHub time window; an offline station may be absent.
LAND::MH::arpafvg::87012219fd44,Saletto,46.40279,13.37535,physical_land,arpafvg,MeteoHub /api/observations,ERA5_sampled_at_coordinate,DPC_regional_observation,True,True,False,True,,observed_in_snapshot; observed_snapshots=3. Official DPC/regional station observed in at least one selected MeteoHub time window; an offline station may be absent.
LAND::MH::arpafvg::1ffac0a21ff7,Chiusaforte,46.40478,13.31748,physical_land,arpafvg,MeteoHub /api/observations,ERA5_sampled_at_coordinate,DPC_regional_observation,True,True,False,True,,observed_in_snapshot; observed_snapshots=3. Official DPC/regional station observed in at least one selected MeteoHub time window; an offline station may be absent.
LAND::MH::arpafvg::71fffb9a0162,Forni di Sopra,46.4098,12.59368,physical_land,arpafvg,MeteoHub /api/observations,ERA5_sampled_at_coordinate,DPC_regional_observation,True,True,False,True,,observed_in_snapshot; observed_snapshots=3. Official DPC/regional station observed in at least one selected MeteoHub time window; an offline station may be absent.
LAND::MH::arpafvg::5d34aaf978fa,Enemonzo,46.41042,12.86254,physical_land,arpafvg,MeteoHub /api/observations,ERA5_sampled_at_coordinate,DPC_regional_observation,True,True,False,True,,observed_in_snapshot; observed_snapshots=3. Official DPC/regional station observed in at least one selected MeteoHub time window; an offline station may be absent.
LAND::MH::arpafvg::a71d070dd26e,Villa Santina T.Degano,46.41124,12.90668,physical_land,arpafvg,MeteoHub /api/observations,ERA5_sampled_at_coordinate,DPC_regional_observation,True,True,False,True,,observed_in_snapshot; observed_snapshots=3. Official DPC/regional station observed in at least one selected MeteoHub time window; an offline station may be absent.
LAND::MH::dpcn-veneto::d0502eb689f7,Col dei Baldi,46.41522,12.07313,physical_land,dpcn-veneto,MeteoHub /api/observations,ERA5_sampled_at_coordinate,DPC_regional_observation,True,True,False,True,,observed_in_snapshot; observed_snapshots=3. Official DPC/regional station observed in at least one selected MeteoHub time window; an offline station may be absent.
LAND::MH::dpcn-veneto::026e5db92203,Valle di Cadore CMT,46.41544,12.33234,physical_land,dpcn-veneto,MeteoHub /api/observations,ERA5_sampled_at_coordinate,DPC_regional_observation,True,True,False,True,,observed_in_snapshot; observed_snapshots=3. Official DPC/regional station observed in at least one selected MeteoHub time window; an offline station may be absent.
LAND::MH::dpcn-veneto::170d7fca219b,2-INADEF (Rudan dx briglia),46.41699,12.25879,physical_land,dpcn-veneto,MeteoHub /api/observations,ERA5_sampled_at_coordinate,DPC_regional_observation,True,True,False,True,,observed_in_snapshot; observed_snapshots=3. Official DPC/regional station observed in at least one selected MeteoHub time window; an offline station may be absent.
LAND::MH::arpafvg::1f5bccc01ba6,Passo Predil,46.41878,13.57375,physical_land,arpafvg,MeteoHub /api/observations,ERA5_sampled_at_coordinate,DPC_regional_observation,True,True,False,True,,observed_in_snapshot; observed_snapshots=3. Official DPC/regional station observed in at least one selected MeteoHub time window; an offline station may be absent.
LAND::MH::arpafvg::f1f2c22bf8be,Tolmezzo meteo,46.42184,13.02188,physical_land,arpafvg,MeteoHub /api/observations,ERA5_sampled_at_coordinate,DPC_regional_observation,True,True,False,True,,observed_in_snapshot; observed_snapshots=3. Official DPC/regional station observed in at least one selected MeteoHub time window; an offline station may be absent.
LAND::MH::dpcn-veneto::47837f3d5435,Boite a Cancia,46.43123,12.2221,physical_land,dpcn-veneto,MeteoHub /api/observations,ERA5_sampled_at_coordinate,DPC_regional_observation,True,True,False,True,,observed_in_snapshot; observed_snapshots=3. Official DPC/regional station observed in at least one selected MeteoHub time window; an offline station may be absent.
LAND::MH::dpcn-veneto::edc5568e8c43,1-INADEF (Rudan sentiero CAI),46.43261,12.25952,physical_land,dpcn-veneto,MeteoHub /api/observations,ERA5_sampled_at_coordinate,DPC_regional_observation,True,True,False,True,,observed_in_snapshot; observed_snapshots=3. Official DPC/regional station observed in at least one selected MeteoHub time window; an offline station may be absent.
LAND::MH::arpafvg::3e438830d43a,Cave del Predil,46.43707,13.5677,physical_land,arpafvg,MeteoHub /api/observations,ERA5_sampled_at_coordinate,DPC_regional_observation,True,True,False,True,,observed_in_snapshot; observed_snapshots=3. Official DPC/regional station observed in at least one selected MeteoHub time window; an offline station may be absent.
LAND::MH::dpcn-veneto::6a77c4306446,Rovina Bassa di Cancia CMT,46.43718,12.24264,physical_land,dpcn-veneto,MeteoHub /api/observations,ERA5_sampled_at_coordinate,DPC_regional_observation,True,True,False,True,,observed_in_snapshot; observed_snapshots=3. Official DPC/regional station observed in at least one selected MeteoHub time window; an offline station may be absent.
LAND::MH::dpcn-veneto::fa0b749daa80,Rio Rudan (Antelao),46.442,12.26433,physical_land,dpcn-veneto,MeteoHub /api/observations,ERA5_sampled_at_coordinate,DPC_regional_observation,True,True,False,True,,observed_in_snapshot; observed_snapshots=3. Official DPC/regional station observed in at least one selected MeteoHub time window; an offline station may be absent.
LAND::MH::dpcn-veneto::925e07e84444,Cancia Stazione 2,46.4422,12.24555,physical_land,dpcn-veneto,MeteoHub /api/observations,ERA5_sampled_at_coordinate,DPC_regional_observation,True,True,False,True,,observed_in_snapshot; observed_snapshots=3. Official DPC/regional station observed in at least one selected MeteoHub time window; an offline station may be absent.
LAND::MH::dpcn-veneto::b9c3a739f477,Villanova CMT,46.44327,12.20626,physical_land,dpcn-veneto,MeteoHub /api/observations,ERA5_sampled_at_coordinate,DPC_regional_observation,True,True,False,True,,observed_in_snapshot; observed_snapshots=3. Official DPC/regional station observed in at least one selected MeteoHub time window; an offline station may be absent.
LAND::MH::dpcn-veneto::06cbb31a77f2,Cancia Stazione 1,46.44743,12.25042,physical_land,dpcn-veneto,MeteoHub /api/observations,ERA5_sampled_at_coordinate,DPC_regional_observation,True,True,False,True,,observed_in_snapshot; observed_snapshots=3. Official DPC/regional station observed in at least one selected MeteoHub time window; an offline station may be absent.
LAND::MH::arpafvg::067df75d0dea,Chiout,46.45216,13.37191,physical_land,arpafvg,MeteoHub /api/observations,ERA5_sampled_at_coordinate,DPC_regional_observation,True,True,False,True,,observed_in_snapshot; observed_snapshots=3. Official DPC/regional station observed in at least one selected MeteoHub time window; an offline station may be absent.
LAND::MH::arpafvg::ad83eb074cd6,Varmost M.te Simone,46.45483,12.56017,physical_land,arpafvg,MeteoHub /api/observations,ERA5_sampled_at_coordinate,DPC_regional_observation,True,True,False,True,,observed_in_snapshot; observed_snapshots=3. Official DPC/regional station observed in at least one selected MeteoHub time window; an offline station may be absent.
LAND::MH::dpcn-veneto::e8167edac43c,Domegge CMT,46.46095,12.41036,physical_land,dpcn-veneto,MeteoHub /api/observations,ERA5_sampled_at_coordinate,DPC_regional_observation,True,True,False,True,,observed_in_snapshot; observed_snapshots=3. Official DPC/regional station observed in at least one selected MeteoHub time window; an offline station may be absent.
LAND::MH::arpafvg::0702baf1a632,Sella di Sompdogna,46.46221,13.44854,physical_land,arpafvg,MeteoHub /api/observations,ERA5_sampled_at_coordinate,DPC_regional_observation,True,True,False,True,,observed_in_snapshot; observed_snapshots=3. Official DPC/regional station observed in at least one selected MeteoHub time window; an offline station may be absent.
LAND::MH::arpafvg::b15923cfc22e,Fusine Alpe del Lago,46.46682,13.66207,physical_land,arpafvg,MeteoHub /api/observations,ERA5_sampled_at_coordinate,DPC_regional_observation,True,True,False,True,,observed_in_snapshot; observed_snapshots=3. Official DPC/regional station observed in at least one selected MeteoHub time window; an offline station may be absent.
LAND::MH::arpafvg::bc3303024255,Sauris di Sopra,46.46727,12.682,physical_land,arpafvg,MeteoHub /api/observations,ERA5_sampled_at_coordinate,DPC_regional_observation,True,True,False,True,,observed_in_snapshot; observed_snapshots=3. Official DPC/regional station observed in at least one selected MeteoHub time window; an offline station may be absent.
LAND::MH::dpcn-veneto::386ce9ae757e,Casera Doana-Razzo,46.48119,12.54097,physical_land,dpcn-veneto,MeteoHub /api/observations,ERA5_sampled_at_coordinate,DPC_regional_observation,True,True,False,True,,observed_in_snapshot; observed_snapshots=3. Official DPC/regional station observed in at least one selected MeteoHub time window; an offline station may be absent.
LAND::MH::arpafvg::7f611d01df11,Monte Lussari sm,46.48254,13.52006,physical_land,arpafvg,MeteoHub /api/observations,ERA5_sampled_at_coordinate,DPC_regional_observation,True,True,False,True,,observed_in_snapshot; observed_snapshots=2. Official DPC/regional station observed in at least one selected MeteoHub time window; an offline station may be absent.
LAND::MH::arpafvg::31340894150b,Bevorchians,46.48616,13.18959,physical_land,arpafvg,MeteoHub /api/observations,ERA5_sampled_at_coordinate,DPC_regional_observation,True,True,False,True,,observed_in_snapshot; observed_snapshots=3. Official DPC/regional station observed in at least one selected MeteoHub time window; an offline station may be absent.
LAND::MH::arpafvg::2681773defb1,Fusine Valico,46.49603,13.68688,physical_land,arpafvg,MeteoHub /api/observations,ERA5_sampled_at_coordinate,DPC_regional_observation,True,True,False,True,,observed_in_snapshot; observed_snapshots=3. Official DPC/regional station observed in at least one selected MeteoHub time window; an offline station may be absent.
SEA::VIRT_ADR_OT10,Virtual - ADR OT10,39.7,18.6,virtual_sea,OPEN_METEO_ADRIATIC,virtual_latest.csv,ERA5_or_OpenMeteo_reanalysis,OpenMeteo_forecast_and_marine,True,False,True,True,,Virtual Adriatic coordinate; not a physical observing station.
SEA::VIRT_ADR_OT15,Virtual - ADR OT15,39.7,19.0,virtual_sea,OPEN_METEO_ADRIATIC,virtual_latest.csv,ERA5_or_OpenMeteo_reanalysis,OpenMeteo_forecast_and_marine,True,False,True,True,,Virtual Adriatic coordinate; not a physical observing station.
SEA::VIRT_ADR_OT09,Virtual - ADR OT09,39.8,18.3,virtual_sea,OPEN_METEO_ADRIATIC,virtual_latest.csv,ERA5_or_OpenMeteo_reanalysis,OpenMeteo_forecast_and_marine,True,False,True,True,,Virtual Adriatic coordinate; not a physical observing station.
SEA::VIRT_ADR_X12,Virtual - ADR X12,39.85,18.75,virtual_sea,OPEN_METEO_ADRIATIC,virtual_latest.csv,ERA5_or_OpenMeteo_reanalysis,OpenMeteo_forecast_and_marine,True,False,True,True,,Virtual Adriatic coordinate; not a physical observing station.
SEA::VIRT_ADR_OT08,Virtual - ADR OT08,39.9,18.5,virtual_sea,OPEN_METEO_ADRIATIC,virtual_latest.csv,ERA5_or_OpenMeteo_reanalysis,OpenMeteo_forecast_and_marine,True,False,True,True,,Virtual Adriatic coordinate; not a physical observing station.
SEA::VIRT_ADR_OT14,Virtual - ADR OT14,39.9,18.9,virtual_sea,OPEN_METEO_ADRIATIC,virtual_latest.csv,ERA5_or_OpenMeteo_reanalysis,OpenMeteo_forecast_and_marine,True,False,True,True,,Virtual Adriatic coordinate; not a physical observing station.
SEA::VIRT_ADR_OT07,Virtual - ADR OT07,40.0,18.2,virtual_sea,OPEN_METEO_ADRIATIC,virtual_latest.csv,ERA5_or_OpenMeteo_reanalysis,OpenMeteo_forecast_and_marine,True,False,True,True,,Virtual Adriatic coordinate; not a physical observing station.
SEA::VIRT_ADR_T10,Virtual - ADR T10,40.0,18.7,virtual_sea,OPEN_METEO_ADRIATIC,virtual_latest.csv,ERA5_or_OpenMeteo_reanalysis,OpenMeteo_forecast_and_marine,True,False,True,True,,Virtual Adriatic coordinate; not a physical observing station.
SEA::VIRT_ADR_OT06,Virtual - ADR OT06,40.1,18.4,virtual_sea,OPEN_METEO_ADRIATIC,virtual_latest.csv,ERA5_or_OpenMeteo_reanalysis,OpenMeteo_forecast_and_marine,True,False,True,True,,Virtual Adriatic coordinate; not a physical observing station.
SEA::VIRT_ADR_OT13,Virtual - ADR OT13,40.1,18.8,virtual_sea,OPEN_METEO_ADRIATIC,virtual_latest.csv,ERA5_or_OpenMeteo_reanalysis,OpenMeteo_forecast_and_marine,True,False,True,True,,Virtual Adriatic coordinate; not a physical observing station.
SEA::VIRT_ADR_X11,Virtual - ADR X11,40.15,18.55,virtual_sea,OPEN_METEO_ADRIATIC,virtual_latest.csv,ERA5_or_OpenMeteo_reanalysis,OpenMeteo_forecast_and_marine,True,False,True,True,,Virtual Adriatic coordinate; not a physical observing station.
SEA::VIRT_ADR_OT05,Virtual - ADR OT05,40.2,18.0,virtual_sea,OPEN_METEO_ADRIATIC,virtual_latest.csv,ERA5_or_OpenMeteo_reanalysis,OpenMeteo_forecast_and_marine,True,False,True,True,,Virtual Adriatic coordinate; not a physical observing station.
SEA::VIRT_ADR_OT04,Virtual - ADR OT04,40.3,18.3,virtual_sea,OPEN_METEO_ADRIATIC,virtual_latest.csv,ERA5_or_OpenMeteo_reanalysis,OpenMeteo_forecast_and_marine,True,False,True,True,,Virtual Adriatic coordinate; not a physical observing station.
SEA::VIRT_ADR_OT12,Virtual - ADR OT12,40.3,18.7,virtual_sea,OPEN_METEO_ADRIATIC,virtual_latest.csv,ERA5_or_OpenMeteo_reanalysis,OpenMeteo_forecast_and_marine,True,False,True,True,,Virtual Adriatic coordinate; not a physical observing station.
SEA::VIRT_ADR_OT03,Virtual - ADR OT03,40.4,17.9,virtual_sea,OPEN_METEO_ADRIATIC,virtual_latest.csv,ERA5_or_OpenMeteo_reanalysis,OpenMeteo_forecast_and_marine,True,False,True,True,,Virtual Adriatic coordinate; not a physical observing station.
SEA::VIRT_ADR_OT02,Virtual - ADR OT02,40.5,18.1,virtual_sea,OPEN_METEO_ADRIATIC,virtual_latest.csv,ERA5_or_OpenMeteo_reanalysis,OpenMeteo_forecast_and_marine,True,False,True,True,,Virtual Adriatic coordinate; not a physical observing station.
SEA::VIRT_ADR_T09,Virtual - ADR T09,40.5,18.3,virtual_sea,OPEN_METEO_ADRIATIC,virtual_latest.csv,ERA5_or_OpenMeteo_reanalysis,OpenMeteo_forecast_and_marine,True,False,True,True,,Virtual Adriatic coordinate; not a physical observing station.
SEA::VIRT_ADR_OT11,Virtual - ADR OT11,40.5,18.5,virtual_sea,OPEN_METEO_ADRIATIC,virtual_latest.csv,ERA5_or_OpenMeteo_reanalysis,OpenMeteo_forecast_and_marine,True,False,True,True,,Virtual Adriatic coordinate; not a physical observing station.
SEA::VIRT_ADR_OT01,Virtual - ADR OT01,40.6,17.8,virtual_sea,OPEN_METEO_ADRIATIC,virtual_latest.csv,ERA5_or_OpenMeteo_reanalysis,OpenMeteo_forecast_and_marine,True,False,True,True,,Virtual Adriatic coordinate; not a physical observing station.
SEA::VIRT_ADR_X10,Virtual - ADR X10,40.65,17.95,virtual_sea,OPEN_METEO_ADRIATIC,virtual_latest.csv,ERA5_or_OpenMeteo_reanalysis,OpenMeteo_forecast_and_marine,True,False,True,True,,Virtual Adriatic coordinate; not a physical observing station.
SEA::VIRT_ADR_SD15,Virtual - ADR SD15,40.8,17.4,virtual_sea,OPEN_METEO_ADRIATIC,virtual_latest.csv,ERA5_or_OpenMeteo_reanalysis,OpenMeteo_forecast_and_marine,True,False,True,True,,Virtual Adriatic coordinate; not a physical observing station.
SEA::VIRT_ADR_SD10,Virtual - ADR SD10,40.8,17.6,virtual_sea,OPEN_METEO_ADRIATIC,virtual_latest.csv,ERA5_or_OpenMeteo_reanalysis,OpenMeteo_forecast_and_marine,True,False,True,True,,Virtual Adriatic coordinate; not a physical observing station.
SEA::VIRT_ADR_SD09,Virtual - ADR SD09,40.9,17.2,virtual_sea,OPEN_METEO_ADRIATIC,virtual_latest.csv,ERA5_or_OpenMeteo_reanalysis,OpenMeteo_forecast_and_marine,True,False,True,True,,Virtual Adriatic coordinate; not a physical observing station.
SEA::VIRT_ADR_SD08,Virtual - ADR SD08,41.0,17.5,virtual_sea,OPEN_METEO_ADRIATIC,virtual_latest.csv,ERA5_or_OpenMeteo_reanalysis,OpenMeteo_forecast_and_marine,True,False,True,True,,Virtual Adriatic coordinate; not a physical observing station.
SEA::VIRT_ADR_T08,Virtual - ADR T08,41.0,17.6,virtual_sea,OPEN_METEO_ADRIATIC,virtual_latest.csv,ERA5_or_OpenMeteo_reanalysis,OpenMeteo_forecast_and_marine,True,False,True,True,,Virtual Adriatic coordinate; not a physical observing station.
SEA::VIRT_ADR_SD14,Virtual - ADR SD14,41.0,17.8,virtual_sea,OPEN_METEO_ADRIATIC,virtual_latest.csv,ERA5_or_OpenMeteo_reanalysis,OpenMeteo_forecast_and_marine,True,False,True,True,,Virtual Adriatic coordinate; not a physical observing station.
SEA::VIRT_ADR_SD07,Virtual - ADR SD07,41.1,17.1,virtual_sea,OPEN_METEO_ADRIATIC,virtual_latest.csv,ERA5_or_OpenMeteo_reanalysis,OpenMeteo_forecast_and_marine,True,False,True,True,,Virtual Adriatic coordinate; not a physical observing station.
SEA::VIRT_ADR_X09,Virtual - ADR X09,41.15,17.25,virtual_sea,OPEN_METEO_ADRIATIC,virtual_latest.csv,ERA5_or_OpenMeteo_reanalysis,OpenMeteo_forecast_and_marine,True,False,True,True,,Virtual Adriatic coordinate; not a physical observing station.
SEA::VIRT_ADR_SD06,Virtual - ADR SD06,41.2,17.4,virtual_sea,OPEN_METEO_ADRIATIC,virtual_latest.csv,ERA5_or_OpenMeteo_reanalysis,OpenMeteo_forecast_and_marine,True,False,True,True,,Virtual Adriatic coordinate; not a physical observing station.
SEA::VIRT_ADR_SD13,Virtual - ADR SD13,41.2,17.7,virtual_sea,OPEN_METEO_ADRIATIC,virtual_latest.csv,ERA5_or_OpenMeteo_reanalysis,OpenMeteo_forecast_and_marine,True,False,True,True,,Virtual Adriatic coordinate; not a physical observing station.
SEA::VIRT_ADR_SD05,Virtual - ADR SD05,41.3,16.9,virtual_sea,OPEN_METEO_ADRIATIC,virtual_latest.csv,ERA5_or_OpenMeteo_reanalysis,OpenMeteo_forecast_and_marine,True,False,True,True,,Virtual Adriatic coordinate; not a physical observing station.
SEA::VIRT_ADR_SD04,Virtual - ADR SD04,41.4,17.2,virtual_sea,OPEN_METEO_ADRIATIC,virtual_latest.csv,ERA5_or_OpenMeteo_reanalysis,OpenMeteo_forecast_and_marine,True,False,True,True,,Virtual Adriatic coordinate; not a physical observing station.
SEA::VIRT_ADR_SD12,Virtual - ADR SD12,41.4,17.6,virtual_sea,OPEN_METEO_ADRIATIC,virtual_latest.csv,ERA5_or_OpenMeteo_reanalysis,OpenMeteo_forecast_and_marine,True,False,True,True,,Virtual Adriatic coordinate; not a physical observing station.
SEA::VIRT_ADR_SD03,Virtual - ADR SD03,41.5,16.7,virtual_sea,OPEN_METEO_ADRIATIC,virtual_latest.csv,ERA5_or_OpenMeteo_reanalysis,OpenMeteo_forecast_and_marine,True,False,True,True,,Virtual Adriatic coordinate; not a physical observing station.
SEA::VIRT_ADR_T07,Virtual - ADR T07,41.5,17.0,virtual_sea,OPEN_METEO_ADRIATIC,virtual_latest.csv,ERA5_or_OpenMeteo_reanalysis,OpenMeteo_forecast_and_marine,True,False,True,True,,Virtual Adriatic coordinate; not a physical observing station.
SEA::VIRT_ADR_SD02,Virtual - ADR SD02,41.6,17.1,virtual_sea,OPEN_METEO_ADRIATIC,virtual_latest.csv,ERA5_or_OpenMeteo_reanalysis,OpenMeteo_forecast_and_marine,True,False,True,True,,Virtual Adriatic coordinate; not a physical observing station.
SEA::VIRT_ADR_SD11,Virtual - ADR SD11,41.6,17.5,virtual_sea,OPEN_METEO_ADRIATIC,virtual_latest.csv,ERA5_or_OpenMeteo_reanalysis,OpenMeteo_forecast_and_marine,True,False,True,True,,Virtual Adriatic coordinate; not a physical observing station.
SEA::VIRT_ADR_X08,Virtual - ADR X08,41.65,16.55,virtual_sea,OPEN_METEO_ADRIATIC,virtual_latest.csv,ERA5_or_OpenMeteo_reanalysis,OpenMeteo_forecast_and_marine,True,False,True,True,,Virtual Adriatic coordinate; not a physical observing station.
SEA::VIRT_ADR_SD01,Virtual - ADR SD01,41.7,16.8,virtual_sea,OPEN_METEO_ADRIATIC,virtual_latest.csv,ERA5_or_OpenMeteo_reanalysis,OpenMeteo_forecast_and_marine,True,False,True,True,,Virtual Adriatic coordinate; not a physical observing station.
SEA::VIRT_ADR_CS15,Virtual - ADR CS15,41.8,16.2,virtual_sea,OPEN_METEO_ADRIATIC,virtual_latest.csv,ERA5_or_OpenMeteo_reanalysis,OpenMeteo_forecast_and_marine,True,False,True,True,,Virtual Adriatic coordinate; not a physical observing station.
SEA::VIRT_ADR_CS10,Virtual - ADR CS10,41.8,16.5,virtual_sea,OPEN_METEO_ADRIATIC,virtual_latest.csv,ERA5_or_OpenMeteo_reanalysis,OpenMeteo_forecast_and_marine,True,False,True,True,,Virtual Adriatic coordinate; not a physical observing station.
SEA::VIRT_ADR_CS09,Virtual - ADR CS09,41.9,16.1,virtual_sea,OPEN_METEO_ADRIATIC,virtual_latest.csv,ERA5_or_OpenMeteo_reanalysis,OpenMeteo_forecast_and_marine,True,False,True,True,,Virtual Adriatic coordinate; not a physical observing station.
SEA::VIRT_ADR_CS08,Virtual - ADR CS08,42.0,16.4,virtual_sea,OPEN_METEO_ADRIATIC,virtual_latest.csv,ERA5_or_OpenMeteo_reanalysis,OpenMeteo_forecast_and_marine,True,False,True,True,,Virtual Adriatic coordinate; not a physical observing station.
SEA::VIRT_ADR_T06,Virtual - ADR T06,42.0,16.6,virtual_sea,OPEN_METEO_ADRIATIC,virtual_latest.csv,ERA5_or_OpenMeteo_reanalysis,OpenMeteo_forecast_and_marine,True,False,True,True,,Virtual Adriatic coordinate; not a physical observing station.
SEA::VIRT_ADR_CS14,Virtual - ADR CS14,42.0,16.8,virtual_sea,OPEN_METEO_ADRIATIC,virtual_latest.csv,ERA5_or_OpenMeteo_reanalysis,OpenMeteo_forecast_and_marine,True,False,True,True,,Virtual Adriatic coordinate; not a physical observing station.
SEA::VIRT_ADR_CS07,Virtual - ADR CS07,42.1,15.9,virtual_sea,OPEN_METEO_ADRIATIC,virtual_latest.csv,ERA5_or_OpenMeteo_reanalysis,OpenMeteo_forecast_and_marine,True,False,True,True,,Virtual Adriatic coordinate; not a physical observing station.
SEA::VIRT_ADR_X07,Virtual - ADR X07,42.15,16.15,virtual_sea,OPEN_METEO_ADRIATIC,virtual_latest.csv,ERA5_or_OpenMeteo_reanalysis,OpenMeteo_forecast_and_marine,True,False,True,True,,Virtual Adriatic coordinate; not a physical observing station.
SEA::VIRT_ADR_CS06,Virtual - ADR CS06,42.2,16.2,virtual_sea,OPEN_METEO_ADRIATIC,virtual_latest.csv,ERA5_or_OpenMeteo_reanalysis,OpenMeteo_forecast_and_marine,True,False,True,True,,Virtual Adriatic coordinate; not a physical observing station.
SEA::VIRT_ADR_CS13,Virtual - ADR CS13,42.2,16.7,virtual_sea,OPEN_METEO_ADRIATIC,virtual_latest.csv,ERA5_or_OpenMeteo_reanalysis,OpenMeteo_forecast_and_marine,True,False,True,True,,Virtual Adriatic coordinate; not a physical observing station.
SEA::VIRT_ADR_CS05,Virtual - ADR CS05,42.3,15.7,virtual_sea,OPEN_METEO_ADRIATIC,virtual_latest.csv,ERA5_or_OpenMeteo_reanalysis,OpenMeteo_forecast_and_marine,True,False,True,True,,Virtual Adriatic coordinate; not a physical observing station.
SEA::VIRT_ADR_CS04,Virtual - ADR CS04,42.4,16.0,virtual_sea,OPEN_METEO_ADRIATIC,virtual_latest.csv,ERA5_or_OpenMeteo_reanalysis,OpenMeteo_forecast_and_marine,True,False,True,True,,Virtual Adriatic coordinate; not a physical observing station.
SEA::VIRT_ADR_CS12,Virtual - ADR CS12,42.4,16.5,virtual_sea,OPEN_METEO_ADRIATIC,virtual_latest.csv,ERA5_or_OpenMeteo_reanalysis,OpenMeteo_forecast_and_marine,True,False,True,True,,Virtual Adriatic coordinate; not a physical observing station.
SEA::VIRT_ADR_CS03,Virtual - ADR CS03,42.5,15.5,virtual_sea,OPEN_METEO_ADRIATIC,virtual_latest.csv,ERA5_or_OpenMeteo_reanalysis,OpenMeteo_forecast_and_marine,True,False,True,True,,Virtual Adriatic coordinate; not a physical observing station.
SEA::VIRT_ADR_T05,Virtual - ADR T05,42.5,16.3,virtual_sea,OPEN_METEO_ADRIATIC,virtual_latest.csv,ERA5_or_OpenMeteo_reanalysis,OpenMeteo_forecast_and_marine,True,False,True,True,,Virtual Adriatic coordinate; not a physical observing station.
SEA::VIRT_ADR_CS02,Virtual - ADR CS02,42.6,15.9,virtual_sea,OPEN_METEO_ADRIATIC,virtual_latest.csv,ERA5_or_OpenMeteo_reanalysis,OpenMeteo_forecast_and_marine,True,False,True,True,,Virtual Adriatic coordinate; not a physical observing station.
SEA::VIRT_ADR_CS11,Virtual - ADR CS11,42.6,16.3,virtual_sea,OPEN_METEO_ADRIATIC,virtual_latest.csv,ERA5_or_OpenMeteo_reanalysis,OpenMeteo_forecast_and_marine,True,False,True,True,,Virtual Adriatic coordinate; not a physical observing station.
SEA::VIRT_ADR_X06,Virtual - ADR X06,42.65,15.75,virtual_sea,OPEN_METEO_ADRIATIC,virtual_latest.csv,ERA5_or_OpenMeteo_reanalysis,OpenMeteo_forecast_and_marine,True,False,True,True,,Virtual Adriatic coordinate; not a physical observing station.
SEA::VIRT_ADR_CS01,Virtual - ADR CS01,42.7,15.6,virtual_sea,OPEN_METEO_ADRIATIC,virtual_latest.csv,ERA5_or_OpenMeteo_reanalysis,OpenMeteo_forecast_and_marine,True,False,True,True,,Virtual Adriatic coordinate; not a physical observing station.
SEA::VIRT_ADR_CM10,Virtual - ADR CM10,42.8,14.9,virtual_sea,OPEN_METEO_ADRIATIC,virtual_latest.csv,ERA5_or_OpenMeteo_reanalysis,OpenMeteo_forecast_and_marine,True,False,True,True,,Virtual Adriatic coordinate; not a physical observing station.
SEA::VIRT_ADR_CM15,Virtual - ADR CM15,42.8,15.4,virtual_sea,OPEN_METEO_ADRIATIC,virtual_latest.csv,ERA5_or_OpenMeteo_reanalysis,OpenMeteo_forecast_and_marine,True,False,True,True,,Virtual Adriatic coordinate; not a physical observing station.
SEA::VIRT_ADR_X15,Virtual - ADR X15,42.85,15.65,virtual_sea,OPEN_METEO_ADRIATIC,virtual_latest.csv,ERA5_or_OpenMeteo_reanalysis,OpenMeteo_forecast_and_marine,True,False,True,True,,Virtual Adriatic coordinate; not a physical observing station.
SEA::VIRT_ADR_CM09,Virtual - ADR CM09,42.9,15.2,virtual_sea,OPEN_METEO_ADRIATIC,virtual_latest.csv,ERA5_or_OpenMeteo_reanalysis,OpenMeteo_forecast_and_marine,True,False,True,True,,Virtual Adriatic coordinate; not a physical observing station.
SEA::VIRT_ADR_CM08,Virtual - ADR CM08,43.0,14.7,virtual_sea,OPEN_METEO_ADRIATIC,virtual_latest.csv,ERA5_or_OpenMeteo_reanalysis,OpenMeteo_forecast_and_marine,True,False,True,True,,Virtual Adriatic coordinate; not a physical observing station.
SEA::VIRT_ADR_CM14,Virtual - ADR CM14,43.0,15.6,virtual_sea,OPEN_METEO_ADRIATIC,virtual_latest.csv,ERA5_or_OpenMeteo_reanalysis,OpenMeteo_forecast_and_marine,True,False,True,True,,Virtual Adriatic coordinate; not a physical observing station.
SEA::VIRT_ADR_T04,Virtual - ADR T04,43.0,15.8,virtual_sea,OPEN_METEO_ADRIATIC,virtual_latest.csv,ERA5_or_OpenMeteo_reanalysis,OpenMeteo_forecast_and_marine,True,False,True,True,,Virtual Adriatic coordinate; not a physical observing station.
SEA::VIRT_ADR_CM07,Virtual - ADR CM07,43.1,15.0,virtual_sea,OPEN_METEO_ADRIATIC,virtual_latest.csv,ERA5_or_OpenMeteo_reanalysis,OpenMeteo_forecast_and_marine,True,False,True,True,,Virtual Adriatic coordinate; not a physical observing station.
SEA::VIRT_ADR_X05,Virtual - ADR X05,43.15,15.35,virtual_sea,OPEN_METEO_ADRIATIC,virtual_latest.csv,ERA5_or_OpenMeteo_reanalysis,OpenMeteo_forecast_and_marine,True,False,True,True,,Virtual Adriatic coordinate; not a physical observing station.
SEA::VIRT_ADR_CM06,Virtual - ADR CM06,43.2,14.6,virtual_sea,OPEN_METEO_ADRIATIC,virtual_latest.csv,ERA5_or_OpenMeteo_reanalysis,OpenMeteo_forecast_and_marine,True,False,True,True,,Virtual Adriatic coordinate; not a physical observing station.
SEA::VIRT_ADR_CM13,Virtual - ADR CM13,43.2,15.5,virtual_sea,OPEN_METEO_ADRIATIC,virtual_latest.csv,ERA5_or_OpenMeteo_reanalysis,OpenMeteo_forecast_and_marine,True,False,True,True,,Virtual Adriatic coordinate; not a physical observing station.
SEA::VIRT_ADR_CM05,Virtual - ADR CM05,43.3,15.1,virtual_sea,OPEN_METEO_ADRIATIC,virtual_latest.csv,ERA5_or_OpenMeteo_reanalysis,OpenMeteo_forecast_and_marine,True,False,True,True,,Virtual Adriatic coordinate; not a physical observing station.
SEA::VIRT_ADR_CM04,Virtual - ADR CM04,43.4,14.8,virtual_sea,OPEN_METEO_ADRIATIC,virtual_latest.csv,ERA5_or_OpenMeteo_reanalysis,OpenMeteo_forecast_and_marine,True,False,True,True,,Virtual Adriatic coordinate; not a physical observing station.
SEA::VIRT_ADR_CM12,Virtual - ADR CM12,43.4,15.4,virtual_sea,OPEN_METEO_ADRIATIC,virtual_latest.csv,ERA5_or_OpenMeteo_reanalysis,OpenMeteo_forecast_and_marine,True,False,True,True,,Virtual Adriatic coordinate; not a physical observing station.
SEA::VIRT_ADR_CM03,Virtual - ADR CM03,43.5,14.4,virtual_sea,OPEN_METEO_ADRIATIC,virtual_latest.csv,ERA5_or_OpenMeteo_reanalysis,OpenMeteo_forecast_and_marine,True,False,True,True,,Virtual Adriatic coordinate; not a physical observing station.
SEA::VIRT_ADR_T03,Virtual - ADR T03,43.5,15.3,virtual_sea,OPEN_METEO_ADRIATIC,virtual_latest.csv,ERA5_or_OpenMeteo_reanalysis,OpenMeteo_forecast_and_marine,True,False,True,True,,Virtual Adriatic coordinate; not a physical observing station.
SEA::VIRT_ADR_CM02,Virtual - ADR CM02,43.6,14.7,virtual_sea,OPEN_METEO_ADRIATIC,virtual_latest.csv,ERA5_or_OpenMeteo_reanalysis,OpenMeteo_forecast_and_marine,True,False,True,True,,Virtual Adriatic coordinate; not a physical observing station.
SEA::VIRT_ADR_CM11,Virtual - ADR CM11,43.6,15.1,virtual_sea,OPEN_METEO_ADRIATIC,virtual_latest.csv,ERA5_or_OpenMeteo_reanalysis,OpenMeteo_forecast_and_marine,True,False,True,True,,Virtual Adriatic coordinate; not a physical observing station.
SEA::VIRT_ADR_X04,Virtual - ADR X04,43.65,14.95,virtual_sea,OPEN_METEO_ADRIATIC,virtual_latest.csv,ERA5_or_OpenMeteo_reanalysis,OpenMeteo_forecast_and_marine,True,False,True,True,,Virtual Adriatic coordinate; not a physical observing station.
SEA::VIRT_ADR_CM01,Virtual - ADR CM01,43.7,14.3,virtual_sea,OPEN_METEO_ADRIATIC,virtual_latest.csv,ERA5_or_OpenMeteo_reanalysis,OpenMeteo_forecast_and_marine,True,False,True,True,,Virtual Adriatic coordinate; not a physical observing station.
SEA::VIRT_ADR_CN08,Virtual - ADR CN08,43.8,14.5,virtual_sea,OPEN_METEO_ADRIATIC,virtual_latest.csv,ERA5_or_OpenMeteo_reanalysis,OpenMeteo_forecast_and_marine,True,False,True,True,,Virtual Adriatic coordinate; not a physical observing station.
SEA::VIRT_ADR_X14,Virtual - ADR X14,43.85,14.75,virtual_sea,OPEN_METEO_ADRIATIC,virtual_latest.csv,ERA5_or_OpenMeteo_reanalysis,OpenMeteo_forecast_and_marine,True,False,True,True,,Virtual Adriatic coordinate; not a physical observing station.
SEA::VIRT_ADR_CN07,Virtual - ADR CN07,43.9,14.2,virtual_sea,OPEN_METEO_ADRIATIC,virtual_latest.csv,ERA5_or_OpenMeteo_reanalysis,OpenMeteo_forecast_and_marine,True,False,True,True,,Virtual Adriatic coordinate; not a physical observing station.
SEA::VIRT_ADR_CN12,Virtual - ADR CN12,43.9,14.6,virtual_sea,OPEN_METEO_ADRIATIC,virtual_latest.csv,ERA5_or_OpenMeteo_reanalysis,OpenMeteo_forecast_and_marine,True,False,True,True,,Virtual Adriatic coordinate; not a physical observing station.
SEA::VIRT_ADR_CN06,Virtual - ADR CN06,44.0,13.8,virtual_sea,OPEN_METEO_ADRIATIC,virtual_latest.csv,ERA5_or_OpenMeteo_reanalysis,OpenMeteo_forecast_and_marine,True,False,True,True,,Virtual Adriatic coordinate; not a physical observing station.
SEA::VIRT_ADR_CN15,Virtual - ADR CN15,44.0,14.1,virtual_sea,OPEN_METEO_ADRIATIC,virtual_latest.csv,ERA5_or_OpenMeteo_reanalysis,OpenMeteo_forecast_and_marine,True,False,True,True,,Virtual Adriatic coordinate; not a physical observing station.
SEA::VIRT_ADR_T02,Virtual - ADR T02,44.0,14.8,virtual_sea,OPEN_METEO_ADRIATIC,virtual_latest.csv,ERA5_or_OpenMeteo_reanalysis,OpenMeteo_forecast_and_marine,True,False,True,True,,Virtual Adriatic coordinate; not a physical observing station.
SEA::VIRT_ADR_CN11,Virtual - ADR CN11,44.1,13.9,virtual_sea,OPEN_METEO_ADRIATIC,virtual_latest.csv,ERA5_or_OpenMeteo_reanalysis,OpenMeteo_forecast_and_marine,True,False,True,True,,Virtual Adriatic coordinate; not a physical observing station.
SEA::VIRT_ADR_CN05,Virtual - ADR CN05,44.1,14.3,virtual_sea,OPEN_METEO_ADRIATIC,virtual_latest.csv,ERA5_or_OpenMeteo_reanalysis,OpenMeteo_forecast_and_marine,True,False,True,True,,Virtual Adriatic coordinate; not a physical observing station.
SEA::VIRT_ADR_X03,Virtual - ADR X03,44.15,14.45,virtual_sea,OPEN_METEO_ADRIATIC,virtual_latest.csv,ERA5_or_OpenMeteo_reanalysis,OpenMeteo_forecast_and_marine,True,False,True,True,,Virtual Adriatic coordinate; not a physical observing station.
SEA::VIRT_ADR_CN04,Virtual - ADR CN04,44.2,14.0,virtual_sea,OPEN_METEO_ADRIATIC,virtual_latest.csv,ERA5_or_OpenMeteo_reanalysis,OpenMeteo_forecast_and_marine,True,False,True,True,,Virtual Adriatic coordinate; not a physical observing station.
SEA::VIRT_ADR_CN13,Virtual - ADR CN13,44.2,14.7,virtual_sea,OPEN_METEO_ADRIATIC,virtual_latest.csv,ERA5_or_OpenMeteo_reanalysis,OpenMeteo_forecast_and_marine,True,False,True,True,,Virtual Adriatic coordinate; not a physical observing station.
SEA::VIRT_ADR_CN03,Virtual - ADR CN03,44.3,13.6,virtual_sea,OPEN_METEO_ADRIATIC,virtual_latest.csv,ERA5_or_OpenMeteo_reanalysis,OpenMeteo_forecast_and_marine,True,False,True,True,,Virtual Adriatic coordinate; not a physical observing station.
SEA::VIRT_ADR_CN10,Virtual - ADR CN10,44.3,14.5,virtual_sea,OPEN_METEO_ADRIATIC,virtual_latest.csv,ERA5_or_OpenMeteo_reanalysis,OpenMeteo_forecast_and_marine,True,False,True,True,,Virtual Adriatic coordinate; not a physical observing station.
SEA::VIRT_ADR_CN02,Virtual - ADR CN02,44.4,14.1,virtual_sea,OPEN_METEO_ADRIATIC,virtual_latest.csv,ERA5_or_OpenMeteo_reanalysis,OpenMeteo_forecast_and_marine,True,False,True,True,,Virtual Adriatic coordinate; not a physical observing station.
SEA::VIRT_ADR_CN14,Virtual - ADR CN14,44.4,14.8,virtual_sea,OPEN_METEO_ADRIATIC,virtual_latest.csv,ERA5_or_OpenMeteo_reanalysis,OpenMeteo_forecast_and_marine,True,False,True,True,,Virtual Adriatic coordinate; not a physical observing station.
SEA::VIRT_ADR_CN01,Virtual - ADR CN01,44.5,13.8,virtual_sea,OPEN_METEO_ADRIATIC,virtual_latest.csv,ERA5_or_OpenMeteo_reanalysis,OpenMeteo_forecast_and_marine,True,False,True,True,,Virtual Adriatic coordinate; not a physical observing station.
SEA::VIRT_ADR_CN09,Virtual - ADR CN09,44.5,14.3,virtual_sea,OPEN_METEO_ADRIATIC,virtual_latest.csv,ERA5_or_OpenMeteo_reanalysis,OpenMeteo_forecast_and_marine,True,False,True,True,,Virtual Adriatic coordinate; not a physical observing station.
SEA::VIRT_ADR_T01,Virtual - ADR T01,44.5,14.6,virtual_sea,OPEN_METEO_ADRIATIC,virtual_latest.csv,ERA5_or_OpenMeteo_reanalysis,OpenMeteo_forecast_and_marine,True,False,True,True,,Virtual Adriatic coordinate; not a physical observing station.
SEA::VIRT_ADR_N10,Virtual - ADR N10,44.6,13.5,virtual_sea,OPEN_METEO_ADRIATIC,virtual_latest.csv,ERA5_or_OpenMeteo_reanalysis,OpenMeteo_forecast_and_marine,True,False,True,True,,Virtual Adriatic coordinate; not a physical observing station.
SEA::VIRT_ADR_X02,Virtual - ADR X02,44.65,13.95,virtual_sea,OPEN_METEO_ADRIATIC,virtual_latest.csv,ERA5_or_OpenMeteo_reanalysis,OpenMeteo_forecast_and_marine,True,False,True,True,,Virtual Adriatic coordinate; not a physical observing station.
SEA::VIRT_ADR_N09,Virtual - ADR N09,44.7,13.2,virtual_sea,OPEN_METEO_ADRIATIC,virtual_latest.csv,ERA5_or_OpenMeteo_reanalysis,OpenMeteo_forecast_and_marine,True,False,True,True,,Virtual Adriatic coordinate; not a physical observing station.
SEA::VIRT_ADR_N14,Virtual - ADR N14,44.75,13.55,virtual_sea,OPEN_METEO_ADRIATIC,virtual_latest.csv,ERA5_or_OpenMeteo_reanalysis,OpenMeteo_forecast_and_marine,True,False,True,True,,Virtual Adriatic coordinate; not a physical observing station.
SEA::VIRT_ADR_N08,Virtual - ADR N08,44.8,13.7,virtual_sea,OPEN_METEO_ADRIATIC,virtual_latest.csv,ERA5_or_OpenMeteo_reanalysis,OpenMeteo_forecast_and_marine,True,False,True,True,,Virtual Adriatic coordinate; not a physical observing station.
SEA::VIRT_ADR_N15,Virtual - ADR N15,44.85,13.85,virtual_sea,OPEN_METEO_ADRIATIC,virtual_latest.csv,ERA5_or_OpenMeteo_reanalysis,OpenMeteo_forecast_and_marine,True,False,True,True,,Virtual Adriatic coordinate; not a physical observing station.
SEA::VIRT_ADR_X13,Virtual - ADR X13,44.85,14.15,virtual_sea,OPEN_METEO_ADRIATIC,virtual_latest.csv,ERA5_or_OpenMeteo_reanalysis,OpenMeteo_forecast_and_marine,True,False,True,True,,Virtual Adriatic coordinate; not a physical observing station.
SEA::VIRT_ADR_N07,Virtual - ADR N07,44.9,13.4,virtual_sea,OPEN_METEO_ADRIATIC,virtual_latest.csv,ERA5_or_OpenMeteo_reanalysis,OpenMeteo_forecast_and_marine,True,False,True,True,,Virtual Adriatic coordinate; not a physical observing station.
SEA::VIRT_ADR_N13,Virtual - ADR N13,44.95,13.15,virtual_sea,OPEN_METEO_ADRIATIC,virtual_latest.csv,ERA5_or_OpenMeteo_reanalysis,OpenMeteo_forecast_and_marine,True,False,True,True,,Virtual Adriatic coordinate; not a physical observing station.
SEA::VIRT_ADR_N06,Virtual - ADR N06,45.0,13.1,virtual_sea,OPEN_METEO_ADRIATIC,virtual_latest.csv,ERA5_or_OpenMeteo_reanalysis,OpenMeteo_forecast_and_marine,True,False,True,True,,Virtual Adriatic coordinate; not a physical observing station.
SEA::VIRT_ADR_N05,Virtual - ADR N05,45.1,13.6,virtual_sea,OPEN_METEO_ADRIATIC,virtual_latest.csv,ERA5_or_OpenMeteo_reanalysis,OpenMeteo_forecast_and_marine,True,False,True,True,,Virtual Adriatic coordinate; not a physical observing station.
SEA::VIRT_ADR_N12,Virtual - ADR N12,45.15,13.45,virtual_sea,OPEN_METEO_ADRIATIC,virtual_latest.csv,ERA5_or_OpenMeteo_reanalysis,OpenMeteo_forecast_and_marine,True,False,True,True,,Virtual Adriatic coordinate; not a physical observing station.
SEA::VIRT_ADR_N04,Virtual - ADR N04,45.2,13.3,virtual_sea,OPEN_METEO_ADRIATIC,virtual_latest.csv,ERA5_or_OpenMeteo_reanalysis,OpenMeteo_forecast_and_marine,True,False,True,True,,Virtual Adriatic coordinate; not a physical observing station.
SEA::VIRT_ADR_N03,Virtual - ADR N03,45.3,13.0,virtual_sea,OPEN_METEO_ADRIATIC,virtual_latest.csv,ERA5_or_OpenMeteo_reanalysis,OpenMeteo_forecast_and_marine,True,False,True,True,,Virtual Adriatic coordinate; not a physical observing station.
SEA::VIRT_ADR_N11,Virtual - ADR N11,45.35,13.7,virtual_sea,OPEN_METEO_ADRIATIC,virtual_latest.csv,ERA5_or_OpenMeteo_reanalysis,OpenMeteo_forecast_and_marine,True,False,True,True,,Virtual Adriatic coordinate; not a physical observing station.
SEA::VIRT_ADR_N02,Virtual - ADR N02,45.4,13.5,virtual_sea,OPEN_METEO_ADRIATIC,virtual_latest.csv,ERA5_or_OpenMeteo_reanalysis,OpenMeteo_forecast_and_marine,True,False,True,True,,Virtual Adriatic coordinate; not a physical observing station.
SEA::VIRT_ADR_X01,Virtual - ADR X01,45.45,13.35,virtual_sea,OPEN_METEO_ADRIATIC,virtual_latest.csv,ERA5_or_OpenMeteo_reanalysis,OpenMeteo_forecast_and_marine,True,False,True,True,,Virtual Adriatic coordinate; not a physical observing station.
SEA::VIRT_ADR_N01,Virtual - ADR N01,45.5,13.2,virtual_sea,OPEN_METEO_ADRIATIC,virtual_latest.csv,ERA5_or_OpenMeteo_reanalysis,OpenMeteo_forecast_and_marine,True,False,True,True,,Virtual Adriatic coordinate; not a physical observing station.
